sequence_id,label,day_night,first_frame_brightness_score
003b62820d0e9345eb025de35b046999,straight,day,0.5952988862991333
0042b483892db48907e04dbf69a049f6,left-turn,day,0.6018630862236023
007083e22896d1fc775a6107ccd0b73e,left-turn,day,0.6925520300865173
00a858a5e34819152ec72183524388c8,straight,day,0.9000556468963623
00f20fd34a1ffd4ced354f04eea88494,straight,night,0.036946851760149
014d03dc9441ee1e2a5d06f9c187792b,right-turn,day,0.5581395030021667
0193495a4e5ac512b09165d574247a20,lane-change-right,day,0.8850984573364258
01a189e62a7f78c2e7ba9d7355ea0ed9,lane-change-right,day,0.6433231830596924
01b9b90b0f7980a89e552db1796366db,straight,day,0.7617250680923462
01ea7ffe053360e23299f200ae571a2b,straight,day,0.6644492149353027
0264986e2919bc76c11438b12d0c5c58,straight,night,0.040490709245204926
0271d4de361e98d810da73f755daa4e0,straight,day,0.5379441380500793
02a177b78e01f1b4addacfaaba40287e,straight,night,0.09739387780427933
02c97dc5bf4ec64f0a8a17d3c48a37d0,lane-change-left,day,0.8456538915634155
02e3dbba13732a15943f108b8de3634c,lane-change-left,day,0.6665085554122925
02f54c9ba4400eb41bc4602dbc2264d6,left-turn,day,0.7271369099617004
032e50866c794f199c62aa9ee17de3c6,right-turn,day,0.8651641607284546
03331cbc7ddbf767dc2fd374c2cc0684,straight,day,0.9435229897499084
033e2967abfcd856bd82115ce8a078f7,lane-change-left,night,0.06358547508716583
034fe280e4774e0c21db77baabf46a4f,straight,day,0.9131749868392944
035a06187f561af78bda972fa8a85337,lane-change-left,night,0.03906121477484703
037df340bf4b650fbb2cc036f9cab8be,lane-change-left,day,0.6856227517127991
0387cf79ac0e52893c1c44c0c9f54beb,lane-change-left,day,0.45980173349380493
03a45b0b1b4fa93d39c16dff004065f3,left-turn,day,0.6863002181053162
03aa16b749340a29daf2564e772eec4a,straight,day,0.8756838440895081
03f7598e2e2d974de3031dab52643c36,right-turn,night,0.11431565135717392
041c7207146c48031321b50a0308a469,right-turn,day,0.7680808901786804
047ac5eb5a49120be3f5ef8f41a840ad,left-turn,day,0.6416415572166443
0490105184974595c9190e853f0c93f2,left-turn,day,0.8492457866668701
051438138504de2b3f7a5e00c82d1d93,straight,day,0.6653620004653931
051b4464459ec44e35fe60785ee16a85,straight,day,0.6449216604232788
051ce5c30a4149e2e888f391cd01a211,straight,day,0.49013087153434753
052646693411c39c146d51b5cb35de04,straight,day,0.9225307703018188
053167f81996a833d06a5ff6973def32,straight,day,0.5145505666732788
0567a6190c726625fb02b1ee4379af38,lane-change-right,night,0.048631273210048676
0571eedb322b56343559983c6837c928,lane-change-right,day,0.6331062316894531
0573fd7234396291f2218b58551973a8,straight,day,0.6321658492088318
05880d1cc5c996ae371bd53bb8a941c3,right-turn,day,0.8977043628692627
0599203ec8bf2f8d74924f6202673add,left-turn,day,0.6429838538169861
05a8f67d0b1d83191ca7334cbed19e66,right-turn,night,0.11796645075082779
05bbca2efe4f891f6302a06312c59196,straight,night,0.040855567902326584
05c8e9f423c12a6c2d49ec46f042abd9,lane-change-left,night,0.08712048828601837
05d15eac0d51c16c8eb6bf43c23c705e,straight,night,0.09342621266841888
060668285a1bf0842660932dfbc7b135,lane-change-right,day,0.5664954781532288
063ad136f168a4e7f34c9210250612e7,straight,day,0.7177866101264954
066358b1dd3cfe763a7f71fb805833f8,straight,day,0.9367371201515198
068cc278d6233a3dc18967eac693015c,right-turn,day,0.7233219146728516
06a7410008b8aac7b106df7252a983f0,straight,day,0.5018145442008972
06df79aee12a29cd02a8bafe1e1e06eb,straight,day,0.6431979537010193
06e105fe87768f913f1b3e9bda2895bc,straight,day,0.4948037266731262
06f8dc6ed52ddeba0ee8a6811924dcb6,straight,day,0.5475522875785828
072ae5a4543eee1ed73e95bc93d8c243,right-turn,day,0.9333639144897461
0740a98ecd0fd75192ae56d8c86913da,straight,day,0.8551114201545715
07536cb8f2c94b945b140531dfab6660,straight,day,0.4454438388347626
0766fe2271f1c36b2a8d73885c913731,right-turn,day,0.7272142767906189
078c12fa97e918d53e39a2b482ea3454,straight,night,0.04246808588504791
078d73a8fff0d0e573dab5c0d27b2aed,lane-change-left,day,0.6324853897094727
07ad36e096511357c816e555ce8cd6aa,right-turn,day,0.7243115305900574
07e88a49162f5d90210bd0dc59c1eb70,straight,night,0.15804722905158997
08356abe36fdacc7c6402c18b633f886,lane-change-left,day,0.6915570497512817
0853fafd01f5f063eacc2a41491cab9f,left-turn,night,0.041893474757671356
0856a3f1d05e3aa70d8284d5c67d5f03,right-turn,day,0.6172839999198914
08720a9a33dba798129d79b0762e1206,straight,day,0.6183345317840576
0886462cb259dd955aaa3e123c2516b5,lane-change-right,day,0.6286622285842896
088b7a041cb2ca337d01497815e62813,straight,day,0.7563401460647583
08a0e63da36bd3fade24514337eca65c,straight,night,0.04443046823143959
08afa1b77e9acb1bec522a086d54310c,lane-change-right,night,0.05481560528278351
08c8449ce47849cfe13f5e6f2bbb7ae5,lane-change-right,night,0.06867560744285583
08e117dde1161b59e021d9a7f6d182e4,right-turn,day,0.569929301738739
090bf2849b24bba653d15629e89557d1,straight,night,0.030606821179389954
09459557d8b2cbcf65607f171cb58541,right-turn,day,0.7426309585571289
098b425586b45f255163e72284636aac,left-turn,day,0.6123568415641785
099d23d258b298bb20e46a12dd21d7d3,straight,day,0.7262434363365173
09a0015da9bb65d3a40ae5e0f01fc210,straight,day,0.7164018750190735
09a94ac4ad95bdc5a454cf9d8422c08f,straight,day,0.7662951946258545
09b9e2833486794e620627fe91430157,left-turn,day,0.9599609971046448
09c15e52bcfb74a01a21e746c4b8125d,straight,day,0.7647331357002258
09ce381ac908ffaaf48fb1447a9f6c32,straight,day,0.6445044279098511
09eb40901297db2745c2837e99a8f46d,lane-change-right,night,0.07264768332242966
0a180b3d6dd4512c4e661844428ba2a2,straight,night,0.07445992529392242
0a1934340d114e3b393d61f5d519edab,lane-change-right,day,0.6866852641105652
0a1d91e45dc14f2d5e5f8492d62bfbec,lane-change-left,day,0.808523416519165
0a34a6c5210e3349c7b0c2564157826c,right-turn,day,0.6638290882110596
0a74c27cf4e33634ee32825639fd4a83,lane-change-left,day,0.6091712713241577
0abbef08380d04c0a07e89ed3c132cd0,straight,night,0.033683791756629944
0b09b98fd05ef06fd26d638d017a643f,left-turn,night,0.041796401143074036
0b20898674e947547e253872f2a633d4,right-turn,night,0.09762385487556458
0b2a5e3955c976230320ea4802a316f0,right-turn,day,0.8283752799034119
0b332b2cd3f8e82327d98aa7c9a04c5e,straight,day,0.594279408454895
0b5f55be89855c7caa9ce2e54fdfcda7,left-turn,night,0.09883342683315277
0b7df2d8edc6d5b92eb1d2cbf38c04a2,lane-change-left,day,0.6574903130531311
0b8097d37ac2cc7a832e2978f431f843,straight,day,0.5125354528427124
0b860fa8c13bc787e68cc44765b8064b,left-turn,day,0.7919848561286926
0baab512943ef37ae2904b8c31d6b1d6,right-turn,day,0.6099147200584412
0bd5fa653c6a1443f3a6efe08412506e,straight,night,0.047632358968257904
0bdcc1da851d8d3741b7c20b60e7e6c6,right-turn,day,0.5323383212089539
0bdf3d5fb2d9d813c8e8ea93efca1fb8,lane-change-right,night,0.053481727838516235
0bec10cd3bb1618595b13440948602ad,lane-change-right,day,0.8348329663276672
0bffa59f2a5d4141f6ea1a34d4bd029e,straight,day,0.6517940759658813
0c48b1491f151d6460b4e565a7e3deef,lane-change-left,day,0.5893813371658325
0c7a4d13870e35461a22112db12d425b,left-turn,day,0.7554490566253662
0ca277981df684ccbd640b318348ad9e,straight,night,0.15217140316963196
0ccbcc47f5d0920f6918be5b7148e05c,straight,day,0.829335629940033
0cd0152d77c319639de4da3d6ffd3ab5,lane-change-right,day,0.6582270264625549
0cfd11bbd1e1e85c0962e7dc1e7c307c,straight,night,0.07048942893743515
0d070f368c421acfe849400e7fb15038,left-turn,day,0.9719668030738831
0d181081817683e5b95c9dc08ad8b064,straight,day,0.4028654396533966
0d2c9f2db36834c3574331cf181f7d76,straight,night,0.035146456211805344
0d3c12a8a1ab7c29cfe9ddffcfe28551,right-turn,day,0.7223050594329834
0d44fab3771e008b72f02651159a657f,right-turn,day,0.6460240483283997
0d5eddcaf8f134705cd2edf027af239b,right-turn,day,0.6369995474815369
0d9d56782714f2a3f411a79a69631d32,right-turn,day,0.4805244505405426
0db6f57c4c0a0592d2ba7616cc177acd,left-turn,day,0.625216007232666
0de6fc5f7806174865415b024ff53dee,right-turn,day,0.649715781211853
0debfe98b7d0c1bf95e1da39245fa525,straight,day,0.8463926911354065
0df79613c3e4e81b6f5fa566f32b5c24,right-turn,night,0.054451748728752136
0e131aa012965758190cf4ffb7f55203,straight,day,0.9212926030158997
0e2370d987dc17db08d20392ba179388,straight,day,0.6689795255661011
0e56ffb2ad3a3487d294e2eac09ade11,lane-change-left,night,0.04398882016539574
0e69043c6d9a6ae5570362335af687b1,straight,night,0.04358242452144623
0e705b208e3a6c0f0be042f89fc071d9,straight,day,0.7489967346191406
0ea1fd5ec542ce5d980796ad13a769c7,left-turn,day,0.8656553030014038
0ea2bf041f84948fe577815f8c67bc55,straight,night,0.050073329359292984
0eaf6f08eb7b83df35994a057433b60f,straight,night,0.07035797089338303
0ec2897349e43bc659c6b0f8c2203c0e,left-turn,day,0.42291459441185
0eceeb4ab56cad84d824c1d7ac962990,straight,day,0.7976900935173035
0ecf80a1ddbc850ee1c32bfcbb503c4c,lane-change-left,night,0.05432761460542679
0f39287c13adc2fd42f0d7af398ac253,left-turn,night,0.05738421157002449
0f436a589699c767c63efc6f993fcefa,straight,night,0.04382608085870743
0f4659cb60eb67782862440c2009806c,right-turn,night,0.23444129526615143
0f6bdce16941d76efd0e722f27be84d4,left-turn,night,0.03877078741788864
0f781b40dbfa470c4de513fdff575386,straight,day,0.7331836223602295
0fa02d086dfd52bffdb1d854fe1a110c,straight,night,0.06814916431903839
0faa4a35951b9d9a544c43982763a273,straight,day,0.7394919991493225
0fc3877ee1ae9fdc68b149700bddfb3f,right-turn,night,0.0361039899289608
0fdba2bcc19c78417afbeecfd950bccc,right-turn,day,0.6240288615226746
0fe905bcab227d1939f372e1d0badd4e,left-turn,day,0.7432141900062561
0ff2a0b677059090b41b8339292c4c3c,straight,day,0.48297879099845886
0ff9ae47296712107b1d9d70ea1ca5be,right-turn,day,0.7785810828208923
100319677a54bfbac8b95afecfa306eb,straight,day,0.8353172540664673
1007ae340e2f4f70f7b769a24e27a51d,straight,day,0.8363692164421082
1009cba2a5cbd1c5ba50a205588df404,lane-change-left,night,0.054012611508369446
100e52a4dd9d375e62d116271bcba077,straight,night,0.07199455052614212
101037a906ebe1e66490c97543462813,straight,day,0.5101175308227539
10216a7573b320c7479ecbedd9bddc85,straight,day,0.6101603507995605
103dc9084754b71ee5fd40168f1fe289,left-turn,night,0.049636535346508026
1047dcd462a066534ea1f0745071c5f3,straight,day,0.7359161972999573
10504facdf6447c5560d27f938640e62,lane-change-left,day,0.523476779460907
106fda6d47094ecfb3572a165103e58f,lane-change-left,night,0.04962041974067688
10ed6676b902da9c0463f0e6a299ab6e,straight,day,0.7544589042663574
10fa32ccd61d791a8bd8b33fcae2189c,right-turn,day,0.8034818172454834
1197093242c6d610cc8349db6fcad5ab,straight,day,0.47444894909858704
12164eac3d4d7f4e5b189b40275bdb4c,lane-change-right,night,0.07917194813489914
122caf776cc84da9212da9adec268a81,left-turn,day,0.6607740521430969
12340aa2af048e9ad8e080dc1ba6ed16,right-turn,night,0.03051098808646202
12663770f0360a2c0eb58225aea2d508,straight,night,0.045043427497148514
12b43975d5ee9b414e1d9f42eb4853ae,right-turn,night,0.05549759417772293
12fa8358106a226910cc181bbdd6527e,right-turn,night,0.13788442313671112
133bcb0e21bff4b1eadc6ac6f9a1a2d0,lane-change-left,day,0.740386962890625
1377e90d8f93471565f05275c2977bce,left-turn,day,0.69867342710495
138efd1466bd62f96844133e6036d252,straight,day,0.6912041902542114
13a5527455f4e4a6bf8850188a5fac35,lane-change-left,day,0.8672001957893372
13f333c93516c300ba595f8b1f0c6cde,left-turn,day,0.5424840450286865
143a2137dcdd1321600ca7e53515e17c,straight,day,0.8202716708183289
146e7868f8cbeb04642fb2ddae19d5cd,left-turn,night,0.04637790471315384
148023fc437f474120fae06b1e35d6d6,right-turn,day,0.5199874639511108
14c7e1fff8a921e9afb6fb37ca523aac,left-turn,day,0.6313838958740234
14d0a131a3a763bf8427d8da1a3be99b,straight,day,0.6075026988983154
14f0bc6e5e44d533062cb530a04c359a,lane-change-left,day,0.9349303841590881
1524c4e9c5042381c5c9b5f57f5168bc,right-turn,night,0.05000333860516548
1526ef0170494ac205fa6c1444f4a007,straight,day,0.6905667781829834
1547f51d1ae311e2950ab0419b7c44e0,left-turn,day,0.8224243521690369
15705ac06ef6d08d9e7a3ed96eba845b,straight,day,0.47191834449768066
1598bb20a14310904c47a379f7d8e31f,straight,day,0.5598539113998413
15fbc8d29c7874eceef3710d8da455a1,straight,day,0.7853987216949463
160b07ad7af32d3388baf4a0ba405937,lane-change-right,day,0.7380630373954773
1694ed7e928a65c946477c15ef08caab,straight,day,0.5244922637939453
16b4eef5d7a47892e2342e6a83f5929f,lane-change-right,day,0.6942586302757263
174e64be320017d1895f82391434dce1,right-turn,day,0.8878946304321289
1757fd3eb6af59906669f8bcba13504c,straight,day,0.8192098736763
175efb9dc564dc20b677dc20eb4eab57,left-turn,day,0.6008647084236145
1761505e0c51287b3bac1d8b88a34a0c,lane-change-right,night,0.04104628413915634
1778eaef28ee315648f99c9bd57f335f,lane-change-left,night,0.04329385980963707
17f7af7110c6b393b4f477b4591beaaa,left-turn,day,0.7360345721244812
1804ae265b7401e75becf5d2a8ba00de,left-turn,night,0.04061831533908844
1812536b3fda9a8a8ab7f6e8fb1c7fda,lane-change-left,day,0.8216214776039124
18c0ae126c6652d0ba9e03dbc2043046,straight,night,0.14278404414653778
18cd65b815d003889eb9598270825d9e,lane-change-right,night,0.04317802935838699
1902b2eddb83a40e264d3c72d2ee5861,straight,day,0.7757939696311951
19053d854e5b90120e2817f43b50ac6d,straight,day,0.6482480764389038
191ed6f62a0f4d1c23107f8f4939f153,straight,day,0.49678778648376465
196e71cfec9ae702734c7fda930e7900,right-turn,day,0.7722578644752502
1970cd837e32cfe066096766ad569cf1,straight,day,0.5009098052978516
198ad837b966ee6aa94040711775ce5d,right-turn,night,0.07510854303836823
19ab09823c6199e240dc0b8a0d9e77e6,straight,day,0.6367961168289185
19c5b969e3642e154aba49123647fbcd,lane-change-right,day,0.7364128828048706
1a0d9acd38dca8acd1b70f89a61bd2c5,right-turn,day,0.7855319380760193
1a7fc894c7a149d01cc35f977c8c2f15,straight,day,0.6432157158851624
1a83990d75dfae47d52f0dfb029ac7ed,straight,day,0.7234255075454712
1ab9a2ce575019750c83ea71a7124f78,left-turn,day,0.8595517873764038
1ad9342e6b49313e3985a28a0e642756,lane-change-right,night,0.15812948346138
1b1cab624824b4192fb2e660b711c0b3,straight,day,0.7052589654922485
1b29aff02fa8db7837650e6b38358e13,lane-change-right,day,0.6896228194236755
1b633bce0a073f7dcb362c26285ee3e0,left-turn,day,0.5608506798744202
1bd1ad820a990c950cef9aaf2f68c843,right-turn,day,0.5555026531219482
1bd3594ddcb2811c355c00db569327f8,right-turn,day,0.6281997561454773
1c39c319d36a7033ad4ed58706c525a9,straight,day,0.5974134206771851
1c3d50949247baa54eae139fdddb9c53,straight,day,0.6914171576499939
1c494b573583a053542f4c238c3b11a1,lane-change-right,day,0.5891193747520447
1c5cfc499913e9d56319442eec1a5233,right-turn,day,0.6153296232223511
1c5fb2c33eab29d9f262ab6a85e9caa2,straight,day,0.9410170316696167
1c75a0843c4e17549d300985ca5c2d58,lane-change-left,day,0.5562824606895447
1c78fa0e898230edb35e8d32eddf0b5b,left-turn,day,0.8793283104896545
1c80c8afdcdd472b6ca11bc44f0f370c,straight,day,0.7829621434211731
1c986a4862f9bf107730d5637e178f84,straight,day,0.7711732983589172
1cb97f09982ee9a98cbb7755d917d71c,lane-change-left,night,0.05002439022064209
1cc0640e7c09665c196b5ba05ecdba6e,lane-change-left,day,0.7920966148376465
1cedf70d27f8efaa2881587849d7134a,left-turn,night,0.061153680086135864
1cfa05b3a650cb7d9ac39219d7df121d,straight,day,0.786087155342102
1d07df2803619c286b72b65039cef95d,lane-change-left,day,0.8607906103134155
1d3625f54dfa3fd2b5ca90718dce0500,right-turn,day,0.8358328938484192
1d3ef1b55232db82707cac69547c65ff,straight,day,0.6805488467216492
1d732e8e41368d7dcf7daf5d8e8db245,left-turn,night,0.09885743260383606
1d75e15fc832adc6270dfbbe4b29f24b,left-turn,day,0.7220261096954346
1d7c0f5b0a95b13950c8c9e66cd3f546,right-turn,day,0.9151303768157959
1d8e71407010d3766aa09112e4f8641b,left-turn,day,0.5602089166641235
1dc0dd10757270c34b550f09a383c5f4,lane-change-left,day,0.6955122947692871
1dc6cd2a5c5e8e6571525fa142887b75,straight,night,0.03047756850719452
1e01239e26ca34d4c0ba03610ccaf239,right-turn,day,0.9625993371009827
1e1643a9949f9a01bda8857b332284c2,lane-change-right,day,0.67927485704422
1e202a92836b0fb03d52a424af821142,left-turn,day,0.9915430545806885
1e3013f651dd1f10c92e061153c56f29,right-turn,day,0.701033353805542
1e5add3bbbc958089e3dc733978eb900,straight,night,0.05352361500263214
1e6e79f716fa15cabf683caa5ee4e9cf,lane-change-left,day,0.7801365852355957
1e6ec4bc4ada213c5993bd94b37a75c3,straight,day,0.5726365447044373
1e92a0d8ed3c16d6f18b2ae168804ea2,left-turn,day,0.5798590779304504
1ef64de69cd77d33bb1a394ac1a8856c,straight,day,0.8506786227226257
1f0a3239a30e49f83c8c984fcd27a733,left-turn,night,0.03894568607211113
1f3f1dfb3fd6cb2bb2b26a7b2b7ea347,left-turn,day,0.8286809325218201
1f734e64cd6d2dd72a8ff9690b63778b,right-turn,day,0.6149365305900574
1f7f4068cc7ffb9669474e41d1d95131,lane-change-right,day,0.8499374985694885
1f8ab676f3dbc2fc091d8534e59c8a53,right-turn,night,0.03401202708482742
1f9b7592919fd6f3c8c420c713b063c8,straight,day,0.8001379370689392
1fc2862de678ec89fa7f9b3ce1e5451b,straight,day,0.5408766269683838
1fd95cde80bbc8f313fd2016e6cbf38b,straight,night,0.03327318653464317
1fed79ef71913bf478caf28ba1251b07,straight,day,0.7868059277534485
202351a6d1b75b1d29882b3df1dc9e70,straight,day,0.6517269611358643
203edf7e1f4a845dba5e094283bc619c,right-turn,day,0.6176584362983704
2043417c3c6d05961f7aac8e886fe8ef,left-turn,day,0.7069279551506042
204b70da5bbc95d494143096c2cde598,lane-change-right,night,0.25078079104423523
2052ea465cf9717bd1bb97b2f03c6e3c,straight,day,0.6417529582977295
207e3be24f885e0cce1ec7ab5a143fda,straight,day,0.7559340000152588
209bab47770806622b4928107487fbc3,right-turn,night,0.08085915446281433
20b9eb9f36d6d6f4764e0b8bc5488909,right-turn,day,0.9037209153175354
20d3de4bb2bf30448705aea8a8cf0c46,right-turn,day,0.6735680103302002
20d9de1f612c91da0bd76a6ba7365940,lane-change-left,day,0.841022253036499
20f42f93e826b5645764f5c93a9745ac,straight,day,0.8507405519485474
20f86382c5432ee86370975279e0a635,lane-change-left,day,0.6323306560516357
20fb34b93a9451782c8ebcb043444a36,left-turn,night,0.039531461894512177
211d8a56f423918c49b838a544050064,straight,night,0.05875558778643608
214541b5720cc9ff0efb4b6b4b87ce1e,straight,day,0.5875658988952637
2154e6dd04c45ea04ecf9e166860c704,lane-change-right,night,0.15407852828502655
2172e29e7d46d8281562f33376b2171a,right-turn,day,0.8790562748908997
21ac31137e2913f0228b9b6beca337e2,right-turn,day,0.8779072165489197
21d1601bc523e911999b2e887df93966,straight,night,0.03942831605672836
21df436af6acd0732d4f58c6b7c76c05,straight,night,0.03998645395040512
21e0de9774e19d372b87c5479a1f5019,right-turn,day,0.6271383166313171
21ea350a1c7627681357d34fdf1fa74f,left-turn,day,0.7782816886901855
22040b1b7ac11f8bc24ad03bbda6d394,left-turn,night,0.12869669497013092
220519d9def0935f6c3e4c467f97f424,lane-change-right,day,0.6811172962188721
2206bbf7ef0fb79b11fca43b2d3d139c,right-turn,night,0.03987709432840347
2216d416593c88d7126fc511bd340f45,left-turn,day,0.80849689245224
22489222a75a5d9babceadcd5209f9fa,right-turn,night,0.03644764423370361
2267328650d42a2ad8ed7fb162512c15,left-turn,day,0.7555010914802551
2271bd89022361baae188614d7c98d21,lane-change-left,day,0.9011914134025574
22885eedb416430463d358cb6af67f02,lane-change-left,day,0.84418785572052
2299640ad1404420aae953c4a4473946,straight,night,0.030825117602944374
22f8068e5d8350f9852ac1e637e41c09,left-turn,night,0.06272151321172714
2309be55d6d08e8d7ee28b702dcb2050,left-turn,day,0.6801491975784302
2310c70858fbfedec4e126e1ac06f4b6,straight,day,0.7548995614051819
23144ff88cc96b7622b5f47ed542b51c,straight,night,0.04591263085603714
231ed0d2293cca0fff8fa17bf6024e88,lane-change-left,day,0.8542708158493042
2346c426dda7893ca2973ca49a126bb3,lane-change-right,night,0.048729248344898224
2357fa0df9e84b61a1fbe8e6c80efee9,straight,night,0.11761199682950974
236c2807178ac2c97b32b8a7c3a82f3a,left-turn,day,0.7873197793960571
237823c728e1c321a5579e8ca770d6fb,right-turn,day,0.6644284129142761
2381518f9fb9172740ca489fca44761e,straight,night,0.06167728826403618
23b11b2f984db5917006696416634adf,left-turn,night,0.05522790551185608
23f709721e947abbce80b1f972ae2e34,right-turn,night,0.13993261754512787
2453fa3b055c1fe5b06555e1efb66afa,straight,night,0.06795798987150192
2477ae9cb3381dca2828b3aa9fb74e7a,left-turn,day,0.5833621025085449
248dd549a29a7e3bde91b4a95d0db0b4,right-turn,day,0.7700737118721008
24d0ec2dd208afe6cba23c30c4939c20,lane-change-right,day,0.8465543985366821
24ec0f65eb9621e7b72bc96bedac4176,lane-change-right,day,0.9440609812736511
25247b4f76114340220f0152999e1beb,straight,day,0.8589354157447815
259811fdb7f77fde856981c665e0b17c,left-turn,day,0.7118405103683472
259c6bd1af780891fe7655e69617b81a,straight,night,0.04811940714716911
25a99370eafcc664fb95f0707dfe88bb,lane-change-right,night,0.040777791291475296
25d0331c09ff4d9c0e5a44030406910a,lane-change-right,day,0.5656800866127014
2621ae1e40eae7e331aa3aa4cc647ca3,lane-change-right,day,0.6141790747642517
2640f9488737de42bd020ffa712c4e56,left-turn,day,0.558310329914093
269c1f34e1a6c83a80e0f85244b31656,straight,day,0.656165599822998
26a4a9500ca60380340fe1580b40198a,right-turn,day,0.8323776721954346
26a537f685e2e6ab411c855043991b3d,straight,day,0.6929840445518494
26b1e4113bae6cc8efdb414d347d7c51,right-turn,night,0.11816463619470596
26b533b56f48d9c17b8c9e5977ae0336,straight,night,0.09906481206417084
26c27b746c3ee0d1a76e04f8138fea3e,right-turn,day,0.6232821941375732
26d851f81f71db1975fe91ee303b3e2f,left-turn,day,0.8253376483917236
26f3528e7e5e9500515f45fd32bde670,straight,night,0.04359574243426323
271066d75dc73da3280e37021aa61fb9,left-turn,night,0.0336403027176857
2738dbf13830026f883946e16a04338f,straight,day,0.9501267075538635
274b8d3f06830d13f84d2f2b4e276f42,straight,day,0.6172823309898376
276512cd80c65fed48986b6a892b672e,left-turn,day,0.6989493370056152
2766004f867c306d95eac05d9b70fefb,straight,day,0.6928139328956604
27729c149f08557d0bee5443ecf91e54,left-turn,day,0.8157618045806885
27c2641b6ae8209b1e6d40bd23e61d5e,right-turn,night,0.05326536297798157
2807b24fc6d3a792ae32f4590ae09698,right-turn,day,0.9014217853546143
281ab886459d1ea27915347cdccc3192,left-turn,night,0.06283250451087952
282f018e914e96fa3336d75ef304b750,straight,day,0.7529653906822205
28db9cd6c222b1e25fc4665d41bb01ee,left-turn,day,0.9436699748039246
28e5ed641cf8cedb115607af063c0bae,straight,day,0.7596377730369568
28e799231b9458c962ef805ec5626dde,right-turn,night,0.04870443418622017
2919bc133b16ce87d6899fc351feb8fa,straight,night,0.04003379866480827
29595e6da9c295852ce15eaee787fb9a,straight,day,0.8406558036804199
29769d067532845c707ff78a86f55d13,straight,night,0.04222413897514343
2977e07f20cd30de8a2359a5ace8cfd8,straight,day,0.6759178042411804
29b5ee33fef6239e703a27e765a92d8a,lane-change-left,day,0.7208845615386963
29db47fb69617c02d44f2b858151cd09,straight,day,0.8231818675994873
29e71576e5a836b014807ca3b071860e,straight,day,0.7661078572273254
2a0c07c15a1e83b4851fc3c9359797bf,lane-change-left,night,0.035413358360528946
2a0fd82f0b561ea9f4177a6719df11e6,lane-change-right,night,0.03220736235380173
2a3a47579431312cec081bb1fc0f03b3,left-turn,night,0.048626672476530075
2a4a7b4003ae7bbf94a96eb561e7ead8,right-turn,night,0.03165380656719208
2a5310a767721eb2e05e074cf03ec77e,straight,day,0.4241185486316681
2ab86eec6b8ffac329baa5f0077e396e,right-turn,day,0.7224898934364319
2ad9c461939968b8732f6666dd15b927,lane-change-left,day,0.6811800599098206
2b2d91fe63810138d0f595e47c43de9a,lane-change-left,day,0.7013813853263855
2b492f2f2e75da8551d2ea1c6dcfee16,lane-change-left,day,0.4950152337551117
2b75e328cf24ada5df567344b03b346a,lane-change-left,day,0.9021432995796204
2b8dba354d1de74eea717baf3f7ab8f5,lane-change-left,night,0.06565727293491364
2b9682854a8be54819ec219c4091cea9,right-turn,day,0.735469400882721
2ba01032ca35dfbf69f80a2b07d13910,right-turn,night,0.03073005937039852
2bac7d1320ed2a3af74f3f2febe5e310,straight,day,0.7225214838981628
2bcd5e8b34840d58625026bca0e3b1fc,straight,day,0.9425583481788635
2bd56ad18f3aa9e1c12d0637c5841b78,straight,day,0.7197162508964539
2be138e5e95d41d3b28503df943ad05f,straight,day,0.5471867918968201
2be37a03c653b55bf6db7e0701313015,straight,night,0.14139600098133087
2c0ce31b65b6f0a892fcdf9f7b4d243c,lane-change-left,day,0.7321813702583313
2c7b8af36bf729f5ba07b726ccd39d3f,right-turn,night,0.05346313491463661
2c85fffb4f6aa61fc407b08fac1d5f23,lane-change-left,day,0.9250075221061707
2ce17b90ec5e16ae7345859eb8f9961d,lane-change-right,night,0.034604936838150024
2d4034896aba1834da92d93e3ab4ad3c,lane-change-right,day,0.8167352080345154
2d87ecfaa58c09cc9a101a8a75f67cc4,right-turn,day,0.6537402272224426
2dbc566c1eac3d661b78f299a9c5727b,left-turn,night,0.06725120544433594
2dc3094a97874c342deb2ee0dd7878cb,left-turn,day,0.7703529596328735
2dd7194b1086369b60bd803be3a5e218,straight,day,0.6515300869941711
2dd7d6b93ef3612d3d46330046cba31b,lane-change-right,night,0.044870369136333466
2deffdfaab6ed7ae05d186341c3306b8,lane-change-right,day,0.4962306618690491
2df2b6f1723718028d41345a9aed4ca4,straight,day,0.6274896264076233
2e6afee0ca92865fb6c62a70ebb9b585,straight,night,0.045657869428396225
2e85208e9450e97ffc7ef71879691295,straight,night,0.07729130238294601
2e8e82bb03417bb953b44e1e345447a5,left-turn,day,0.5876132249832153
2e9a8a05bbe6ef1e53fc140d875c0500,straight,day,0.7627841234207153
2e9c18b832f91f2cc04e6856cb664d1c,right-turn,night,0.07030937820672989
2eaeb71750209bd465b300c6b9d6f4c7,right-turn,night,0.033200692385435104
2eb33d56475b01c9bb9c8dc640009f1a,straight,day,0.8484765291213989
2f3a8f019bbb8b48e8e46c6f7bcca3fd,right-turn,day,0.7857086658477783
2f4fbf5d5b06636a6ed5ccd994bd6158,straight,day,0.8736927509307861
2fc69fa104c27722f4062b28cd144011,right-turn,day,0.8439444303512573
2fc83038cb02199f1e530808f50e3862,straight,night,0.13671201467514038
2ffb582fe772ccb7539a7801ad3034e2,left-turn,day,0.5483583807945251
2ffdaffdc16df1c77bc976008fa4066d,straight,day,0.7172116637229919
3008b6b2f152199adc395781e1709c4f,lane-change-right,day,0.6994194984436035
3008bcb2457bb5625988469c49e5cbef,right-turn,day,0.6413535475730896
30465d51196f9f8020f3b01ada513e4f,right-turn,night,0.0314883254468441
309b4ac4e68b970e4aa1eb009b9ead80,right-turn,night,0.05293824523687363
30a225c600d51a26b13f56c1ee2ec140,straight,day,0.8233553171157837
30b4531ddf40e82433a4261725d2498a,right-turn,day,0.5950875878334045
30b520883604c1a3433c263d90f66637,lane-change-left,night,0.07855476438999176
3107aeb92c9f24ba3aa16162a9cf3a39,straight,day,0.8929490447044373
3118acbc7bdf5b5c67571fdd0f07e35b,left-turn,night,0.04261450842022896
3129a76a0ea8a71a604f25c27f89db39,left-turn,day,0.5264838337898254
3158a007c7369bd8306176cd7fbdaeb5,straight,night,0.041075944900512695
31748d2e68a72a016cd61a2993520209,lane-change-right,day,0.6679475903511047
317e35f40b517974452fd174df950a0c,right-turn,night,0.07098698616027832
31c67fe6e783d2fbe2b22a8e21f21fa8,straight,night,0.07513844221830368
31e0af8457037bb49790428f9b088f8c,straight,night,0.03454289585351944
31ead8a9dd905ab2f3b836e8a4accf89,straight,day,0.7255880832672119
31f7b999608bfbe741b736a6bd8f0a66,straight,day,0.9719334244728088
320983c5491ac1df6ee938601bf3f769,left-turn,night,0.07984622567892075
321c5b42f96755fdfa204330b443697c,lane-change-left,day,0.4590207040309906
322e6ff5a529b28488ea3a146913fbfb,lane-change-right,day,0.5943728089332581
322f9f40264b2e90e2745eb1f2de039f,right-turn,day,0.6583957672119141
3234e63425994d2ec05fcacd6d7df5e3,straight,day,0.569463312625885
32499a10e22784d89031d1dc387ef86e,lane-change-right,day,0.8088462948799133
324a1e8ed718b9a3034ab6adfb536151,right-turn,day,0.8290273547172546
32726e9a1c60b9c89967c8d1711d5ea3,left-turn,day,0.6557928919792175
32749a4129c9a35856fbe9270a1f07c8,lane-change-left,day,0.808704674243927
328ed314bdaee3b398e88c97a55c7172,straight,night,0.07946466654539108
329d6bdb1a3d9b6d0f963ef3918036f7,lane-change-right,night,0.05140775442123413
32d77fcf792a205991979e7ee888df74,straight,day,0.5107578635215759
32dc70f74081007a59dcc623cb29a7fc,right-turn,day,0.6460239887237549
33082709eb027227a35b30f4190e0e0f,straight,night,0.04156184196472168
331f556a23df09444499b03435dcf752,straight,day,0.7014802694320679
333caea9cb875b610469a90e9c07d62f,straight,day,0.8099075555801392
3353933bf837d334f33afcb50ffcef25,lane-change-left,night,0.0347633957862854
33797568ffc4878e672a9249e26b8c8a,lane-change-left,day,0.567943274974823
3389c72c9c7f5ccfa28d3a50c63e1715,straight,day,0.8236963152885437
33a1c9ee348f40c2a68dc5869b03e586,straight,day,0.8698090314865112
33c39f3df0761a8a276b89a785fc30b5,lane-change-left,day,0.612406849861145
33c55f87118b98fb5b0ab415545ebb72,straight,day,0.9210219979286194
33cb131776b793df008547c58018213c,lane-change-right,day,0.7028800249099731
33ffcfb0ff24eefeb4471e4d60bd673c,straight,night,0.29849773645401
340130c8f321505edcfe22e9bd03b530,straight,night,0.0749974399805069
3452a52bc1cfb7e2e27049dca043a2c6,straight,day,0.842258632183075
3467c79e47280ad548a440e8366c008f,lane-change-right,night,0.0652468129992485
347204fdf2fcea7da480237099bf7eb5,straight,day,0.8824345469474792
34d9ce94b37d47112f1da12f1cdc5c63,right-turn,day,0.6709385514259338
34dfe1703f153b71e3472c1b81ad9017,lane-change-left,day,0.6804448366165161
3505a601667026c7df4b21cf1852057d,right-turn,day,0.8808788657188416
3509b7c543b5040670086ae767830d78,left-turn,day,0.7978418469429016
35249c404489f298f7cba2b5448f97fa,lane-change-right,day,0.5675670504570007
354ffd59eb921c9592b2303f531c9c05,left-turn,day,0.7792099118232727
3550f1da3fe4914d15ec7aeb999fb60a,straight,day,0.6913572549819946
358fc249801507efa38509377e975e79,left-turn,day,0.8300948739051819
3595906d5579fe2e1a5aec728011630c,left-turn,day,0.4349305033683777
359c45aecf1cdad2e0217bf89eb5a5ec,left-turn,day,0.6078672409057617
35ad4a6be1fa4121d727ebce3f46d3c1,straight,day,0.9699164032936096
35ce701953e63ee12189493ff16c4449,left-turn,night,0.06871653348207474
35d0eb6f5a4f492733463df579c76c24,lane-change-right,day,0.7186410427093506
36190cc82b6b07bea577f0d4bfbc9730,left-turn,day,0.8722765445709229
362c7e74f9e4d2579f4c9fac9964ad44,straight,day,0.9439681768417358
362df24f596622e8957cbc09969ce670,straight,day,0.6897527575492859
364364876c9f91198517e5661775a2dc,right-turn,night,0.05177827551960945
3646f12d178c6b1a8a101f7fb4039af2,left-turn,day,0.8650516867637634
365f7bc85a59c58b7f3e0b6782750e7e,straight,night,0.06768322736024857
3686c070f4c6e3cb3294801cc8f7dd45,left-turn,day,0.855948269367218
368a4d767bcf1f2111baf0c553bfc827,left-turn,night,0.05157069116830826
36cbc84552200f0982d853310d68506b,left-turn,day,0.7095346450805664
374910b0b8b2c19e01f4cd895887eceb,right-turn,night,0.07087923586368561
37505ec1a87c9ea4ac3c7c42928595e8,left-turn,day,0.8335059881210327
37a2c25c4226c2a1933b86223d24be3c,straight,day,0.5266168713569641
37a594f0070a57373d913a0670dfcdc9,straight,day,0.6935369372367859
37a66bdf2dc5aaff14284f7e16294e77,lane-change-right,night,0.08890805393457413
37b6c738292a9414efa5a45290a3159f,lane-change-right,day,0.9611072540283203
37ba76345836e5566857780c1b14b006,straight,day,0.852767288684845
37c2b40d8b7866ba75a633f0d3d9c1b9,straight,day,0.6244238615036011
381fa362fd58c0e91a567c6e4434c967,lane-change-left,night,0.05029615759849548
382159359266ee90192e5a6bee87159b,lane-change-left,day,0.5157613158226013
382435cbc2681dd696589de26a9d73f7,lane-change-right,day,0.5150589942932129
385689c856ea095253c84f4eeb9dc6f5,straight,day,0.6320619583129883
3861d8961160054cd94398dec63c8b87,straight,day,0.6808504462242126
386ab3ea618efe54e7a714d4cb1c26d0,right-turn,day,0.8095168471336365
386cfd03cbdba5c7189e1e25dfd5ce46,lane-change-left,day,0.6114586591720581
387a1ca95b93735047e41f0cf2580d15,straight,day,0.6621814966201782
389d3da3535b3d3320bc004466426775,right-turn,day,0.6779111623764038
38a028785e6dc3dd4045edbcdcb81608,straight,day,0.910758912563324
38abb0d354833b6b4ba4f6078bdb617d,right-turn,day,0.6948858499526978
38be6d29114b810a9a2df2783828948b,lane-change-right,day,0.8817717432975769
38d06fbd3ccc7b1862282c0f3132affb,right-turn,day,0.9262552261352539
38e0028c52d4b6fcff383c789c7d7b3d,straight,day,0.7451971173286438
38e76851209b9a3d1e4096b24672e39a,left-turn,night,0.07271385192871094
390023c32e8bc1140d82bae15c6f4f24,left-turn,day,0.7355008721351624
3900c985fc6435224e406057f9136309,straight,day,0.725301206111908
3975f1a050ffed03c03d91278e2d4841,lane-change-right,day,0.7016529440879822
3989f525dde8a91fbc2561467e96e8a6,straight,night,0.08901932835578918
398fc14a4b1d2a00773c9b96462324e8,right-turn,night,0.06670942902565002
3991d50b91f302c55197eea33fc8bb71,left-turn,day,0.8439789414405823
39ac0a646b531ac3bc404af1b68cc2dc,straight,day,0.9823376536369324
39e7eb643751b378b7efd606453d2a0e,lane-change-left,night,0.09697486460208893
39ef34bff122f342389c05471bb9ed28,straight,day,0.6494721174240112
3a0614e01e50c8ab796043e6dd266e77,left-turn,night,0.07962700724601746
3a5443d94fedb99fcba4e75547dc8f82,left-turn,day,0.5648096203804016
3ae77e615e74eb6391a36c67a0be138f,right-turn,night,0.04756327345967293
3af2f9c169b9bd2c6029e0585815293f,left-turn,day,0.418623685836792
3b0ae1df17333ccb8dd1e9bd24825de9,right-turn,day,0.8949633836746216
3b0db7279d0e346cd3a71f5e55969ac0,left-turn,day,0.7406261563301086
3b15dfd1c9e115b79fd0c2345ad07513,left-turn,day,0.8524737358093262
3b1d078574dda711129b43de35873a5c,right-turn,day,0.6926735043525696
3b51f290af7362c445ef81211d4c2c1f,straight,day,0.6757528781890869
3b7ebdf01c9a624d679011973eeb7f49,straight,day,0.8987935185432434
3b90315089874e427e6b0599c1496fd6,lane-change-right,day,0.9633761644363403
3b9eb0840896073db845949e12e74930,straight,day,0.783741295337677
3bacedb13774056ed72d17e1f9afce98,straight,day,0.9365441203117371
3c3752934a8eaea0ebb61debf410fa75,straight,day,0.48475077748298645
3c49a2054fcbbfd8e186bbe2bdc7a2af,left-turn,night,0.052193306386470795
3c7bc646ab9da9db9219330d23d8ba9f,right-turn,night,0.04305870085954666
3c7ee39378ee66eb14ed7014221fd9f2,right-turn,day,0.7851954102516174
3cac1ce268b0f297d916677489b0b0ec,straight,day,0.773448646068573
3d0f80563e78588b65b0643875f8c18c,lane-change-left,day,0.5678327083587646
3d12536e408a8f2d349d47e5d0f45ddb,right-turn,day,0.8521695733070374
3d26da8b683472ee3002d3f27f4337e5,left-turn,day,0.7686601281166077
3d2b3bdf7d960fe93170ccf32f2d6872,lane-change-left,night,0.05587634816765785
3d5ca62d4bc3d335dec208e851d03535,straight,day,0.6155415773391724
3d5cc6aa569e826235dfc984c1079db3,left-turn,day,0.570488452911377
3d998d6cebac60243a63ecb4bf2baf2e,straight,day,0.5728324055671692
3dc25ced8a65ab9eb2f87a2c79a33017,left-turn,day,0.6690996289253235
3dc3cfe6b453120dd97c298a3e3ab421,right-turn,night,0.061816152185201645
3de0f39bee9bea1e3ace723986115455,straight,day,0.7977253198623657
3e14f2dfc6c268c2755dfc48722b0e0d,left-turn,day,0.8098996877670288
3e18c3c1714dfdb54e8aec32e04377d0,lane-change-right,day,0.5047619342803955
3e1cfb4f5b453f8f1b3ba9809216d5e0,straight,day,0.6886114478111267
3e654b6e24d6a00637a1478452ee6b3f,right-turn,day,0.9294716119766235
3e6dcebc46783f981ec87cbd2c2fda8e,right-turn,day,0.4922698438167572
3eb8d4b12eaaac3feccb36e4f6287d7f,straight,night,0.03278623893857002
3ee18b224bd294dd527d3aa0f4014fd1,straight,day,0.7710521221160889
3eec7f1c19356a3403ec40817c67248b,straight,night,0.09184415638446808
3efb1579d38812e51084594aaf867cf4,straight,day,0.7394809126853943
3f05136479bda5b363c453dc152f40d4,right-turn,night,0.06468085199594498
3f7814ab09f452ef42c958a1531b1ef4,straight,day,0.8126072883605957
3f925a82865891707c3022e7536c9163,lane-change-left,day,0.9463310241699219
3feb3e294068cce86c52ede02175e9bd,straight,day,0.9258443117141724
3ff4125c4a791b8abc63b37c188cf8f6,lane-change-right,night,0.15553763508796692
3ffd8f6bfa7030b8e86678fec09edf74,left-turn,day,0.7389951348304749
401acec2fee9e9d3b9a393f0c7b6230d,lane-change-right,night,0.030643556267023087
40a06e079b7cef1ef9d45a63a1105815,straight,day,0.7321678996086121
40d539aedd844b2e8b9533dfdcff12b8,left-turn,day,0.7858930230140686
40edca27477839f1b5b80a3ce4ba4327,left-turn,day,0.7409096360206604
410212deeb2216d0cd273ef037072733,right-turn,day,0.6228458881378174
41314439f50b64452b17eafdd45af169,straight,day,0.7760648131370544
413f1773509db7d3eda2aaad7cdc9659,left-turn,day,0.8228947520256042
417045319988a04d09445666448e35ef,right-turn,day,0.8131773471832275
41b9d9675d8be0f31dbb71d399472369,left-turn,day,0.8011078238487244
41bfd17e3eda72e04565c52ed539ba9e,straight,night,0.09633580595254898
41d4846a852f0bda8aeffbc82ad6c6fc,right-turn,day,0.45396801829338074
41e383fc34b18fb60649a1af71c2d963,straight,day,0.8876355886459351
42021beac19cfe790632491f66ac9b11,left-turn,day,0.5568117499351501
422c259db5a2326f3b6be4a10947b5f4,lane-change-right,night,0.12549810111522675
422da3f820867f469c1118f718cbf9f7,right-turn,day,0.6323752403259277
42451935d11654513bbcd66b5a61a551,right-turn,night,0.037048716098070145
4259b098211c82350826ffa4ef42dba8,straight,night,0.040182407945394516
426b39a37107054ba37f3feb8ea52bcd,lane-change-right,day,0.7058157920837402
4279c9915c83c1dff1ead0cc6dcdfbec,right-turn,day,0.8770475387573242
42802ff1ea764b1e8ff1d50d19de9115,right-turn,day,0.6358439326286316
4283302e5ea09d4075326c691bb64425,straight,day,0.6255054473876953
42b65e43c0248e89c2909b6ad2b37969,left-turn,night,0.07091717422008514
42fc0aada320664d46bec06317eec6f4,straight,night,0.07849931716918945
431a2cbff4218d633ab7976dc06c4eda,lane-change-left,day,0.5386671423912048
434b0931c59d6a0d66551cefc149b470,lane-change-right,day,0.8346682190895081
43540a9660a284a8c6d2d1ec429e510f,lane-change-left,day,0.9830483198165894
435e26e860c071b1b76d61eb24d1fa59,straight,night,0.02780321054160595
436081c390ac5db93530b8c6215b0c78,straight,day,0.6279892325401306
4378fa311cf180d23b06cad6eab55f46,left-turn,day,0.8060265779495239
437a32b261850bbf700751fe842683e9,right-turn,day,0.594993531703949
438a04f1c1bfe38274e517e93681d622,straight,day,0.3886350989341736
43c8aaf2870a7d5864dbc57e83749a11,straight,day,0.5639338493347168
43e54e929c62f3aab7ed77e9df8ed9a7,straight,night,0.09631574898958206
43fe05892988e26b99aef92b4ec32df0,straight,day,0.7217673063278198
442087ad02206aba7685078a3e93f1c3,left-turn,day,0.7918691039085388
442f2f5e995b6052b507794269250831,right-turn,night,0.06791026890277863
4493fef3ad6f9108d3f33db78932b207,right-turn,night,0.07436970621347427
44e265ef426dac9a045b82c329890fae,right-turn,day,0.7962601184844971
450910c0dc4eded544737d693ee38b1b,straight,day,0.8096596002578735
45119af3ff4c0af055dffbc772ee5ff6,straight,night,0.03865819424390793
45210d77c8d463559a08b3c268113983,right-turn,day,0.8964769840240479
458e7743864bdc9ca7b52608aec5c7fb,straight,day,0.6550164222717285
459588caef20ded24b17da65f7ee929c,straight,night,0.043792176991701126
4641b2464046b34e9c2a1716a1e8c2db,straight,day,0.7741453051567078
46b378860c66284914bb4879a128842a,right-turn,day,0.7988899946212769
46d9bf6665de9c09dc462804a3be9717,straight,day,0.8747221827507019
46efa4d045e4f13a1d023ce61fd303b1,right-turn,night,0.028765490278601646
4763c688e87faa5a17a2323559478d2f,straight,day,0.730465292930603
47bbd6975899713ba839ec3ed69c31a6,right-turn,night,0.07490593940019608
47bd067ea4b3398b0cd5a32eb2188633,left-turn,night,0.03441641479730606
47c9dbe4aa67d803801eae93dd18c1b5,straight,night,0.0335892029106617
47d66149c4407b0a70d0c926de7fb142,left-turn,night,0.031183799728751183
47e3d70005cb1e8a7ec489b28b55ba8b,left-turn,day,0.8286657333374023
47fe807509a8aa6afaf7b7b5f1da814a,straight,night,0.05158817395567894
481feef6dab066b28778a63ea5e70735,lane-change-right,day,0.6012884378433228
482e02b0e80f3904a89eeedc2d78ef10,straight,night,0.10142958909273148
4845950d22ecca0828ca7371af78ae7a,straight,day,0.6464769244194031
4848b3feb99078a8d06d93b7e779655e,lane-change-right,day,0.9225780963897705
4869a00441283625e8e35c90ffc17f35,straight,night,0.04146037623286247
48828a351d15b812bfcf5405d9ec995d,straight,day,0.6610543727874756
488e6713cc9a329ba6c73b77b12b84f8,right-turn,day,0.7651935815811157
48b423002fd1b8726ba21dba82bd1e75,straight,day,0.6333242654800415
48e124e7761ece961512112b94f86bf9,lane-change-left,night,0.05359940603375435
49169b810535f58d08394e14f4af8778,lane-change-left,night,0.07505639642477036
493f3734aaa1ab982bb425c5618d821d,lane-change-left,day,0.8574274182319641
49867764041becadcf061a9837861fdf,left-turn,night,0.04871348664164543
49bb55727211e0894a706795b212c5cd,straight,night,0.03337320312857628
49eb73682e180aff9f960761ec27e62b,right-turn,day,0.6550630331039429
4a33d575fdad9b7e1d171242c05bc94d,straight,day,0.904160737991333
4a3b6441d1b40aa1daa316da25acac92,straight,day,0.5800652503967285
4a7e646a0432bf9bb3f253b6495a6597,straight,day,0.6596751809120178
4abdd8c60e93fee54de18179a7f632f1,straight,night,0.040067363530397415
4ac57ceb3dfbb475f01b17d5ebbb03cf,left-turn,day,0.880440890789032
4acc516ad699822ad2b4fa2dcd08a515,left-turn,day,0.5785719752311707
4ae58eefdc84c8644518fced9f5eb2d0,straight,day,0.46686258912086487
4b128655d7318292c021aa3d21652135,right-turn,night,0.03047335520386696
4b2af39311f13658d5bd70776565201a,lane-change-left,day,0.6408127546310425
4b3ea2f464700e01971df3f40f8cf14e,right-turn,day,0.9425733685493469
4b5bcff2268cd976db4400270c75e2bf,right-turn,day,0.7032239437103271
4b75362a161ce96b6976fdaa5d59f1e8,left-turn,day,0.5594320297241211
4b8d2262ac249572dd4fc194a98bd1a2,straight,night,0.057016246020793915
4bcf543d03976924d35a9eb050b53684,right-turn,night,0.039385244250297546
4bda1aa49344bb3649b35930df569568,lane-change-right,day,0.8807267546653748
4c09b7229c12a3e7984c0fbbf6276d0c,left-turn,day,0.9195986390113831
4c0dbe21ee85e541ccb13bc49436c6c1,left-turn,day,0.6103742718696594
4c15d63591fe469df4720a459cfe404e,right-turn,day,0.5978329181671143
4c1967287fb0b6b4624ccf4a8266a295,left-turn,night,0.06287422776222229
4c399dec1705d434d4fd0df06c63b407,lane-change-right,day,0.9640968441963196
4c6d1f08f74e4db1a494ccf73279d5f2,straight,day,0.7831051349639893
4cc72794cfb0f4d1eff06bb3c3ab3e54,left-turn,day,0.8798341155052185
4d79d9f3f68dec04c60d6c12f08c68df,right-turn,night,0.03435731679201126
4de7788689e9f683890af6b5a303e8dd,left-turn,day,0.4906359612941742
4dec2b1c8d324c6d5cae25b32a2b0c5d,straight,night,0.04752061516046524
4e1c92902bb9766a85e803099ba2781a,left-turn,day,0.7112736701965332
4e41440080130b763592c087505c602c,lane-change-left,day,0.8431322574615479
4e47621186cd9908268bb7497707374e,right-turn,night,0.06439155340194702
4e65d2f7e8672fd467a01ff1279a2b6e,lane-change-right,day,0.3987402617931366
4e92684362c838dc0a690421f3046c66,straight,day,0.6298937201499939
4eaa8865efc52e269bae327d31e883db,straight,day,0.4976201057434082
4ee69330cbcc705c05bd805f4db699cb,lane-change-right,day,0.8798810839653015
4f0ae99af3b4cbe0305f8d49f25c3968,right-turn,night,0.03676340728998184
4f1faae60d895559fbd2629fa61e23a8,right-turn,night,0.12688729166984558
4f417e9ff9778b62d94683adf1b570b7,straight,day,0.7072494626045227
4f66c35b23a3a33f89b2a653217e542e,right-turn,night,0.03172442317008972
4f8ef209806972f88a7d241554c882a5,lane-change-right,night,0.10047115385532379
4fab8e1b650f9169253a423381f76325,right-turn,day,0.6458157896995544
4fbf3445fba58dc61068d6ce29b4bba1,straight,day,0.774578332901001
5013ac7c95191f2b3fe29f0ac27dec1b,right-turn,day,0.5787899494171143
50346569068d0af2d9999b9d77740a0f,right-turn,day,0.8149363994598389
5038aa6481f51a34fef5f3dcb0e70a79,left-turn,day,0.5612331628799438
5049033e08a7c00b0d77ffabf8181837,right-turn,day,0.9436163306236267
5054b565f3a93cc51f50e1d152500368,right-turn,day,0.6070287823677063
50583c556d9028c66fa8766b795f9489,right-turn,day,0.6315492391586304
508be8ec1854ec7d7182bb4e554def31,right-turn,day,0.8049337267875671
512a600f74ac4571680b54b27ee30105,straight,night,0.10067734122276306
513b0fabff7429a1e6e8f13122150dba,lane-change-left,night,0.07274883985519409
513c9aa7340155f7a37e4865396bb00b,right-turn,day,0.5561549663543701
5143859b979bdf517ec4d9e3d2a10ede,right-turn,night,0.03521693870425224
514c77ab304b03f455bc895b997d50ac,straight,night,0.05231065675616264
515241533fd277a1acf11b271988fde5,lane-change-left,day,0.7281068563461304
516c0bf487a017755921538a8914d5c3,straight,day,0.8260812759399414
5198429c2071128d979e0a5e1cc0aa59,straight,night,0.04777553677558899
519ff17090df1571d0c70c7077621ce1,straight,night,0.04764082282781601
51b54fcb826b2fed862a83f37b91a838,right-turn,day,0.7263358235359192
51b8515bf0b34995f9da2b43e68a0148,straight,day,0.58775395154953
522da28d44bc0301f435f80a94962687,right-turn,day,0.9374098777770996
522ead2e514512512d8f5b1653d99a03,straight,night,0.03712369501590729
5236918f176e326ea0f988234cf12c92,right-turn,night,0.044231243431568146
52549d318aab92d9505e4e545ef684a2,left-turn,day,0.8941454887390137
527d5372ef1140df95e9c010660727a9,right-turn,night,0.0688004195690155
52a1b802e14f72aa2cf079a3bb3a0d71,straight,day,0.6245759129524231
52a64e46a41cab4ab2a31802851ffb40,straight,day,0.8712767362594604
530b65f35ad9d1bccd9ce2cdf492389c,right-turn,night,0.041536156088113785
532c05a7486a1cabce2b8f35579d700f,lane-change-left,day,0.9253164529800415
53436dd61ddab1df89314cecbd23995a,straight,day,0.8165647387504578
5396b7c810bfcf48dceccbdc565e3a38,right-turn,day,0.5506916046142578
53983b15bde945c91208271897c8cfd8,lane-change-left,day,0.6915095448493958
539de58348ea5bfe691155334f48fc2b,straight,night,0.17659716308116913
53c1a4ede639a04c4423bcb18268b2a2,left-turn,day,0.5271801352500916
54196c3e9263f77e562c336300aa81d3,lane-change-right,day,0.7958925366401672
541eec327aa648ae18e1748ca9e72254,left-turn,day,0.7716727256774902
545c2fe62ab8e234a93a36dbf48440ee,straight,day,0.5403078198432922
547c906b98eda42847665b11d2757025,straight,night,0.028639905154705048
54b65c84a29b82f178c4c5a76fbbae59,lane-change-right,day,0.7793000340461731
54e3da9b2b619d469c2c7548f70551cd,lane-change-left,day,0.9292743802070618
55109072557e312d5d61e6c778fd014f,left-turn,day,0.5883822441101074
55552b9505a724a0075edfe223ae4227,lane-change-left,day,0.9387010931968689
55c744d2d4a1d07c14bdedb31c8cec94,lane-change-right,night,0.05847090855240822
55d985cefcd4d23075fb40381d021f4a,right-turn,day,0.6126700639724731
55d9b9803afcd5c026de6972629683c0,straight,day,0.6730405688285828
55eae1c58c3580a3a5ad5423ebd392f1,left-turn,night,0.08459433168172836
56183750b206e0d9e00c66f27a38fb0a,lane-change-right,day,0.5526223182678223
563d517deaff1a63cafb6774df9c2350,straight,night,0.031896721571683884
56e6d1615b045805b245741a2be52ad2,left-turn,day,0.9324116706848145
56fec8694cb8a12ad77f34c421a3387b,left-turn,day,0.6408456563949585
571245afe3f9e14d601fa879d6399f78,right-turn,night,0.055311597883701324
571d0d5a4d2504f52b72afda5e918ad8,right-turn,day,0.7309992909431458
57357cc6cd69dcdb82ff8772cf876a3e,straight,day,0.7375611662864685
574b3ea38739bc2dcddf760913ae1095,left-turn,night,0.030786866322159767
577012e18ab837d3886683c3e2491e49,left-turn,night,0.24065133929252625
5784b6ab30d89caa86a100d5f90a4f4c,lane-change-left,night,0.09190808981657028
5797efecead06d225229cce167fd7873,right-turn,night,0.045986272394657135
579cc83d157f569d63909f25cad0ddf3,right-turn,night,0.09838785976171494
57a6271444a065e7669292e6361fc2a1,lane-change-right,day,0.48335862159729004
57acd08f5c70212cf6e6a0965b7502fb,lane-change-left,night,0.048683855682611465
57b398d4f28e0b951e6ce86fb3cdf126,left-turn,day,0.6790800094604492
57d945efa763cb25af76b7b692c8da42,left-turn,day,0.8166261911392212
57e552729062a4b29d613fb34dd7230d,left-turn,day,0.5051808953285217
57eb09dd89a06aef337a36c620b270e6,straight,day,0.3917701840400696
57f1aae142798503bbf227be1848f6dd,right-turn,night,0.035392072051763535
57fe298c63a0f333f959c5501b2e0bc4,straight,day,0.746412992477417
582903ec07557bf6b1a3d023eaabca28,lane-change-left,night,0.06759422272443771
582fe552305feb72af7f503157189965,straight,day,0.6753663420677185
5839bca2902ce3143304e9960316e1b4,right-turn,day,0.8635817170143127
5891ac2fdb48a9386b87754d2cc29996,left-turn,night,0.029460156336426735
58c5a51c73384f9c0f1b91df77959bdf,right-turn,day,0.5997557044029236
5944f9503867cbee2ede698e984d5e83,straight,day,0.7073829770088196
59735f607ef631aa62adf295d7498879,left-turn,day,0.3822248578071594
599e9d36c5fda7568ad5c37c61052791,left-turn,day,0.5665473937988281
59d3145e043ca4d10696954a6dfa5d83,right-turn,day,0.9007744789123535
59d490f9cd61f87bfd805b2302975d89,lane-change-right,day,0.8314229249954224
5a00264d6c23fe5d4398b0e1a8358b73,straight,day,0.6414216160774231
5a2b3c3dec879963809d50f496e2cad8,straight,day,0.8595676422119141
5a4e28439fcac2ced3079f79ebdf7ee8,straight,day,0.5415245294570923
5a72519cde3d4ae1fd2b308ddc09cbbd,right-turn,day,0.41782093048095703
5aa56cc7c1494d8815342cff4ee3efd4,left-turn,night,0.056692350655794144
5acced302c48e40cb111bb4d05cd22d2,right-turn,day,0.6984185576438904
5aeb93f84ecb94f5fd79873fc2baef92,right-turn,day,0.44000402092933655
5b0d875ad180b588c843c92160814d1f,right-turn,day,0.6678244471549988
5b0f40db09eadf1a3c8ac52aeb377532,right-turn,day,0.5479996204376221
5b1f21412588872c2ef89f817a3dd43c,right-turn,day,0.9873613715171814
5b26936d795b16f5283c2385d9b891cc,right-turn,day,0.8642916083335876
5b2bbf542669aa57fc291a06f6dfc00d,straight,day,0.7564058303833008
5b315d8da05e580a0deefffd1ecae2c3,right-turn,day,0.91575026512146
5b6a9357ece801bf19c64c8a8806e351,straight,day,0.7344276309013367
5b726a71365d8990b9db0f5333d7daa6,left-turn,day,0.832133412361145
5bb652edff7975f7bdf078e00614338f,left-turn,day,0.8812744617462158
5c07cb88582e8cbfe912a83862941e00,lane-change-left,day,0.856544017791748
5c20d39301b65963151038c28ca26742,lane-change-right,night,0.052840981632471085
5c25a56725e94f96c266bb41561e9b18,lane-change-right,day,0.48728451132774353
5c45132b8ec7a0255e85e985c8df74e9,right-turn,day,0.8773930668830872
5c4e6054bd529633e5aacc032caae2f8,right-turn,day,0.9715959429740906
5c5e6445998f45366c4da20a84970c14,lane-change-left,night,0.043677907437086105
5c8ab80f51104fe6c49f6ed9801ecbc9,straight,day,0.43108248710632324
5c9ced01b448f7a331cdade0fb380f94,lane-change-right,day,0.9632115364074707
5cc38c0c02d1df36dd37d80bae482f1c,right-turn,day,0.6368379592895508
5cd649b5936f365ab7fb5106d68a7211,left-turn,day,0.8758803009986877
5cd71037af37016b012e7b7da24dde52,straight,day,0.7568742036819458
5ce0e858beba3147e65d6d4a2bc28e70,straight,day,0.5749589800834656
5cf7afaf0e4857051a41171a60187405,left-turn,day,0.6332510709762573
5d36c48a0b7f2e0feefc27c7d8efbf9f,right-turn,night,0.030519265681505203
5de1239bdcb8b2341844b84ea136fb56,lane-change-right,day,0.420135498046875
5e0c4741c1de43a39a8aebb9fa7ff9b2,lane-change-right,night,0.054983872920274734
5e3a372b4f2d0f56cd6870bc8905a498,left-turn,day,0.5503910779953003
5eeea0e74f97ab4d0109e22c0879c9ea,right-turn,night,0.04645602032542229
5f1aedae0c63e6a1b597f727ad589a64,left-turn,night,0.05848104506731033
5f3acbee7923e1b69d6601c21e135f66,straight,day,0.7405345439910889
5f6f402572300db82d03e488af74c251,right-turn,day,0.7438511252403259
5fceae2bac5e3603d6a1ca3b4fae7673,straight,day,0.6325914859771729
600f3f2645ec8a40d8328aaeed7922ea,straight,day,0.4995958209037781
6044c029010536852dbb99ed73416cd5,straight,night,0.03196949511766434
60578ba5e1576df80787d7669c177aea,straight,day,0.6308242678642273
6075ed15ead9656b23cd00a3eecef5cf,straight,day,0.5586428642272949
609a245346eae6b23c1d3626c0c64eaa,straight,day,0.808478057384491
60c8a525e98c62eaa8e358a590b81621,straight,night,0.03962886705994606
6119f0a9d1f677d1e30d989a974fa1d4,straight,day,0.6632100343704224
61217e824857a73cc428f04384150afe,right-turn,day,0.42189061641693115
61254ab8bea022ec5860b2d0723ec24a,straight,night,0.03751830756664276
6128bb7c140505d7a8c648ae9fc140fd,lane-change-left,day,0.5907450318336487
61299b09568e3455470309f22c7aacfa,left-turn,day,0.8724915385246277
613af7870ed59792996dace2d4963573,left-turn,day,0.9046276807785034
61b71919fef7978a8b3ccc77688572ca,right-turn,day,0.5884953737258911
61cb6fe96406fdc3c2ef341a338e42d3,left-turn,night,0.05404943972826004
61cd64a69af1d677c4ed5b337b7fd421,lane-change-right,day,0.8500645756721497
61d1e717f8c13c3706a645c2f0976828,left-turn,night,0.044763170182704926
61f9387ee5b77c75868e058b6c3b201a,straight,day,0.7343882322311401
62236c0deda97531c63c99614c74937e,left-turn,day,0.8634456396102905
62424db49d30f1487f147cf1f3a69db2,lane-change-right,day,0.926278829574585
6274d4b56b21963559bd1f6516d59e58,left-turn,night,0.03310087323188782
62a89c9ad9483815c6ac3d2257e371b3,right-turn,day,0.860213577747345
62b3dc0e84cec82e80c14810a0e26e97,lane-change-left,night,0.09912116825580597
62d8270da2d3c4c0b6b4edb5bd66b0a2,straight,day,0.7802596688270569
62e4dc179a6323f6d9092c16ec95ab90,left-turn,day,0.843071460723877
63240cd520e7ce3ef738308aa94d9c5e,right-turn,night,0.05753760784864426
633acd4421856b5f46c775bd53d4502a,straight,day,0.5922403335571289
63649a0e956e6c583d5942f292c617b9,straight,night,0.06763317435979843
636b34fa3c2ac7f88acfc31b86916669,left-turn,night,0.09981723129749298
636b65a9c3baef947a42753bef0c34f8,right-turn,night,0.038403790444135666
6385a177e6b18b911fb68f20ede6f2af,lane-change-left,night,0.05601627379655838
63ca72786d681923b7019f239187419a,right-turn,day,0.7523497939109802
63d2e1f246016571c00a9101f65d64af,lane-change-right,day,0.5050333142280579
63df8d1b5af7c9e654a10f1688277d74,right-turn,night,0.0515781007707119
63ec25468954b1f19c342062e01bbe4f,right-turn,night,0.09367577731609344
6414586e48de3ab84baba1465ad21414,right-turn,day,0.8647923469543457
6430d727a04c3cb7db163ff3f523c459,left-turn,day,0.6545867919921875
64442bc0f0558da6a7bcb9c47f96a386,straight,day,0.7588934898376465
645e94a60cc2fde29de84e93199dbb91,lane-change-left,day,0.7381876707077026
64790e5b45cd368a61ea0984ad4f1a41,left-turn,day,0.8753334283828735
6499f70efeb6f46147f2026a7dd79069,straight,day,0.708576500415802
64a2e582201ccd3b06b683ca6e3332dd,straight,day,0.6303679347038269
64c80553da7d33ccd8dddc6698704719,straight,night,0.03858747333288193
650600741684c633369b61e2aa2cf40e,right-turn,day,0.8147062659263611
65141cbd8823a1b61406445b028b0fc9,lane-change-right,day,0.614022433757782
653bf403215adf646e379bb0f820cdf2,straight,day,0.7276020050048828
65b0ca6cf5aee3a75a53a01d2d17f832,straight,night,0.07528485357761383
66c3d3db92abc8582cfcd9288113a73d,straight,day,0.6395075917243958
66cfc35624f896de4bad434f7ea8e36c,straight,day,0.768768310546875
66e81ed7af1554420a0e2ebd57756906,left-turn,night,0.10589539259672165
66f8fecc2fa9a42feeb7617bced04b0c,left-turn,day,0.8981360197067261
670234c5a12dd9c5331a87da871d7004,right-turn,day,0.9416841864585876
670439f14c52d50310c70771896d002d,straight,day,0.5336148738861084
671560d3c7e812fcd74cfa0e60da3984,straight,night,0.04103623330593109
6721e108761f2234ab1c5c3058849892,straight,day,0.6057941317558289
67608aa0bcf6c1b203ed10b2483dcbaf,lane-change-right,day,0.8589892387390137
676c96964e73fc60cb99db5ea972d1bf,lane-change-left,night,0.13092590868473053
67752cd18ac39229622bde7e9cefaece,straight,day,0.8012319207191467
679d302918308d24479b7d02098278f3,straight,day,0.6535463333129883
67a5a02e55b949e7719f2a664b47c078,right-turn,night,0.05375512316823006
67e48b2418513be729659cf32babeed8,straight,day,0.5772354006767273
6840a321050f34329ef8bafd12b9ff27,right-turn,day,0.827913224697113
68608d0de02cea890ca29c9a095fcae5,left-turn,day,0.7277518510818481
6885080ed502631a89e44c0ee1bb7e20,left-turn,night,0.04570838436484337
6894e7e07fc0431d2120e8f733872960,straight,day,0.8441080451011658
68a724de5d8c65882e1d2a1537231b10,right-turn,day,0.8608675003051758
68e61e0fb93ce1ab657c7c4a6c789311,right-turn,day,0.6553390622138977
68fdb60549639e90d0b314dd20f8b6f6,lane-change-left,night,0.10361197590827942
69186face2093196935e66e81106b751,lane-change-right,day,0.7706929445266724
6928c602c72f1be12c34bba95bb22a37,left-turn,day,0.8267388343811035
693754d2c3954ce0b2aef9fe755f42d3,right-turn,night,0.042544808238744736
6974ef56bd2649be001090dddb0b5077,right-turn,night,0.043191783130168915
6997fb3a7ebabcbac22d4a245178dfdc,right-turn,day,0.655813992023468
69a0a14a81c5bb776963749d2b632825,straight,day,0.952317476272583
69e1e49ae7245dabfb79cdec547f3816,lane-change-left,day,0.7744343876838684
69ecee9c4ae3c6d867fab574c6b38d8a,straight,day,0.9549816250801086
6a02eb919870224408da971b8cb2ffbb,straight,day,0.7103286981582642
6a4714318d9658148f2769dbf8537c1f,right-turn,day,0.9841247200965881
6a7fbc68e30ab710e70e48f7b1361bcd,straight,night,0.09791077673435211
6aac9558d86e949c426cbf8e39f62908,lane-change-right,night,0.05310724303126335
6ab3036dddb4272da08e39d65ac34a12,straight,night,0.06461074203252792
6b00f6569d7d14cb146369c002ef6be2,right-turn,day,0.6599195599555969
6b0b11c1e03eb1a6aba713fb90f76b38,right-turn,day,0.7318863868713379
6b570abeb044cf89ca94d8b85ac1e78d,straight,night,0.0692942813038826
6b5773b804293583647ea44fa2279fcc,right-turn,day,0.5987564921379089
6b8bd665bd359ba0dd9e243d54a319a5,straight,night,0.051238711923360825
6b922203a45410202bfdd90f5ea9674e,straight,day,0.5748696327209473
6bbd312be5dd25527d474d6b290fcee7,lane-change-right,night,0.10171113163232803
6bca602a3faac6aa81715246c0130ac2,straight,day,0.9190605878829956
6bddf517c978aca012a8859fa75db1bd,left-turn,night,0.08973681181669235
6be4f9b2820bf9ddb1bb03f5ff4542b8,straight,day,0.6410819292068481
6c1656abc818898ccbf2bacb461ad0cb,left-turn,night,0.03454386070370674
6c1968916f97cf11f599d7a2f87827d0,right-turn,day,0.723491907119751
6c3ff177c6c8b9ec5e0a9d030a070933,left-turn,night,0.12139604240655899
6c5cc1ca799f365c11ee543c6d2dc42e,lane-change-right,day,0.7629998922348022
6c6b5761382617b2d37cd7f4cc2f2aba,straight,day,0.7096269726753235
6c72aef9bd1f4dc77c4073730204366d,right-turn,day,0.5986253023147583
6c7431d34c6773ef83e31d1938e2a256,right-turn,night,0.03728855028748512
6c8b31ec351e58a4148d404ad95b110c,straight,day,0.5228621959686279
6cddaf0f5afd82d1f96d584d715be617,straight,night,0.04283197596669197
6d13675a0bdac0908c2bcf476d0f72d4,lane-change-right,day,0.65584796667099
6d16c986acb4a164091375c3038c9d12,right-turn,day,0.7318184971809387
6d3c12cdc72a778a7b972bb4da7c0978,straight,day,0.6569885611534119
6d5de1422f116543822e55a229f7bced,lane-change-right,night,0.03923798352479935
6dc9d9519644766bea21dc5549437466,right-turn,day,0.9736782312393188
6e4f5827ef6b4c24f4c0ab93a4b8727e,lane-change-right,night,0.2947428524494171
6e8afd7ad664ce155951ae7e47268436,right-turn,night,0.10692766308784485
6e8c9ff63d2a4708eee8d8119c70da43,left-turn,day,0.6185692548751831
6ea8c5deda9a20df56a42e2476a3caaf,straight,night,0.030841747298836708
6ee0abce785feb703a11661b903f7918,lane-change-left,day,0.9882540106773376
6effb3dba929e0dfbc2e87fb31e11e89,lane-change-left,day,0.9368780255317688
6f09e2bc670232f67d3628f7dcc37f0b,straight,day,0.5140072703361511
6f193add639f9687274ca7f5228415d3,left-turn,night,0.06706441938877106
6f6deb21db493a017da18133c8813c46,left-turn,day,0.7767810225486755
6f802cd9b14ae4971b8de007fea4019b,lane-change-left,day,0.5674785375595093
6f87d93f603ffd755e3cb1b2c407be48,left-turn,day,0.7549431324005127
6fb27873b1c3fc99ed1c7572f5b5b9a1,straight,day,0.7583394050598145
6fb8e37b733965362c06adc79843e1a2,right-turn,day,0.7694329619407654
6ffcafb19ba620f76b9489ba69d94d8f,lane-change-right,day,0.5784211754798889
70376c7f15ed290399d179d04aa10742,straight,night,0.04646815359592438
704dc825c3e77e98716ac867f106e5d3,straight,day,0.8916298151016235
705bc76b5e7d00e700c39268d308b8cc,straight,night,0.046361133456230164
7081b41a970d0ee5585638c76ef686e7,left-turn,night,0.05521715059876442
708fd6fff7559c92a921221e280a0d99,straight,night,0.06231497973203659
70f0681024051269963372905496938a,straight,day,0.717568576335907
70f78bff4930deff47840eb2746e7e2f,left-turn,night,0.04495235159993172
70fb08ecc8b64d4755130319dd5e4151,straight,day,0.6061030030250549
7123a45605c1ca347202c04d645026ba,straight,day,0.8811547160148621
7124d8f92f3a3c68c0806dc3d00c0143,straight,night,0.04407859966158867
715c94054aa04562ce283a1863d1956a,straight,day,0.5723058581352234
7196daaf3a6a56ed7294a7dfa1fd8527,right-turn,night,0.07338420301675797
71ae55d1b2d74c5d27e8279c34f7504e,lane-change-right,day,0.8123663067817688
71c437f8a223b4b8cdd94ed9210cfd13,lane-change-right,day,0.6826110482215881
71dee7324da8bb9db22471dcccaf79da,straight,night,0.06210671365261078
7243456e8ca88a65cd7ac3ede06b12f8,straight,day,0.6803691983222961
725858c62e3bc7dade99766b0661abd6,lane-change-left,day,0.6667107939720154
728fb4ad9bc820f375ec0f4ced1de012,right-turn,day,0.743411660194397
7299eceb3eaf838ccd2a41852177961d,lane-change-left,night,0.04439563304185867
72b14340704fc587060a091b97ad799e,lane-change-right,day,0.7137489318847656
731a84ba988e8b674972ed9dfc0595d8,straight,day,0.8466134667396545
731c0cfbe51a3e5c953e055ed53b8f39,lane-change-left,day,0.7681946158409119
73afbeb4d9d10a692d52e3ebc3e1c549,lane-change-right,day,0.8306845426559448
73b74b9d571e8caaa53d93a119ee8c7e,lane-change-left,day,0.6761013269424438
73bc57403cd930d538eb7bfeddc2f237,straight,day,0.6128401160240173
73d12d508a2d06b998616442e2bc9904,straight,day,0.7629251480102539
73dcd962fb55dc44b61ee7c1472d16fb,left-turn,night,0.030211538076400757
73f5dd10b9ea0a1c60addb389f7e6165,straight,day,0.8036119937896729
73f99122ae7a2b9dbd43529604284f70,straight,night,0.04811742156744003
740115b5a8ae4342b2ccb7747b91502a,left-turn,night,0.03626123443245888
7404ea2577fa188f35f43a3e0713f717,left-turn,day,0.5320520997047424
741966418c00a9373df9a0594a6d150e,right-turn,night,0.12752960622310638
7431bf0aeb77803637d15badb5eebc2f,right-turn,night,0.07098926603794098
746a543769d5d8a0e2cf2324d08396cb,straight,day,0.6967809200286865
746f990b3e5ca8b147972e7167fc9c14,straight,day,0.6618438959121704
74a23184d555b3964aab884f2201f180,lane-change-right,day,0.8704440593719482
74b03f6fa2507d6561b87eaab3661624,left-turn,day,0.6102820634841919
74b86f8bddf5f62a9eaac7ec8f2ecfcd,right-turn,night,0.03772639483213425
754e52459dc2606e53b36de9257d3f71,straight,day,0.8328843116760254
75547e1fe31a940010e857cb92de8736,straight,night,0.27124136686325073
759e3cdbeca4dfd9d232dc705e680c6a,left-turn,night,0.040661610662937164
75a45f53c35b417dc8d59eb5a9dbd5a1,right-turn,night,0.044198375195264816
75d2845b1c52292b9003d4a086dccb27,lane-change-right,night,0.04908931255340576
75d8c6e340b0a3191fe7c50e92e704d4,lane-change-right,day,0.6777141690254211
75ee2a404ae4ea895e487c5c4e1b8e29,right-turn,night,0.039051275700330734
760cc4ec18b48dfe3dfa96df97f5cd86,straight,day,0.7988476157188416
763993e6a61f69b620f0edeb4eb221b0,straight,day,0.585005521774292
7662f1efa522d9474d75fb6a7cdb6509,right-turn,day,0.7392687201499939
76841bd6d678c05c05aa552d56b59e50,right-turn,day,0.8544141054153442
76d5c0de5a64a60a731719bb174279e8,straight,day,0.8013707995414734
77049e82bea72f3d4179774c8ed58279,right-turn,day,0.8077904582023621
77184b59e6df13ed3e4146f5f9891dfd,right-turn,day,0.912514865398407
774010be10d91f5800a900e12a35fed3,right-turn,day,0.5476341843605042
776eb5e2804f9718190efdfb4e8fa680,straight,night,0.1064947247505188
779fcada5dfcddf8f9f554ba453e88ac,right-turn,day,0.9626722931861877
7800be1ecf5c2473a0032792b127f838,right-turn,night,0.03582395613193512
783dd3c5f18426c0842839f444dbaf82,straight,day,0.7817935943603516
783e6047b83d9526a76f7cd4fe9093c2,lane-change-right,day,0.5942465662956238
78af205307584f5d55c269758a0d7998,right-turn,day,0.7946273684501648
78c4766a17f397ffadedd71e5050c125,right-turn,day,0.7292189598083496
78c8d4e79fdf191ba205459ac20acfa8,right-turn,day,0.9575928449630737
78eea7c370bf9584beb0435996f2e3a3,lane-change-right,night,0.03229949250817299
78f7905cd336355da76d0b674055db1e,straight,day,0.7055444121360779
78ffaf552a9ec88defa802ced636263a,straight,day,0.8517526388168335
7908c88bccf53bd2fa83c19a949b2f82,straight,night,0.04816804826259613
7912dc22830e509d6ac19608bfbf69e8,left-turn,day,0.9201862215995789
793898ef1f0cef6a0c754c7aab5af949,lane-change-right,day,0.970436155796051
793ccc4f629b89ad4810e8ec71041099,straight,day,0.5767154097557068
794abdbc1f16cc8fb1c6740e3cd208d2,straight,day,0.7958917617797852
794c9dfaa34d0fd32cf4f16ff888fd23,left-turn,day,0.662516176700592
79855ab9d8129a8fa40d5918219b9503,straight,day,0.6709856390953064
79a3f6fac6431688c4d16c3d1a257c82,straight,day,0.6219493746757507
79aa0b7be0fe0a3b3f1345008d50f130,left-turn,day,0.4179288148880005
79bd95b39381b316b2fec3b4c974fb1d,straight,night,0.05242560803890228
79c4f5b6cf5894f56829d93b61e5e380,right-turn,day,0.7776288390159607
7a38b991c1a63fa56cd6f769fefe6960,lane-change-left,day,0.8719893097877502
7a64702de398f2b7dd7b5f4712aaf750,right-turn,day,0.6233401298522949
7ad4cf54d6970313d961a8fb8d73760b,right-turn,day,0.5145678520202637
7ae36c27cd9727e4631e334bef8cd33c,left-turn,night,0.04664548113942146
7b0a15ce69d580e3725f6f6512ab128a,left-turn,day,0.6423783302307129
7b1c3d29034ca1ef73e316f9223990f2,straight,night,0.06887887418270111
7b5b0644dfebf2ff6d84c85df707203d,left-turn,day,0.808021605014801
7b5eba756503112e9eea25b4753e30d1,right-turn,day,0.5568330883979797
7b8156ca7461a6a47ce795f742c675ff,straight,day,0.8527660369873047
7b84c495e77174fc9bdc4adb21238a2c,straight,day,0.8851578831672668
7b93fb8b05a6af728c22267d75911052,right-turn,day,0.7824457883834839
7bb3a6d91628d67308a97bcdbcc84c03,right-turn,day,0.7695841193199158
7bd1f46026eb0848645538acc35b2240,left-turn,night,0.03209175914525986
7bd681f4e99f41a477f9171d8110610a,straight,night,0.03714331239461899
7be20c8a6404be9f7c50667866ee005b,straight,day,0.6700620055198669
7be27848435f6925cdc6e3acfd6612c5,lane-change-right,day,0.792336642742157
7c01b365e21fbc2f56117bcb8d2c935f,straight,night,0.03121430054306984
7c15617c988bc08b04ec0d8cb963a5fa,left-turn,day,0.836661159992218
7c41fefb572ce4f8c7e0377b3da6cede,straight,night,0.06837864220142365
7c47402203e6943ab1a73f4cbbec71a7,straight,day,0.8141216039657593
7c580395860e0ac8fbce19d0f38d8edb,lane-change-left,day,0.5119006037712097
7cde3eb1b5d878c0539cd4a6e42be8e9,straight,night,0.06289650499820709
7cf7155d82597244b81510dbf403e7a2,straight,day,0.691646158695221
7cf744f7d61876a19fab07541680e9c4,left-turn,day,0.8191657066345215
7d0e5df56a7c5c86c7758044a4597e72,left-turn,day,0.9241970777511597
7d25214d381651b6781c166890f94240,straight,day,0.6485925912857056
7d2869e8e38f056fd9781b0be049a10a,straight,night,0.1858220398426056
7d6dae9cb89ff102a48699b2d817cbb2,right-turn,day,0.4799659848213196
7d7009968e9c09b199a8a1fed7e711aa,right-turn,day,0.8405230045318604
7d76efb2c9ebecd842e252c59c35fcc4,right-turn,day,0.8486714959144592
7d9554c1aaf6fc56fc754fc8ddf76ea5,straight,day,0.5954780578613281
7dbb56e9ffca01a22a2c889765400b39,right-turn,night,0.11568404734134674
7deb1648e456eb96124b1d41c18409cc,left-turn,day,0.8376560211181641
7e3a5fa0c3009fe98cef572ece1daa0b,right-turn,day,0.9936648011207581
7e65cbe0cdb38fb5604ea173f5b95564,right-turn,day,0.8525528907775879
7efa5beb05669542165b2a66fb4490ba,lane-change-left,night,0.09246134757995605
7f3113ccf0ebdc4642696045ab37cfbf,right-turn,day,0.8009846806526184
7f87ac3f421f6b96269de449c0095771,left-turn,day,0.6919765472412109
7f8ff56b560d1b527f9d1b57e20e5532,right-turn,day,0.8522147536277771
7fd7ba6d886ff79cda1015b8c35c4a7d,straight,day,0.7562933564186096
7fe6ac6b8107a7718cfe3b633942c5e7,right-turn,day,0.9523680806159973
8002b97c8219c5806d0fa73fbe195cce,lane-change-right,day,0.7289333939552307
804e8135ce508a79e1e59226179a66be,left-turn,day,0.38152843713760376
8069aca81e4e489772112abbc731f42d,right-turn,day,0.9078142642974854
807a4d340b634681cd9d8043617a0a6a,right-turn,day,0.49040165543556213
80839ace3aad7c5025f2a266b180d272,lane-change-left,night,0.08834865689277649
80b0e0d68009de5d22abb1efa94720a5,straight,day,0.7472081184387207
80b53d3a713350ebdaf92a891df6f60a,lane-change-left,night,0.06749280542135239
80d911b579aea359e12b28cce5ed8700,straight,day,0.8043943643569946
80ed6a2febbc2017925a85d36af8c602,left-turn,day,0.7043986916542053
80fb758fd0f7865d64d1d15ed7594d2a,right-turn,day,0.9347466826438904
810f3182045c34f25a2404a31f1b6122,left-turn,day,0.6226991415023804
811569f0987d9aa32f541676e8fc213b,right-turn,day,0.6946918964385986
815561360bf3731eb6382bae61aa0951,right-turn,night,0.08183785527944565
815ee2ffa94ba6acb62c6914f254a10c,right-turn,day,0.6586440801620483
81971dcc001c0af3ae44f88a0492d862,straight,day,0.6158448457717896
81c1ca6b646fb029f70eb6ecfc7221a7,right-turn,day,0.7803059816360474
81cb5be798fbe6857f19aa44fda2ea43,straight,night,0.03259924426674843
82068b3a4dc901136677c7d9e131bc61,straight,day,0.7091028690338135
821a4c6252de4ad546ac99462880383c,lane-change-left,day,0.9794070720672607
823f0c290df508bc6f03e25ce05f75ec,left-turn,day,0.9664009809494019
8243aa4db485f110e6b5d8ce15592929,right-turn,day,0.7315914034843445
824b0c2b064079ffb7cee6c862e3109b,straight,day,0.9599913358688354
82649326289254de94a5eb3f9904b40d,straight,day,0.594156801700592
82fbef7d50ccc98574dee894061a0aed,right-turn,night,0.031513527035713196
831528dbc483fddad67d09e8f2c13422,right-turn,night,0.03234051540493965
831c5782d17eceda995faa790657ab57,lane-change-right,day,0.9384781122207642
83203ee5895f0b012395c882be0bdb85,straight,day,0.6622154116630554
834d2c0bd08dddbcb9501fdd7520072d,left-turn,day,0.771007776260376
83555f6a5d48570a6ce2e25be016be3b,straight,day,0.42402198910713196
83924e09857380c69f4090840d3c5edb,lane-change-right,day,0.8274789452552795
83973be729437017b6052b926ffae8c0,left-turn,day,0.6604816317558289
83a0cd05513dad28023ad844cfca35e7,left-turn,day,0.6282682418823242
83af70dee36d655ace457c6d2a9ad841,right-turn,day,0.804478108882904
83bea2efd2273085eed62d065d964093,straight,day,0.5062840580940247
83c9268804196aa09dbd1ebefb0a91f8,straight,day,0.9304173588752747
83ca4236af610e30c7a51f9c61a9f40d,lane-change-left,day,0.9935034513473511
83ea89ad6c264a73041485d3bca2275c,lane-change-right,day,0.8805152773857117
83ed0ead7d565a46d55eecc3b3fb35c5,straight,day,0.8320379853248596
83f003c5cca13447b36a3e23aceb3edd,left-turn,night,0.04096263647079468
83f7652c4da67f7ff6996efbe9ac1e0c,right-turn,night,0.25351205468177795
84176c12e42e81a20ebf80779ce39657,left-turn,night,0.03874845802783966
841cea6f0c4e3416e3e1bb3e4f4c89dc,lane-change-right,day,0.5466490387916565
845e7da1fdfbd8c8d758a373ed55f029,left-turn,night,0.04714333638548851
8463f764a16ca4a96886dda6f781a73f,lane-change-right,day,0.7826311588287354
84703b69db5a8dbe4b9e7ac1508ea443,right-turn,day,0.43058615922927856
847f26558648bf3d61bff2b3977f433c,lane-change-right,day,0.598101019859314
849e55cf3d8ae4bad178c618aba06179,straight,night,0.043267130851745605
84fcc7e412c81a982cbc3121fee017cc,straight,day,0.5788117051124573
850898ae0bd1bcd555d297d34594bdae,right-turn,night,0.0576324462890625
851eb1ba391495a18cf3d7371e32924b,left-turn,night,0.13072609901428223
85762077cea1b366ecb6f9ae9fe494f7,right-turn,night,0.07334309816360474
85997a48a48104970ad9347a6edba214,left-turn,day,0.6022807359695435
859cf93d01347552c6973eb464f58167,straight,night,0.0303436778485775
85a65525fd20984bc8d1a4f04ee86798,left-turn,night,0.036111414432525635
85b27c502fee1289a26253dc32038ffe,left-turn,day,0.8419440984725952
85cf81308c2afac5c0e88dbcb8ee1286,straight,day,0.6027643084526062
85f35f57dbbcf9602a64a7bb6e9a2480,straight,day,0.6642668843269348
866502c0b822f7848cbd9bfc5830d723,left-turn,day,0.7571729421615601
867522daf0760d1c993a392ec2468f66,left-turn,day,0.8270803093910217
86887df5cd0c0a1610f0a1dd6d18171a,straight,night,0.034110408276319504
86901a5262d98f52b3ea7cde02d1e9f5,left-turn,day,0.9729263186454773
86959ff5c75b64287b9ebf00b8d16894,straight,day,0.8495469093322754
869853d22581af2cd56b6710eb921c20,lane-change-left,day,0.8998110890388489
87541f96750e18395ff8318173babb2e,lane-change-left,night,0.03872797638177872
875cee1bc3d724c6eea0e5f726b03e58,lane-change-left,day,0.8924965858459473
8777a1da447c079cbaadbc8d34497310,left-turn,day,0.5761753916740417
877f27225e14c5b4305c055ddf210a85,left-turn,night,0.06506425887346268
879f9df1547978772361c8916350efbb,straight,night,0.03576649725437164
87a58c9f39b0a541bb6aaae9791a3560,right-turn,day,0.7685065269470215
88625ef7bece9fb8fbcda3e7cb70d804,lane-change-right,day,0.6305019855499268
88ac41bbabdf92476eafb93f72e033c1,lane-change-left,night,0.034692056477069855
88c040c00b8b648c9f39bcc185232b6d,straight,night,0.16367386281490326
88c570f98758931201100d6e2e6a9958,straight,day,0.9958303570747375
88c9477c215ed7091b5b324b4dd68c4f,lane-change-left,night,0.21455097198486328
88e91cdc725fc9e7c01cf3b5f97a4d6d,right-turn,night,0.06172404810786247
88f857aecabb3515d12f85b2c4f96643,left-turn,day,0.6496521830558777
89212074486ee1018d6e9b2c6df4ed9c,straight,night,0.07613270729780197
892b2e103ff988717767f8ffb2bd8334,lane-change-right,day,0.7426143288612366
896b5ed47c33b2c1fe319f15e31b7aa3,lane-change-right,night,0.09285810589790344
896c708c111d8692dc2c200ed6928769,right-turn,day,0.8006576299667358
899a93c5e7a584b7903a16d4d1133c3a,straight,day,0.7796953320503235
89a78b51c2c97ac7653b662f4231ac20,lane-change-right,night,0.10697023570537567
89d30a05004e7e9bfd2a3bbc6b445f2b,left-turn,day,0.7487785816192627
8a4d7fbeab0a9306b10f81a008aee625,straight,day,0.7073095440864563
8a8d3d1cbbaa43e0aa1b79f2f0a54570,lane-change-right,day,0.9283685088157654
8a9a879d8cdf3ffe9f7e9aa2b8b57db5,right-turn,day,0.9042534828186035
8a9bc91b6436d7e5f79fc8616c7b0a47,lane-change-left,day,0.5821252465248108
8aa80fbe5c2a953f42e708b1b8fd0c43,straight,day,0.8679331541061401
8ab72fabcff7aa42d2b1f5912e562049,straight,day,0.6813308596611023
8ab934bd32f678757450b658a13706ca,straight,night,0.04098406434059143
8ad071c30a8ce8b3bbfc3bfb94d802a9,straight,day,0.5705965757369995
8ad3017a2851714eae54df2fe5c472b6,straight,night,0.04663300886750221
8af90c1849bdd98e182a76d4a3d6385c,left-turn,day,0.9120191335678101
8b03d6067b43f294be748397d0ce5656,right-turn,night,0.06999056786298752
8b3dcd8ab51961abfe4f880d49137427,right-turn,day,0.9412317872047424
8b511b227922c4014c210b737e256429,right-turn,night,0.04300579056143761
8b999e0ead4c0944f58ad648e1d7ca3f,straight,day,0.7621707916259766
8babe36c1e94fe1d088edf57352b278f,straight,day,0.6495102047920227
8bef7f653be02c95019ce0c53036ab54,lane-change-right,day,0.7383067607879639
8bfe4ed8b2911c487510033244464da2,straight,day,0.6883863210678101
8c07eae9261203513afb25aac288dd9f,left-turn,day,0.5217370986938477
8c1d31e956be3ebf4ae3a4e36bc2d428,left-turn,night,0.0355793796479702
8c532af5545ed223a586edf5db2f30c8,right-turn,night,0.19013461470603943
8c59d32c7e833e82fcd8989807751717,right-turn,night,0.029437994584441185
8c63574069fe98049aa858fac7b4fd66,left-turn,day,0.6278373003005981
8cbf4298c1b71ea37b3e35c04b707a7b,lane-change-left,day,0.7147015929222107
8cf69f39bffb9bc4d34f491757e412f8,left-turn,day,0.9368854761123657
8da82d06e0e498667dcfeb84bddc4d4e,straight,day,0.6001747250556946
8dbb7106e8ffb455f7c865d2aa9de58f,lane-change-right,day,0.8283267021179199
8dd697642db29331611711a27ae1861f,left-turn,night,0.048065029084682465
8e23d3241ba27a31d9b87330ab627011,right-turn,night,0.04246938228607178
8e30b38c9c538b412e135b1d15c58e68,straight,day,0.6491633057594299
8e3c3e2e983b46611a624067398b4c95,straight,day,0.905056357383728
8e3cb4fe7006b5d82ee1fd6fa61db4ad,straight,day,0.6072219610214233
8ea4ba08f5582f3010f50e7fd9b52603,right-turn,day,0.6467519402503967
8eb4a9c6257b2139c55ec893315776ff,left-turn,night,0.07061772793531418
8eee9cd3d2e8dc19360498e180c84dcc,right-turn,night,0.05709177628159523
8f5a778ce2b14a46724e3ed912cc6d6d,straight,day,0.5769030451774597
8f5b7777b204f062a056528c5aefd660,lane-change-left,night,0.07060902565717697
8f636a3a173a4943f8b5a1aea159b63a,lane-change-left,day,0.6800869703292847
8f71300fe9ccdcc7347e320a17768e06,right-turn,night,0.03413081914186478
8fb88e7e3046f40642497111aca31a37,lane-change-left,night,0.08630231767892838
901e0e7632830ea398114e9f3976323a,straight,day,0.9649341702461243
9046d9fa368f5c7fd790cd2593a01109,right-turn,day,0.6181303858757019
904ffa368a2d4e023396ddf75b632a8b,lane-change-left,day,0.7448711395263672
90567bc808eff2209e116c2160df08dd,right-turn,night,0.036019884049892426
906c181fa21e32cf734d3ee5fe83abb8,lane-change-right,day,0.6995842456817627
908c1ec127011f344f305d0112ab7257,straight,night,0.07455040514469147
908fdc22e61cd84a3cc0dd787b99b170,lane-change-left,night,0.0491659939289093
90ea03080e0d0926fc7c46182ada68ee,right-turn,night,0.060622986406087875
9129e559b46a6201c526aa0a34942454,lane-change-left,day,0.7721215486526489
91363d23ce6a357eb20517e511f06307,straight,night,0.10553769767284393
914ff4d463c3dcddb72b404704892870,left-turn,day,0.5861724615097046
9164360979a21a6ffe6812e9d8b2ea16,right-turn,night,0.03279890492558479
9178c10600c5d8641296336046450cda,right-turn,night,0.11670881509780884
9184ba2d24d84b767274779894a096b8,straight,day,0.48910439014434814
918896c196d157e96fa93582e4bb4fcf,left-turn,day,0.8734880685806274
91b480f6db1448850f4058600f4cf1ea,straight,day,0.8450658321380615
91b626d25845f7cdaa7f6d702a073b59,lane-change-left,day,0.7920758128166199
91c8c941e8745d4fb868ad9d90093a24,left-turn,day,0.49267247319221497
91cc59a2fbbb75e2d34c482c1ee35e27,straight,day,0.49704667925834656
91ecee2ae1306ed10f90e9646fb352c7,lane-change-right,day,0.757847011089325
91f2d6f860d83088016bef0fee0855a1,lane-change-left,day,0.6920434236526489
920d9d93127be940246d52863435ad80,right-turn,day,0.6016205549240112
9258f24a1e8687c4cc58ebcf058aed62,straight,day,0.4700368344783783
9285ef829980760b883aa58cd6e890b1,left-turn,night,0.04445302486419678
928eb060aaf2c60f0ac65ef99d5f1703,straight,day,0.7514041066169739
92b2d73cf14ed5c332fc01f994cb8c46,straight,day,0.7144299745559692
92df7a3d56263f9bac047b83efc0c03f,right-turn,night,0.034558843821287155
9317966ff42cb05da772568a2a7e9e73,lane-change-right,night,0.04443201422691345
9331de16d55e2d34725fd31705093034,straight,night,0.08236425369977951
933effd47d45111d816bc815be505761,left-turn,day,0.6131818294525146
938fcfcff7d05958e956bfefabff0f42,left-turn,day,0.48303699493408203
93b3978d36d34e57a1a82b7391d98747,right-turn,day,0.5910254716873169
93d24d5a1e8bc64cc35ab492dd642b06,lane-change-left,day,0.6794009208679199
93dfbc9ce57bbf20fce54edd0e4bc23b,left-turn,night,0.030704090371727943
93e1972d990f8c1fccf2bc31205d25b3,lane-change-right,day,0.6644944548606873
9419db226e2ca04abab07e3b5fea5547,right-turn,day,0.7231303453445435
94237a2940aaf7af9d4ac2aa71c252aa,right-turn,day,0.6162521839141846
943c4cb0a3a102fb141dca9b44179115,lane-change-right,day,0.9386299848556519
9447e0b3f8a3299f685d201fd6cd8256,straight,day,0.863334596157074
94492f4267c103f8297acd28a4cebe8c,straight,day,0.9364283084869385
945063b5b287cb90b46c6f321e525451,straight,day,0.5824064016342163
9451a20e54f5dd48e88bedefb852efd4,lane-change-left,night,0.07364769279956818
947f6fe3e8c4c6ad4805e1017655e6a0,left-turn,day,0.9433690905570984
9480ffccbcaa26d0edb7b69ac32f7ac5,straight,day,0.6563067436218262
94bef9fb3ff97dbb5353f7e825cb22cf,straight,night,0.09487997740507126
94e7b78ef566545091c7baa264569cc7,left-turn,night,0.03334646299481392
9509cbe2a02be5555c4c4e25b5156ab9,right-turn,night,0.05667121335864067
9521f296d2d30681059eadddfc8d9c78,right-turn,night,0.06704165041446686
952f73517d46795bc4bb761ee73db946,left-turn,day,0.7542564272880554
9572bc3864b5d226809af32b426b5da8,straight,day,0.9326211214065552
959030398c3807e58ff0bd04f1ee83b5,straight,day,0.71891850233078
95a5b288834d6b20e63fa12f0dddfb9e,lane-change-left,day,0.7625030279159546
95b95c178892347aeb2e248658946e89,left-turn,day,0.7030542492866516
95bf2f670cf99bcfcdbe22769dfeee71,right-turn,night,0.030761227011680603
95eae57ec59f712a467679da5a855bc4,straight,night,0.11145402491092682
95ed01e160e44003cde5421a838bac61,lane-change-right,day,0.5206925868988037
96005d2c7a3a96570ea6d1ad05603f12,straight,night,0.030331052839756012
96142ff4a8f1cb97c0c9863d4f9ffd70,right-turn,day,0.8635063171386719
9647e330b097b81ba4fc64c0bdf78141,straight,night,0.0785398855805397
969c0b4da1d8f37a9dbf54244f2ea9af,lane-change-right,day,0.8423853516578674
96a32246f60cdda70213e2a1296a6a8b,straight,night,0.04678318649530411
97006ef0fe779fde276d538ab4abf9b5,lane-change-right,day,0.8722304701805115
970d8d947bb42ce103d6e0e46d4ea333,left-turn,day,0.5758553147315979
97146edf87c66f3db8e94fa62eb44c82,left-turn,day,0.8768914937973022
972a3d452bb5d33d70eb3a063d6acf1a,straight,day,0.6398645043373108
973f478286a7fd421f49ed5370697fe2,lane-change-left,day,0.8876358270645142
975dacfb6d3c344ed6fa9c3d926ab741,lane-change-left,day,0.8239483833312988
9792b5d2db9bb45af3d54bbf51dccc3c,straight,day,0.6798089146614075
97c6f177389d0c7014180b1be480640b,right-turn,night,0.0697413757443428
97e023827ba6d2ab8e49260007212cc7,right-turn,night,0.045080043375492096
98527a99b33358b7d3b8eeed5a0870db,lane-change-left,day,0.633456826210022
985421b39f294966074898bb5c51030d,straight,night,0.02879020944237709
986c3caf451c856314ba9c6a5ed5b7bf,straight,night,0.09146521985530853
9881619cce29255300626157a1a5b032,straight,day,0.560129702091217
98867e8ff911ee563da604e0025acc29,left-turn,day,0.7630672454833984
98a2398cadb3622bbe35512682a70dcc,straight,day,0.7096274495124817
98aa96d0d85f74519fa48b4f306c66f9,straight,day,0.9265444874763489
98b7e2af184b84c99920c8d0c6db01a8,straight,day,0.7441744208335876
98cbb6fb85e0b0f17c2d58eb41c84055,straight,day,0.6731076240539551
98ce7df65a9dd284fec2af85828d6c1e,straight,day,0.6689769625663757
98cfaaa6e93db4bcab7d19ff8edf01cb,straight,day,0.8468560576438904
98e37cdde4200cc2b36438fbcf1b4b9c,lane-change-left,day,0.7438111901283264
995e7ca35ad98a1bce40a2ef4b78a3e3,lane-change-right,night,0.0463993176817894
9961edf4dbcdb57cc9b080453cb33b49,straight,night,0.0511552169919014
9998ae40779047458598c3150c3859e6,straight,day,0.8406493663787842
99ddef6583934e40137d5386a5e743b9,right-turn,day,0.6838778853416443
99e8368be1466990b0b103ce052f1ca8,right-turn,day,0.6142904758453369
9a1d770aba44f792deb98fc484c12f3a,straight,night,0.16642655432224274
9a2eea9e922615ac5225b0b648f8ccc7,left-turn,night,0.04870818555355072
9a347edd750b8d6d42c5344630f31c34,right-turn,night,0.029553234577178955
9a6e035b5e2444989a4b79aad9433cb6,straight,day,0.4839932322502136
9a7bff68040eec2323aea9ecbb1b1628,lane-change-right,day,0.9618769288063049
9a818b63958bbef08e689be17b9467e4,left-turn,night,0.04739851504564285
9a90cca08859a514b0bdd5abb7d997eb,straight,day,0.7368186712265015
9a92b60b3be25155a1b5b9923b86f4d0,lane-change-left,day,0.4661780595779419
9a94195c5920767a594ba401db476493,straight,day,0.8864128589630127
9a988569b4a2cdc9d78b97148d17accc,straight,day,0.8563398718833923
9a98c111e0e0ba2bd6e9f2e0a5b8f206,right-turn,day,0.6771731376647949
9ab301015273c31edad2b3c6dd196d37,straight,day,0.5173122882843018
9ae16327d2657a4be7efa06c7b3421bc,right-turn,day,0.6148055791854858
9ae765882522b2e8852b5d522909db58,left-turn,day,0.6950336694717407
9afcd66a3b15279cd905af9b0b1cc3c2,straight,day,0.768624484539032
9b2ed83be4604830b0071e6da3412b46,right-turn,day,0.5873749256134033
9b61a09fbe9461c2ab3109bfd920481c,left-turn,night,0.028948018327355385
9b7e9eafbed0248c4652e34d38b1ed4e,left-turn,day,0.8965364098548889
9b82f9c66ed4ee734f2c883e8dba3049,straight,day,0.8310513496398926
9bd23fadfa10385d13800100d8e19448,lane-change-right,day,0.8029159307479858
9be1166986ba2e46069224e25ff57bea,right-turn,night,0.03179699182510376
9be8ec0b20b262b6fede7700cc700c85,right-turn,day,0.8187787532806396
9c1ff2db624283f075f2aea01392c737,right-turn,day,0.8232101202011108
9c30f86d7adf72266dc6f31c7b4a3552,lane-change-right,day,0.7425752282142639
9c461c130e4772a3cfa5f52b1407109f,straight,day,0.5169298052787781
9c737484c5fc491d2084fd88cc2deaa7,straight,day,0.6854071617126465
9c9ee8383e068988d8e1a2228bbf200b,straight,night,0.07439946383237839
9cbf6a3d2954db5fee34ebca1a4dda6e,left-turn,night,0.03898625075817108
9ce04bce8c17baed36532a800d300769,left-turn,night,0.036224160343408585
9cfa7e1fd7780b4513c0129f61c32132,left-turn,night,0.040080491453409195
9d2824b2821c3eff868e9eae7504bcef,straight,night,0.08456381410360336
9d775e3bcb97e1220262a9e07c66f737,left-turn,night,0.17785823345184326
9d96fdb4c1bd1a14cc980f246525057e,lane-change-left,day,0.6540257930755615
9dc48b5006f7c092aee7293cf2132040,straight,night,0.030767250806093216
9e1f359bb7d5c89f7946a3b89c05ad6f,straight,day,0.6924670338630676
9e336cb93148fd1b9158bdcce59ed95d,left-turn,night,0.056103646755218506
9e4dd0eddc7504df3c354dd129fe2287,straight,day,0.8638513684272766
9e6ac8fa794acb6016ee9c2873991354,lane-change-left,day,0.86664879322052
9effddcb277b7d314d6c64364c0ca42c,left-turn,day,0.6808989644050598
9f1fe7e45bfb0b19350ac6bcb2a8fa1b,lane-change-left,night,0.04551071673631668
9f39cc229e9023ac37979c880d5526a5,left-turn,night,0.07007695734500885
9f5e2afdb4c2e07b539064d29a2b11b6,left-turn,night,0.09118717163801193
9f887e3ef963de449ef76a69ec09174e,lane-change-left,day,0.8458224534988403
9f91b09b64010baf1e1d704f5df2ad42,lane-change-left,day,0.5937477946281433
9f925894dc30b0eed436fe0393890ca3,right-turn,day,0.7421456575393677
9ffeb21cc2df5c0b8c64a0085daa0c11,lane-change-left,night,0.046283721923828125
a02d9c1da351c67dd2a8ce85a235ac2b,left-turn,day,0.6948632001876831
a0468481ffa18ac3e3fd46eb73144de6,straight,day,0.5096221566200256
a06d3015e09c279006007d6b0be0f83f,left-turn,day,0.7645738124847412
a0b759ea86941babd12f6b2a5804c052,straight,day,0.41386398673057556
a0ba2c3acdb180496107132d7fed96bd,left-turn,night,0.037221502512693405
a0c84c254c3fece635c2719db188f125,right-turn,day,0.4357984960079193
a0f77cebca16bb01e7d4e72346e76ade,left-turn,day,0.8724308013916016
a10e8ed3e40d0666cf93a5ade221e5ab,straight,day,0.9437132477760315
a17fb75c407a8a50a6ed9d12765cb252,left-turn,day,0.7965136766433716
a19185ec0a69c9273f7c545ffe07140c,lane-change-right,day,0.7193956971168518
a1bbf9e17c360e5e2899a9070ff4f0c4,straight,day,0.6689544916152954
a1d1a8d35c41d7631d7c5c3b9fef7392,lane-change-right,night,0.040141988545656204
a1e3b3d4abf4a531588048cbb65d0aca,lane-change-right,day,0.8424698114395142
a1fb37e8cacbbdaaf3136109f7998c11,right-turn,day,0.5683389902114868
a20d37eb72b0d341fed9d31da7202b51,straight,day,0.909199059009552
a224251fcde057231c25a416cf078f5d,straight,night,0.08671018481254578
a22f0c917f783534abcd19be105ba66b,left-turn,night,0.031415559351444244
a22fbf2dfc7cc9bc37b194e45bc2c447,lane-change-right,night,0.05125407129526138
a23b600108091ac2c64c4792570e9088,straight,night,0.10423029214143753
a24a5553f5101062a5cb2afc9c81c657,straight,night,0.11788134276866913
a25b81782ba3ce75ec2ba409866c1519,straight,night,0.04026290401816368
a281a9404dc88cd2b6d808e672e38411,right-turn,night,0.03203505277633667
a295990d8c6fff16256d5dc1c44a7847,straight,day,0.5800139307975769
a297353c939533fa26edba04913430c2,left-turn,night,0.1646723449230194
a29fe71a00694398b3fe512534ad5c2d,lane-change-right,day,0.7602010369300842
a2a32bada4aafb618d83f40c639606f4,straight,day,0.4814226031303406
a2a6e1596f6f6e121db9721be8b12641,straight,day,0.5937162041664124
a2b24fb57f1400d4f2873f4f66a8fc6f,straight,day,0.6117458939552307
a2c84b969f89940204122340b2baea54,straight,day,0.5874420404434204
a3080155712515f80fd765c97370d428,right-turn,day,0.8805172443389893
a31ce9573483a6bcb13fa74ff6a5dcb3,left-turn,night,0.04442332312464714
a32127980353a23ff8bbfd83ea2b2341,straight,day,0.6794514060020447
a3712845523527379f273278884d24f9,lane-change-right,day,0.6223293542861938
a3d3b99d83e69b1faf32be3e9d203139,straight,night,0.0783180445432663
a4131edecc9c05f68bf4fac27770ed50,lane-change-right,day,0.5887547135353088
a41b501333ec243d732a84e74295faf6,left-turn,day,0.7317264080047607
a4718ae734ccd4d520233aa8087d2753,lane-change-right,day,0.7079165577888489
a47b225349f5ea94b3481c28efefe0ad,right-turn,night,0.057218559086322784
a490e2f1a963a17f277295f208742cce,straight,day,0.7986786961555481
a4a99e9585442d4ead92037fa1006d79,right-turn,night,0.04982537776231766
a4a9b131ce4bec4b2bc8f43547295bfb,right-turn,day,0.8100162744522095
a4d83ae0e71a4a176d7df8de15251be1,lane-change-left,day,0.6442795395851135
a51dd8dcb43edd957df7daea472302be,left-turn,day,0.8506882190704346
a5264c6a7f41de24687ffd86e1fabfe0,lane-change-right,day,0.6796131134033203
a529f4f3e78c2172f35106ca7d60e246,straight,night,0.07480806857347488
a53554f5c755e76af5f4a77acd5853ac,right-turn,day,0.9071251749992371
a57ff44133ca09ed884c1816a05e2d3d,lane-change-right,night,0.10497678071260452
a592a1e4ce0911a0defda98a53b549fe,straight,day,0.614332914352417
a5ab98bdd03b40cd2f1e2ad78b76cea1,right-turn,day,0.909812331199646
a5c5832d26ca937c9c859b207e420462,straight,night,0.032569218426942825
a5d68cd8f93fe87aa1e141486d3eb7ba,straight,day,0.6823184490203857
a5d9a36ccd15d829b542a63cf914388a,left-turn,night,0.1201544776558876
a6083990380c127732766a0a83a61c84,left-turn,day,0.8012159466743469
a615fee036d16bc0875c364075ed284f,lane-change-right,day,0.8489915132522583
a62e300f60147160412c8788bf15a617,straight,day,0.4348480999469757
a631a1e45ebd21fa38684e71e82e81ac,lane-change-right,night,0.03573067486286163
a652f6f9aa1808e582b494f943c1f05b,lane-change-left,day,0.6547934412956238
a65530e0270f99a74bb7fe7ac29e416e,straight,day,0.5764502286911011
a65f346c1afa7fd47514984374cc5c49,left-turn,day,0.41848137974739075
a6822a70447af4569b0f988f666eabb2,left-turn,day,0.9804251790046692
a69a34a5c2a39c6a8d272fc095610efb,left-turn,night,0.13636477291584015
a69fbdf070cc06c0ff14e5f2117fba0b,left-turn,night,0.04543112963438034
a6a302431a7ffd11e34a3e31582293ae,lane-change-left,day,0.72202068567276
a6ac899b65baaaf27a5fa9b40653ff82,lane-change-left,day,0.7296982407569885
a6b75c5c9059d7ca0288a14fcdb0f504,right-turn,day,0.7270301580429077
a6c31e1f5671bd43ec4ca644aa304277,straight,day,0.7431264519691467
a6c6dc17f8aa466daecd1e0963439ce2,right-turn,night,0.049093618988990784
a6e32b8f0cc897572a012bc1574d8826,lane-change-right,day,0.6085253953933716
a71aa217d4e17b56ac379b122d05a4f6,lane-change-right,night,0.04541792720556259
a71f7cb3b0779f619ff980590ea6c9c5,right-turn,day,0.6337107419967651
a747983d83d7aa6d985de219a3984a12,straight,day,0.641701340675354
a755d4b9d7685f5ed9a36ccc3127be51,straight,day,0.6058812141418457
a7564255559ac692c80a1750a071abb9,left-turn,day,0.44011828303337097
a767331350d57fd30bf380a4937a1c9d,lane-change-left,day,0.5589421987533569
a7875e89ea326397a5a4dbca36221c4b,right-turn,day,0.8583984375
a7cc40935281fb32b946d302f980ea8f,straight,day,0.8428430557250977
a7f0dfd17442536d2ebcacaac18e99ca,right-turn,day,0.7680536508560181
a7ff119946fec688ae28ced6dd3771c4,right-turn,day,0.5627946257591248
a80bcc235c455dff32d47dd19e64bd8c,left-turn,day,0.5239303112030029
a81813b3aa8e414e143a70d960a6dde8,right-turn,night,0.09570454806089401
a84bc9afd387088def392c74b039fc6f,right-turn,day,0.5649150609970093
a856bc86b25e5fe7da3ec082d4b406c4,straight,day,0.5948624610900879
a8946839f992a16fdd3f88c6f969199a,straight,day,0.8218680620193481
a8ab788b9e8b94ef586ec9fc4cbde325,right-turn,night,0.06940969824790955
a8c0ca7aa104fc3cac8ff731b9522732,left-turn,day,0.6384927034378052
a8e13a67dad49d5a5e8ff3f7b1ce7e75,lane-change-left,night,0.05965084582567215
a8fa530d44f4e2ea9c4d7196ed1153d5,left-turn,night,0.13034938275814056
a94d0d8b289073ba791e35dc84461ea4,left-turn,day,0.6367104649543762
a95373c94ac8a0a54a45ec61e8afaebb,straight,day,0.7614195942878723
a959eca62f278e7c0d951fa72419c2b5,lane-change-left,day,0.6918505430221558
a965371322fbbbdfc1ef436ba0fd86ba,right-turn,night,0.04089907184243202
a989dc58541bbaff4cceba5bd87dee01,straight,day,0.49831730127334595
a9a744fc340268d422af667ea405555b,straight,day,0.7426812052726746
a9b8ec84e1b76473251e4f53b7a46969,straight,day,0.7906019687652588
a9bb2399fc4c29f47b79472b75d6b724,left-turn,day,0.8452466726303101
a9e086df6d0beecd017d4d292d7f5fe6,right-turn,day,0.7913963198661804
aa2c20499e8a50b86e4930733f154f59,straight,day,0.5435856580734253
aa2d7eccc3b82464dce08c23fbeb565c,straight,night,0.0306720994412899
aa46f444b07a409b8c2420a4515c988e,straight,day,0.7406778335571289
aa7a41c1fe3e7c9ced27a18e96c67370,lane-change-left,night,0.05900907143950462
aa8310164f8ba7384c0d2af4a05f32c1,right-turn,day,0.8302954435348511
aa8eaed6b6fc2956d9552fac59662420,lane-change-right,day,0.8442482948303223
aaba238855c1474525c5df7013e30cec,straight,day,0.7600172162055969
aae0e8ce0c955c59bcaafa2c143060c3,lane-change-right,day,0.9195327162742615
ab0b65dd5e2911ec85f94bac6ce9c87a,lane-change-left,day,0.5563281178474426
ab1a4d77a623edb849af9d7402f7a70f,left-turn,night,0.05206367000937462
ab2c62bfa4f2a7dcb10c87ec928a731c,lane-change-left,night,0.08207009732723236
ab8077cb64213b617a8017f705022050,lane-change-left,day,0.5540542602539062
ab849a88944349e7b0a6ab313c590785,lane-change-left,day,0.9181444644927979
ab8b64a4b8578f9b8071339069fc896e,lane-change-left,day,0.6329594850540161
ab9786d9b1cb689da23ca287414ef726,straight,night,0.0936102494597435
ab9a9fa4f446da978045c1076c3f5f21,lane-change-left,night,0.06414823234081268
aba79749592486eac475a3f2ef19bb68,lane-change-right,night,0.09446071833372116
abb17f0dedb9a1524daba6685e97ae59,left-turn,day,0.7984700798988342
abc32b2b65609ad20c2c8ad03e4c08fb,right-turn,day,0.6306449770927429
abd0d28c5e897a25145d0600d6bd5169,lane-change-right,day,0.6216349005699158
abd7d0cf4037891fe257d62d3f8a6e9d,right-turn,day,0.4386138617992401
abfa280f3c62d99f1f6f9aa2bbff8210,lane-change-left,night,0.06226841360330582
abff31233e93b7b72a9cf9bdb6bd90b6,left-turn,night,0.106246717274189
ac12a3fcd33b7ca59c19c431238a097a,left-turn,day,0.7483459115028381
ac3fea5bb9b237b5c24e164e61700eef,straight,day,0.69670170545578
ac948a01703dd3c51bbc6ee77fe2b7b8,straight,night,0.09026861190795898
ac9972ee630dbbde1a9a40887cf80db5,right-turn,day,0.6746475100517273
acb36901a0e8e0e2702f86c04bb0bf33,straight,day,0.4783285856246948
acd945011ee53bf6eccc983566206fa4,left-turn,night,0.056944817304611206
ad58476e67ef355a35f3e5e3530587f2,right-turn,day,0.8733832240104675
ad93d2e7c1f090736f3b0d9553ca7d84,straight,day,0.8293024301528931
adb2130fe01fe90730816f9c8a973b2b,left-turn,night,0.06997402012348175
ae05887df10cc15b7d1c24ce6a3a6ce5,straight,night,0.10684433579444885
ae125fcf6bc997b2cead481d581f72cc,left-turn,day,0.5749107003211975
ae887e31260d3313dad2814cab15cdf8,straight,day,0.7364535331726074
aebc1629d91e5bdef01b1d577534c556,straight,day,0.785317599773407
aec26a9fac5163b7a2b427ca4e4980af,right-turn,day,0.582312822341919
aedd88d6ce2552207e1677f2847aebe7,straight,day,0.6345117688179016
aee19fdc995892d79ada717de4417da0,straight,day,0.546208918094635
af1d9cde52b27eb292669fe8c10553b5,right-turn,night,0.08049125224351883
af389c6a978f47f8a686731131d6e48d,straight,day,0.6280145049095154
af3d93ac2b96dbe21580fca517b1ab7e,right-turn,day,0.6126154661178589
af4eaf01ec1f673a72cf01ab8a40d7b0,straight,day,0.6525673866271973
af758be185dd27cc962049dbaf5f6948,lane-change-right,day,0.6282374262809753
af8575be1baa929c7db2854998f55249,lane-change-left,day,0.8218171000480652
af866bf3ee8c953b61bc1c62628e09db,right-turn,day,0.5923264622688293
afd7afd2fd7fe02b65210917a8b65da5,straight,day,0.3067314624786377
b029c7386cb1d00aef9da0c8aefee273,lane-change-left,day,0.5928855538368225
b0495d3dd899351f372affdd1fa47c86,right-turn,day,0.6990111470222473
b08d55fd1c041741a487b77aac7da208,straight,day,0.4796465337276459
b0b186a3a6e23839eb3bd89b9287ebb2,right-turn,day,0.6169759631156921
b0b2a38d6fd59d58922f783433dd100f,straight,day,0.3591407537460327
b0be51dff716b030eb07171230c14050,right-turn,day,0.9478120803833008
b0f524ee21218279ef6b293b9c729288,lane-change-left,day,0.8235911130905151
b10b4893819b5cd64b2ab7d6e7932df1,left-turn,night,0.06747594475746155
b119ca714d359fddbb0e7a4438a05654,straight,day,0.8518044352531433
b11d57e1bb71d790a78f9a2261384abe,lane-change-right,day,0.6081209182739258
b136a895ae9577fd9fec9a3119ebd5d9,lane-change-left,day,0.6522039175033569
b1401c1371c532f96fe11678e636efa1,straight,day,0.924214243888855
b197472f28df9f18c22654a5b514082a,straight,day,0.5715657472610474
b1d4355dcf23772c4eb6f19ba185e42e,left-turn,day,0.6376328468322754
b1d6d872a1dc393560a589f999e7b60a,right-turn,day,0.6569273471832275
b1ec7c8dee037cd7f2a84c1b5a7901a6,left-turn,day,0.4021671712398529
b23e190a9c8023322f81c14a459b6935,straight,day,0.7624276876449585
b2639a5cad2274a6df14516510d5b730,straight,night,0.04337375983595848
b27a68b83f5c97c382c5b0521308e048,right-turn,day,0.8306837677955627
b2cba4089efd6172a541d3f0f61fabf9,lane-change-right,day,0.5291023254394531
b2f1ea173b28f5fa693f194d34aa4e3c,left-turn,day,0.5969036221504211
b2f2a214153b352e9da4dd4c46762815,right-turn,day,0.6711457371711731
b30006aee01885edd8e6ebbea6a8e326,lane-change-left,day,0.6032934188842773
b304612347b35019f6bb3f0f085e92dc,lane-change-left,day,0.7214496731758118
b359b2c3842656fb2a0a89fbd9728c87,lane-change-right,night,0.06147623434662819
b36e6ce9701bcee2ad88384f66ef8a8b,straight,day,0.7929815053939819
b38c73af65ff977f4f6119c14707240c,straight,night,0.038880154490470886
b38c836083bb0910697096a7099a9a98,lane-change-left,night,0.038609325885772705
b395e7221c90fd7d998b197febb4e5a3,right-turn,day,0.6137130260467529
b3bf57a4be30501736cc86829a8d3bfd,left-turn,night,0.061312757432460785
b3c4404e2b76451cc481788af624b78d,straight,night,0.05705765262246132
b3c67f8d4ac491f9627f16c802b20541,left-turn,night,0.051194630563259125
b3fd754081977185b314c83a1211a26d,straight,night,0.04070008918642998
b40eb656c0a2765e0c21fc39d7a85c3a,straight,night,0.0815725177526474
b41771f0f34f1c08d72f690937d646ba,lane-change-left,day,0.7145993113517761
b445bc300455855f999e8b8ae8eea6ee,right-turn,day,0.5781921148300171
b44de3ee86193322bc25ccb5569d5d93,lane-change-left,day,0.6018532514572144
b45bef0119b7dce7006a0a8e196ce086,straight,night,0.037685785442590714
b45deb9cfab22ac761cdb58beec13784,straight,day,0.8750352263450623
b4719fbc4a81ae1378b4103cb6479620,straight,day,0.7201303839683533
b4a939e096422fe3acce8a2f6abc34df,right-turn,day,0.7404057383537292
b4ae3b2134a78717b8a4d545a0cc2c51,lane-change-right,day,0.8002497553825378
b4e2de67684553e623e756fc359c684d,straight,day,0.5373722910881042
b54d4faf7a4e1cdd8f9d1ccddf907b82,straight,day,0.8334432244300842
b59261e0ee034e857bcc13fc7f07acc8,right-turn,night,0.10438945144414902
b596db45aa39d8ed777867469668ffa7,lane-change-right,day,0.7469733357429504
b5b33e7c9c30b44b57937b20115ef5d6,lane-change-right,night,0.0915704295039177
b5b38b836f1422f897d130c46e33dd0d,straight,day,0.8006667494773865
b5bd0f950a41798f60df26863b17a39c,straight,day,0.8209857940673828
b5dfd7d31972c92209ef54c811d1ed77,left-turn,day,0.6677885055541992
b5ecbce156107d4e77da21631df2fc77,straight,day,0.8666492700576782
b6361f01ca2d5724646b7e1814ce37b5,left-turn,night,0.0424768291413784
b6848a6e4d8162ec421c378148b3a9b5,lane-change-left,day,0.8660467863082886
b6e14d9689151b7755ebfbb17688e665,lane-change-left,night,0.10693469643592834
b7686c4e2e09d6179a94a698a3a00c07,left-turn,night,0.035877831280231476
b7809634e9e5b79defa9336572fef620,straight,day,0.8957914710044861
b785cd5e934bee5a1d1e986309f0eae8,straight,night,0.03350839391350746
b7f27692a540399e77c98c7034b68056,straight,day,0.5944079160690308
b843f4d12a304b6fc8d9e66872f2b494,straight,day,0.9291902184486389
b84d416e992bcbbf41450860d1cac01c,straight,day,0.5444896221160889
b85e1d056c25eef736b428d6a56c3338,straight,day,0.9343727827072144
b8bd98093c08f72859bb716f67bdc137,right-turn,day,0.6154730916023254
b8c45cb3e0e4376b58d36f292e5ec67c,left-turn,day,0.5844035148620605
b8eeb92ff6490ca918dc17ed81d41fc5,lane-change-right,night,0.03559946268796921
b8f637b24e181d3022d6cdd8538d062f,right-turn,day,0.7772707939147949
b90db12414aa45811bad50cc67791a51,left-turn,day,0.7943195700645447
b91a719193913cbfa547af328d5b7bc1,right-turn,day,0.8603508472442627
b97fcd76b1463610788909801a971eaa,straight,day,0.7892540693283081
b989a3d059e53a3fc23c2ea29e8df251,straight,day,0.5344022512435913
b99437e33cfa5b8abc662a4f635c1496,straight,day,0.6691191792488098
b9957ecf45ce8bb08af824b713b10ed4,right-turn,night,0.029824940487742424
b998f24ead4a6fddb7a4f3a109b6e77a,left-turn,day,0.8982160091400146
b9ae2bcadd04625812e727c96d1c5552,left-turn,day,0.49552327394485474
b9f6c1e72bc6fc25b67e1501aefa8126,straight,night,0.033319246023893356
ba0ec06f7a59663e92b831099154a32b,straight,night,0.08710998296737671
ba0fe23973467dd6d31d84cb16ebfc68,left-turn,day,0.6493389010429382
ba331921d560e083f2d88621167bf095,straight,day,0.6205387115478516
ba6a7f3fdf5379ec6c40a8d6c95c8817,straight,day,0.7501833438873291
bab690b7f4d0fedc60106b731754b6ec,left-turn,day,0.6882484555244446
babc77f7843aa2dd944fe86237b7aabd,straight,day,0.30639204382896423
bacdc4b568885cdb592539ea2ee8a766,straight,day,0.8453940153121948
baf757ff205f9882e849c8f580a862bf,straight,day,0.5047982931137085
bb5d423dca182a8860d61c321ec47f80,right-turn,night,0.04132946953177452
bb8adff265f560c907fddba3d4688244,straight,night,0.051562417298555374
bbaacc9b2a4e738d3720da40db9661bd,straight,day,0.8515865802764893
bbc4cd9d56abe2e034d416ec504db667,straight,day,0.8213900923728943
bc09d6fbfeadea5febc1c01044366e4e,lane-change-right,day,0.5930611491203308
bc15e1bb160b41af351da70059997398,right-turn,day,0.88758385181427
bc5349a05ccad4fa84bb74f6fdadc2e2,straight,night,0.07807106524705887
bc563437d88e4e40a216b39151c09f8c,straight,night,0.06191447004675865
bc6e16cddba5d7e4a14a42959cd7522d,lane-change-left,day,0.5446258783340454
bc7bc71b74b7049bdfa7461496ad90e3,left-turn,day,0.5388834476470947
bcb7e9c8404ba9741bd8289c5320faa3,lane-change-right,night,0.05343005433678627
bcb80df790194a957c0d49cd7c6f159b,lane-change-right,day,0.9005144238471985
bcc5d960bb306001892a4acd78ee85cd,right-turn,day,0.7863847017288208
bcdec0044f35243c04c922ccbb14f89f,lane-change-right,day,0.8545538187026978
bd06f21e7249a1b25da18b1c8deb0ab0,straight,day,0.851845383644104
bd126987274429d0ac39a8ca067ee790,straight,night,0.029831673949956894
bd1406f89418c1a1784d71b220fde276,lane-change-right,day,0.5040538907051086
bd1ca437823f8aec03dba95a2dc731f8,right-turn,day,0.6884282827377319
bd55a271323d459b94a68bd6124dc1f9,left-turn,day,0.7656803131103516
bda8a58fbd768b8b8e761d38558b1dff,right-turn,day,0.9313017725944519
bdc7e866a2b3b6872885d85ae891ba81,right-turn,night,0.05373688414692879
be0045cc68ea4a98de330f85e2c965f9,right-turn,night,0.13200786709785461
be0181ed607c59a29dac738f9b61a02e,lane-change-right,day,0.9561540484428406
be0ae6dcf218ee3924b30626ac4781fc,straight,day,0.8695290684700012
be5683ba52d625cfb3956e90c5e2c5ff,right-turn,night,0.041082315146923065
be5d9f5eb89c8d3b136e8a24a4521899,right-turn,night,0.045503661036491394
be8984758fc6fd263206d42e57b83cce,straight,day,0.6135981678962708
be988601654ec06821ed0903c1a7d5c7,right-turn,day,0.9221277236938477
beaf6bb3abc12debe17dfc52cd8f4ec4,straight,night,0.05272289365530014
bec283b8c2ae2f27383c32417a09d386,right-turn,night,0.10813995450735092
bedec0e1e589b726fa53420a86c45909,left-turn,day,0.9520518183708191
bf3fd3110af2f0eafe3c074446552427,lane-change-left,day,0.7661771178245544
bf6f7bf6aefa799e4daa947ed0eeb7fb,straight,day,0.5805332660675049
bf8ad2a3172a3e3f8410d46791a46d14,straight,day,0.6556990146636963
bfa129412a0bf23a3a31aba143a93e88,right-turn,day,0.7803156971931458
c08219ba02d2227d26a0fb95f355b400,right-turn,night,0.07612072676420212
c086330168a335e2702e9bec118cb3a2,lane-change-left,day,0.831356406211853
c0955bb3ebe5b1d45769017c5207b8a2,right-turn,night,0.030555296689271927
c0cfa332665ff9df65d45d17216225f7,right-turn,night,0.05564878135919571
c0e2d40996f35a40452efc66563a44f7,lane-change-right,day,0.9860602617263794
c0e9ce84e72ef0d3a0b5dd57960f8cce,right-turn,day,0.4796173870563507
c139e8ae56825bc6caa6e26b22c003c7,straight,day,0.8003535866737366
c140ab74e630b88f5a9f1bcf95cae53d,left-turn,day,0.714844822883606
c146994dc689dc15785929ee5c09052d,straight,night,0.046907998621463776
c16466745d41f12141ed6f69f548c0cd,straight,day,0.819466769695282
c19737728a42d1066a1cbd73614af471,left-turn,night,0.05787786841392517
c1b0b0fa74e3f6d13afdb591a0a6a8e9,right-turn,day,0.6648239493370056
c1bb0b7904ce8fcecb4c8f518d36c688,lane-change-left,day,0.5478484630584717
c1e7366a8d5ba24726a6def827637814,straight,day,0.4636209011077881
c1e935659e5a6a4d51614efd3ac7de9e,straight,day,0.6115042567253113
c1f2ca3bb8d683bd203bd3199e0d162e,right-turn,day,0.5546246767044067
c1f738ec188cac7a7379b8fca8d4601a,straight,night,0.06769244372844696
c226219b635078cc2d8083feb9547352,lane-change-left,night,0.0513945035636425
c228ea1327f844633e647705bd642ff8,lane-change-right,night,0.045500241219997406
c25377fc9372929baba18bea2ed0a091,straight,day,0.7329369783401489
c25a9d17d9339fe11b268874e8c4b610,right-turn,night,0.03023628517985344
c268c140cc718a0a105281dc562b6ac5,straight,night,0.07049552351236343
c26a139638d9c0d24c072b0bef728870,lane-change-right,night,0.059300947934389114
c272cc9989b499bc55db04adbd03a9d3,left-turn,day,0.7418993711471558
c278c85a17f972cd6f969ad7664b4aae,straight,day,0.7974905371665955
c281e1cb0e8c9713ec5ce2af0d4adece,lane-change-right,day,0.6597212553024292
c2b03c2232cfe3b55fcd19fea1bb44c1,straight,day,0.7518712878227234
c2c371419a54d38d3e7b7fd36e95ab31,straight,night,0.09095805138349533
c2f10eae1a40858b5b6bfdb126316365,lane-change-right,day,0.9182828664779663
c3135e4f42997e036515e2ab9e024d4e,lane-change-right,night,0.033194445073604584
c32624fbfde8a4fa7b3384502a40f832,lane-change-right,day,0.7334966063499451
c35a59ce6782bc67d15d7089627a48a1,straight,day,0.6745415925979614
c35a8899cc72f064387f1175740d8416,right-turn,day,0.6789589524269104
c379b6785c1ec40bed27a6e20ce4f408,straight,day,0.9147984981536865
c37e747b8b4db17e9937f91be2e994fa,right-turn,day,0.4925749897956848
c38223119a02ef785adec5063b495877,left-turn,day,0.9467535614967346
c38a7529c4422d96f2239b3f415b46c0,straight,night,0.06693624705076218
c40f8c5987d4e102d06a799fedccaaa5,left-turn,day,0.5952773094177246
c41caadf059c69f4eb701d7b7e29a2e9,straight,day,0.5796399712562561
c41dfef583199fd4912f1e96c95bf142,straight,day,0.9215502142906189
c449ffdae97cba80dd23c73e3d68fe3e,straight,day,0.8329095244407654
c4633b4d2aac40dc2aeab39dcce732aa,lane-change-right,day,0.7407805323600769
c46e804e9fcb887376492eae59663409,straight,day,0.9659417867660522
c4ba35b02f647591ad13fbbee598360e,right-turn,night,0.04172642529010773
c4d2a1c09c65ea95a5e1b484a4fa4760,right-turn,day,0.6669982671737671
c4e9789c828ebc6ab33d0c7c7788016b,straight,day,0.5898104310035706
c50040f92315af7da6fa5ae75119100c,lane-change-right,night,0.05293809249997139
c5151b62478ef942f88f975f2b31ea47,lane-change-right,day,0.7908697724342346
c52a6d8e4c741761298ac04f335f9f4b,left-turn,day,0.963247537612915
c57453d3654656874dc9d295496bc2b2,left-turn,night,0.10824889689683914
c5a5207f3418a049616ffbf5268bf8d5,straight,day,0.7547860145568848
c5ab9da16e21acb6823f4ec5e268549b,lane-change-left,day,0.7209734320640564
c5e1902f13153becbe379e93c779ebad,straight,night,0.20097598433494568
c5fe7ce6fbd912f519737e45b7fbfbb7,left-turn,day,0.6158153414726257
c6364ff29aee952c064907f8c689a86b,straight,day,0.592502236366272
c63ad40eb8610c3497079d43f27fe613,straight,day,0.9711247682571411
c652f18c87a3479cad2915a81cdec04c,right-turn,day,0.730030357837677
c661e565bf884d10f94c3bf696c7934c,lane-change-left,night,0.05484975129365921
c6e0a7ff5f95ef5e69cc9b790d177166,right-turn,day,0.9031055569648743
c6ef053617317dbef9e494bf2704cd1b,right-turn,day,0.6724069118499756
c725ec5e9baac116d3206497e623d861,left-turn,day,0.6401208639144897
c732ab779a9ea1b18b8c5cca49d12b53,straight,day,0.6002270579338074
c74f1fba47d8704b3b0783da4adb2d04,lane-change-right,night,0.033614516258239746
c75458067481ecb99040dbcd8a022ba2,lane-change-right,day,0.6209400296211243
c75c8bb4d955059b7894932b38381643,straight,night,0.055899981409311295
c792603809a544b9d000c236472d028a,lane-change-left,night,0.07888045907020569
c7b8cf508e356aead64a5c6e22502879,straight,day,0.49924278259277344
c810276a2af80a97a45b6bc17b014bad,right-turn,day,0.675449550151825
c813a7b0498907d60229889726e582a1,left-turn,day,0.7986246943473816
c8285d4afeb095d5879838ca1d01b57f,right-turn,night,0.04751340672373772
c84c29291f55ff36d288f665eef189f0,lane-change-right,night,0.10394614189863205
c883669bb2e877b81be219764cd0ebeb,straight,night,0.05430226773023605
c89b939223481d70893dad1cfc869a56,lane-change-left,day,0.6250703930854797
c8aedd82b4e1c74c9f3451c6e1e882f4,left-turn,day,0.9047343134880066
c8b97b9bc449551b8cf004e026dac6ab,right-turn,day,0.883121132850647
c8cccdb66479dc6c68bfed55b3860c71,left-turn,night,0.03893732279539108
c8e6bc5e694fea979f6262d17e4d6679,lane-change-right,day,0.6150021553039551
c8f45de1e780c6bb2a3eb6ea58c9d32e,left-turn,night,0.03055681474506855
c91d437c22d5fbd23e9c1ff33e0e5147,right-turn,day,0.9541100263595581
c960c747cd31d396601628b5adc48dfb,straight,night,0.09088805317878723
c97cabae55d70167e869c17cac108576,straight,night,0.060760755091905594
c9a3ce78ddbea875bb29cb854f7db085,left-turn,day,0.6953325867652893
c9d2a78b01bd6bc67fffe3f007e24bc1,straight,day,0.7277247905731201
c9d412392a6e9a091e76388d97f19e2b,straight,day,0.8875877857208252
c9e76ba29db9dd59d75eca44d849e593,straight,day,0.800692081451416
c9edb4730fc275a1442505c4ad1d8fe9,left-turn,day,0.9539075493812561
c9f02d853be996047d19ed3d4e2f9fda,left-turn,day,0.5892744660377502
c9f53869ae7847d7b7cfdf1f0a373360,left-turn,day,0.770301342010498
ca328ceb6400d5472ffae255edf10aa4,straight,day,0.6896317601203918
ca4c6bfb5353b4f501e74c9883d13d3a,left-turn,day,0.9679633378982544
ca94b684137275c69dbaccd74a0ba047,left-turn,day,0.4459090232849121
ca9763c7dc201f129dedf6559e5579b9,straight,day,0.6441465616226196
ca9e48f90861b986fa028943e0fe4ca1,straight,night,0.05610523372888565
cab6edfb55091dcf8f9a8a45649fca13,lane-change-right,day,0.5336610078811646
cb012b60588f004052ff7ce3e1925e46,left-turn,day,0.8133209943771362
cb402282bda6c6dc3398ccb3b1d990b6,left-turn,day,0.602580189704895
cb59e354cc3c99e4123a29966fac05e5,right-turn,day,0.7853249311447144
cb61ce985416b5c47f18a1672046160e,straight,day,0.8349342942237854
cb6aab476e2d24703b0707a46e7b9f21,right-turn,night,0.06822969764471054
cb7d21c1b555518fe69c03e6cb6aae28,straight,night,0.112131766974926
cb84fce95b4c5871c62a4859d921a54b,lane-change-left,day,0.5793272256851196
cb8b8994cca163459de6e77c23873ace,straight,day,0.808070957660675
cbb18151b7f7031107bd82c2543a1ee9,straight,day,0.8609147667884827
cbbaa566f3b6ecb12a7ea1c61cc5ccf7,right-turn,day,0.6258094310760498
cbda6736d412334da820e864419308b5,left-turn,night,0.04327749088406563
cbf26d3d1f79e82aaadccc1de8035892,straight,day,0.8449884653091431
cc01808651c3b17930478e2d0f0008d3,straight,night,0.04268332198262215
cc4a25e596e3a7155b1b813ea0f3c83d,lane-change-right,day,0.7015538215637207
cc5d443029398a387f7d30224e6223a5,right-turn,day,0.5973865985870361
cc60f63b7db1aa0e929c9ad92c13a6f6,right-turn,day,0.488010972738266
ccb549ca44c133b04b3b162bbe86e1c0,straight,day,0.9080871939659119
cccd6b5049ee1a657cd5935a198f124f,right-turn,day,0.899932861328125
cccf5e1507d5f519ea35e92ff3db0d6c,left-turn,day,0.8989611864089966
cd160d27605d872eb7850224e0f66a68,straight,night,0.029834067448973656
cd3b0df9ed9dc70223e18ce059c16492,straight,day,0.7305459976196289
cd70d828dc4932b17f48bd58b8cc390f,straight,day,0.6523767709732056
cd86767c4591f1f21911ed700ee53228,lane-change-right,day,0.7583878040313721
cdab59b0886ddd70ee637a4898f41224,straight,day,0.7883174419403076
cdcabe1c0037d309de0d5fdd53becf18,straight,day,0.9383018612861633
cdd68cd0c02d83badc60fa7116b67dc2,straight,day,0.8570843935012817
cdddf84b377b74ba8446e79aa221b75a,straight,day,0.7296384572982788
cddf0bcff072c86d54d918d09227131f,straight,day,0.9182999134063721
cde61894a2404363ce0d955036eede9a,left-turn,night,0.04370503127574921
ce1f5c1dc77ec15838759498e1a3a4a1,lane-change-right,night,0.042338475584983826
ce3cb9231c05c659f37278a38b9b2a1b,left-turn,day,0.4853934645652771
ce5b26292feb5600cfc7da8a71b7e608,straight,day,0.8245915770530701
ce5b9f7b374dcbbae7655a1bcfdc05c2,right-turn,day,0.8089269995689392
ce64e64a50f5e190ee8af0a128b01111,lane-change-left,day,0.7117182016372681
ce714814d1ebe9318bf96f0e85d27d23,straight,day,0.553185760974884
ce8057043f8a3d70e4340bd1c52a0fd3,lane-change-right,night,0.20074434578418732
ce8a64c3bb081802d78fe47ed27ed002,right-turn,night,0.03041144646704197
ce92c6c99ecccc7b83417b6034ec9743,left-turn,day,0.9873863458633423
ce9680ef7c2ddfb0de3f4fad679a840f,straight,day,0.659625768661499
cec3066b4609cd0dcb119539fedfbad2,straight,day,0.7124980092048645
ced048a8b0eb7e6ddf6791c4fc4f9640,straight,day,0.5890800356864929
ced494e111084c218f25672bffef1756,left-turn,day,0.3179562985897064
ceee86ab375be646eaa24e001f834efd,left-turn,night,0.03395821154117584
cf09a98629eb814eca0c72651b0e7f3f,right-turn,night,0.04051756486296654
cf15267163eead5952d8cfeece70430e,lane-change-left,night,0.0333871990442276
cf18218e2662ecf0018d911ff4276475,left-turn,day,0.7300639748573303
cf5435ec5413ee989e2cb20e084bd1ac,lane-change-right,day,0.7622817754745483
cf57bf8a7a83269b56a277572324cde0,lane-change-right,day,0.5286255478858948
cf5a330837edcf65db0e75952120fd29,left-turn,day,0.7254637479782104
cf60b70dd30d2ab67d6803578de5abc8,lane-change-left,day,0.6359789371490479
cf6d7845b69ab9a1a48ff48f9065a427,left-turn,day,0.7803567051887512
cf84f705f1954e62880a0ce641fdb361,straight,day,0.5411317944526672
cfd75c8e6085b11d68e8ae50fa7d1d37,left-turn,day,0.8721439838409424
d038ba77e601ca81233d0af39bb8bb05,straight,day,0.6531152725219727
d0476628b8e70af838f6a186c04c0264,left-turn,day,0.7992231249809265
d0cd7c98a15cd2280c324cb80e99e2e2,left-turn,night,0.03230227530002594
d0d78abc89eea37621082b486eff2ced,straight,night,0.04571415111422539
d0f5ed6ed6c4ee39dfbb9e3394842d84,lane-change-left,day,0.6388638019561768
d172202f3ba715813d899a33d0d6a9d7,lane-change-left,day,0.7108707427978516
d172e48d29f1d3b1b0c2f371545051fc,straight,day,0.7313492894172668
d177eff65b31ea921e47ca589385c22e,straight,day,0.6285521388053894
d18e70bd37a91303ce6b0aeced8b7ce0,right-turn,day,0.7318447828292847
d1a4b4d8b758649fd26802a5a623028a,left-turn,day,0.48767319321632385
d1b46ff4c1672e5648b59f28ba90bc20,lane-change-right,day,0.7631904482841492
d1b9ffa6a90456a88edf290aa737a786,left-turn,day,0.7826199531555176
d24697516bb6dada3f5ed8eefe61cdc5,straight,day,0.5713391900062561
d302af1fbeb4606e7dfa7e34ab3b1b25,lane-change-left,day,0.8070285320281982
d31b335ea4632dcf4557d50e8c9993ba,straight,day,0.9228854179382324
d337138a56fdadb552b5f5aa9f38f65c,straight,day,0.7443234324455261
d345c2db7a86ef74e747001b234d4d62,left-turn,day,0.644269585609436
d34cfa290ce06fad2a2bce54cf50afd6,left-turn,night,0.06436578184366226
d39e58a488ce56a6bada02d91db8d48f,left-turn,day,0.4904687702655792
d3b0571d016b2ee0427fb4683d2d62cf,left-turn,night,0.06694807857275009
d3ba9c4f68cae824f21a47df10bb01bc,straight,night,0.03489606827497482
d3da36f54eab1734216389d2588c61c9,lane-change-right,day,0.7075369358062744
d43690cc340e52f272ca0213affbe94f,straight,day,0.8598475456237793
d44c735c39a2d7be642feeb44ba63f58,straight,day,0.9749098420143127
d4861c343c49d266a17c0d953bb118e9,straight,night,0.04989415407180786
d4e8efb46b51ae9675b20c824a65aaba,straight,night,0.06678834557533264
d5101b7595adfa1bb3bda6fb73e5dd96,right-turn,day,0.926741361618042
d5447440141fbf814c5e9a281585faa6,right-turn,day,0.7464264631271362
d56d308d87b9744c36b8ef45bde0fa19,left-turn,day,0.5542754530906677
d5ac206f3229513642b036dab5592317,straight,day,0.786278247833252
d5ad8c23212bd1bf34b5dc2378d0847f,right-turn,day,0.7270327210426331
d5e3eaa33b4d35016b47f2b33bfb77d9,straight,night,0.19930317997932434
d5ecfb772a26081aa7880661058c5e79,straight,day,0.7460888624191284
d5f5142bc3eb8c87eb2ee25c97601c79,right-turn,night,0.03126734495162964
d609deec61fe9ad35918bdd064b117c4,lane-change-left,day,0.7352883815765381
d60ffc64e51120e8bef98c4f8330232c,right-turn,day,0.6541270017623901
d640ac99d81542102f2a9f82f494cbf2,straight,day,0.5422583222389221
d66e4f871b7f136795a8f9c7f77daf5f,straight,day,0.853198766708374
d67384eb34b2ce52f948e1ebd60afb8d,right-turn,day,0.5138024091720581
d674f1996d9e40a688fc3cc9f010fe64,right-turn,night,0.06475525349378586
d67888e6a581bc1e107849649a321668,straight,day,0.6421147584915161
d685dfde5f8da32f88d3e6a3e8a51c8c,right-turn,night,0.06721511483192444
d69b6d5dadc361ae15030b67780d055c,right-turn,night,0.045442845672369
d6cdf6eb1b7d4a8be6dac71f34e6cdb7,straight,night,0.06327707320451736
d708c3e03cb353f0c238af27c5297166,left-turn,day,0.6885166764259338
d713fc6d8888913e632dc000b09bbca6,left-turn,night,0.05160946026444435
d72caf20cf993a736f9b0de8a847f29c,left-turn,night,0.06302499771118164
d770776e1cd749fc16f774784f54aa08,straight,day,0.7232125997543335
d776ddaae451e82da0ea5cc8744f9b41,right-turn,night,0.03178798407316208
d77883ffa3c476ffe71f1694ae982ebe,right-turn,day,0.4539441168308258
d77fbf1c01740642dd79f2626e1ecd60,right-turn,night,0.051939208060503006
d7a1b47c21f299047d56db8fc332320e,right-turn,day,0.9586175680160522
d7c631a3e21a46f0bf700752457fb734,lane-change-left,day,0.9227792024612427
d8274379071add5a3966a55f4fdff556,lane-change-left,day,0.7298839092254639
d834dba188c798362315494535ea1523,lane-change-right,day,0.7237074375152588
d8658487e2edbcb71c2316f7badb8a57,straight,day,0.7040958404541016
d87ebc39f618961005ad803cd234f841,straight,night,0.05344025418162346
d890a01a758fb837f5caa4b392abbab1,straight,night,0.05841822922229767
d89e83580e5cb1c4b91bbe6fd10e41ee,left-turn,day,0.6151759028434753
d8a255c1ccd95cf732558d8e2fd9112d,lane-change-right,day,0.9952569603919983
d8e15a46d508599b71f95cc838a0940f,right-turn,day,0.829182505607605
d903220fc93d2d3fa647d49e0e6a5844,straight,night,0.04068562760949135
d932272b4a459e116304ac9b7f3ccf94,straight,night,0.06017668917775154
d94835eb4eef5ba201eb8c2b78b12b90,left-turn,night,0.07841930538415909
d94e5cf01882f7c955f0aeb32d697309,straight,night,0.06860458850860596
d952cd76ed361078b62ec6ba8323e2a2,right-turn,day,0.6735947132110596
d954a84a4889671abb251469b61044ec,left-turn,night,0.039649322628974915
d96691d893e21957b86db610bb6445e1,straight,day,0.8621131777763367
d96ca054b54c1f93335a6f53c9460b56,straight,day,0.898226261138916
d9a78162235f20ee0551bb03735f36b0,straight,day,0.923564612865448
d9ccdf1a61a8ad9331d5034a6c6e3a86,straight,day,0.9454264044761658
d9f3e6a3e945367fb4fc780c413c871b,left-turn,night,0.04568011313676834
d9f93c184a1ea1e8caac57b499a620e9,right-turn,night,0.042240627110004425
daa109a86d1ac6948f521187caee160e,straight,day,0.8003793358802795
daa89437a26b3d8e200ebfe0b528d438,lane-change-right,day,0.9009212255477905
daa9e2fc5982ba1338d5ed99574b2ef0,left-turn,day,0.6048580408096313
dabab95080ab8dc79691399f7d875a58,left-turn,day,0.5447639226913452
dad52e20721deac53fcf43db7b4bc679,lane-change-left,day,0.8475404977798462
db47c7bda1c429068c924c90cc7c9628,right-turn,day,0.8346582055091858
db6a06793d5386d6d04fda11cbc5acc1,lane-change-right,day,0.6264230012893677
dbd2d26c5b1193cb040d76852e5019ca,left-turn,day,0.8178178071975708
dc4023e648118b4be2bc3fd284e94a55,right-turn,night,0.06036369502544403
dc495d6f805300f0b33440a31387812b,right-turn,night,0.030947057530283928
dc7a344ae73c8ab99718c6628bd731e8,straight,day,0.6426905989646912
dc8cf5450aba5ea23376ca4186ebab4c,lane-change-right,day,0.7181273698806763
dc8d295ffb2bada241e163b057161b19,left-turn,day,0.5960487723350525
dcc1caa6df07b17cd112664141c88610,right-turn,day,0.9353559017181396
dcd904e239037cc6b4b036b95305a2d2,right-turn,day,0.7548580169677734
dcdbd2a371e4253e31db80a8608b1cdb,lane-change-right,night,0.05725332349538803
dcdf78a96626816f99fb52316764f550,right-turn,night,0.03592049330472946
dd10011efd727388363f03418c6587f7,straight,day,0.5074148178100586
dd550bb87cbdc2f350e95f78fb1dd3db,lane-change-right,day,0.720197856426239
dd5552cc13f3c0dc5c655bd5094d19c3,left-turn,day,0.6205195188522339
dd5557622dbe93c53cb1fc2f41f5be0f,left-turn,night,0.06889983266592026
dd6bd18815e5700bbcea8f0f93868f9e,straight,day,0.571711540222168
dd772e9462b4dddae0f030c1325312a7,straight,day,0.6029595136642456
dda185bd08a5ad23d60ffad3ddba76c5,straight,day,0.5918333530426025
ddcae0d77e34856c71e815921b2bef91,lane-change-right,day,0.5756698846817017
dde512e476caa3f4f7bffcf79c4bee00,right-turn,day,0.9416673183441162
de4b707a9123afae541c420c5edd5842,straight,day,0.8823673725128174
de5200e091f690269a040fe4a99b041b,right-turn,day,0.7767358422279358
de72b748c0db7c57c81acf1f8aa2345b,right-turn,night,0.07197469472885132
de904de72910ffe6aabffd96b9124af2,right-turn,night,0.03237394616007805
deab3936546531b69a12fb2cbe4749ee,right-turn,day,0.8912612795829773
dec3e431cffb74418c9fabf76df54762,straight,day,0.8755812644958496
ded51faa896f83eda0e08bea7c8754e6,right-turn,night,0.11013343185186386
dee9a4f6bc504f8e72b045700dac104e,straight,day,0.6695418357849121
deeb98a44ce67465bdbacd2d5ba2d054,left-turn,day,0.7151479125022888
df3fb153cc7ea1cd577006eca2c40a29,right-turn,day,0.815986156463623
df4e9f8e3ba5e890b3cd22bd23aac3ab,straight,day,0.46361374855041504
df9b1e04ea8bff3601841004148f0e97,left-turn,night,0.034266091883182526
dfa2bfbb5e7a04157134d2a29a14078d,straight,day,0.9170817136764526
dfbe483156dcde727471ef2b6647007b,right-turn,night,0.07722955197095871
dfe61be00627270e1d3c63659b1634e7,straight,day,0.8125115633010864
e020af0753ce80caf68da49e097bb784,straight,day,0.7840546369552612
e02dcd970977b20aac611dcccfe3cb53,straight,day,0.7060940265655518
e077ba17e5415754cc69244070598cc2,right-turn,night,0.03365961089730263
e081a869bcb3478ab06e61cdc9539376,lane-change-left,day,0.7780935764312744
e08ca04248b631525982475ad04f49be,straight,day,0.5862493515014648
e08da8763b91fdf7af93a2e546b6d8a2,left-turn,night,0.07691710442304611
e099540f7bebcbf8d00283b11653bd1f,right-turn,night,0.034400150179862976
e09a3265281d69df590d16264f84b5dd,straight,day,0.8409478068351746
e0b3a651f727595bc0d15a77c70de992,straight,day,0.8061068654060364
e0c49a1e38f69ec95df4a789348efd45,left-turn,day,0.7260378003120422
e0cf2ced180ef390c7ee81e617556aff,right-turn,night,0.05119790881872177
e0d81fe8a4aa31f6407ef6a5c9370d54,right-turn,day,0.7044451832771301
e0dd247c92d566815695c62e8e8f17d2,straight,day,0.8504354953765869
e0de66a6043cccba017ce688d4782508,straight,day,0.8412918448448181
e0e52c8125e9067d9aaadb99fff2f7da,lane-change-right,day,0.601858913898468
e106f1afddfcba8823e719e55fd54242,straight,day,0.6171907782554626
e10739cbef97589fc3735575596bec66,lane-change-right,day,0.7682503461837769
e1486104f7d987d898d48930e3ba27bf,straight,night,0.0924072414636612
e15d7ca56ee6f7889216a557995fe44c,straight,day,0.5538939237594604
e19100097ddae853c0e110e2c452401b,right-turn,day,0.621946394443512
e195f2d7388b3cd4e0134ca9e018b2b9,straight,night,0.046825457364320755
e1a899bb4e41d5735a27a23e2687c540,lane-change-right,day,0.6048480272293091
e1b0ce9c767753d7285a3d4cc8d465cb,right-turn,day,0.6198146343231201
e1cc1421ce4e0a2317bc34a3957a1eb0,straight,night,0.03785914555191994
e2019664f2bccf6f5a19de01c353f25b,straight,night,0.08183430135250092
e22e1e4288bef78000a11b8423401aa7,lane-change-left,day,0.8032050132751465
e23049502ac775ce177d9f75929d565c,right-turn,day,0.46832117438316345
e250118a80af8e6e714c918bfb366e7b,left-turn,night,0.11078864336013794
e28819eca00aaf884a86af5400ffbe39,lane-change-left,day,0.6258500218391418
e2e3375cb2fac92685ae9e9784407657,lane-change-left,night,0.28038421273231506
e307a9702be541141aacff5db0945de5,left-turn,day,0.6178045868873596
e32d17e44ab8eca74793308a124af5e6,lane-change-right,day,0.5394396781921387
e33c1184c95b28e881f136535562e765,straight,day,0.6998931169509888
e35fb33a1853440be0efb1d1c11278e3,right-turn,night,0.09798361361026764
e3b29f593ee9f0668824f5ef900a5d8b,lane-change-right,night,0.04210276156663895
e3cda98535cba69772780f8d9ef48b31,lane-change-left,day,0.5560262203216553
e3e4bb3fd501869a55bbc926636bcec4,lane-change-left,day,0.5108229517936707
e47f3a3a94fce23af135f5e7106717b1,straight,day,0.5655609369277954
e4a95def5e065f490d4cf1a9a06bd6a3,lane-change-left,night,0.08470229804515839
e4e6b217323eb6f5a983de8e836d5d32,right-turn,day,0.7624795436859131
e4ec12bcecaee7039146c56dbc02d083,straight,day,0.6685130596160889
e4fceb8f0b69090da53edd8e1b671c68,lane-change-right,day,0.9119637608528137
e507c9223f5d45d0bc0943dd97ac65c6,straight,night,0.11267776787281036
e5b0127cfb1faa95765e237508a1889f,right-turn,day,0.7897385358810425
e5c1c2fa8f2bc2b86aa27e2036aa0bf9,right-turn,day,0.7435977458953857
e5c2e1a1915d28b18fff7897d81d4921,lane-change-left,night,0.08927448838949203
e5d918360a637f679c9cc6e3b6bd03d5,left-turn,night,0.08085214346647263
e5e4d0e2cc1b98ee6be533ae547e7584,right-turn,day,0.6179465055465698
e60a31d12b71e88329f5596545818027,straight,night,0.10789178311824799
e60b1bf673d5b0b333b637e7d69ca252,right-turn,night,0.08837846666574478
e610af11643bfb87dd8429e27060d6e2,right-turn,day,0.8842503428459167
e61a9d3335a326f9244fa42800cbe907,left-turn,night,0.08843789994716644
e64ed62418386301127f9137ccd1470a,right-turn,night,0.09351128339767456
e64fdd060a1afa7f73c56727fe9fa6bd,straight,day,0.8685523271560669
e653c66413770e8aa05129abacbf7d87,left-turn,day,0.9858997464179993
e65985cb7cf33cb1208c99d7dc208d88,straight,day,0.7407993078231812
e693f1fc9bf84dd8ee5f769c68381c5f,lane-change-right,day,0.673982560634613
e697839b902fb1ffbbbff9e1226f8ba9,left-turn,day,0.5504499673843384
e6a1530b518e717eae66720c2566ded3,right-turn,day,0.6406924724578857
e6a8bfad877fbfa85f86684b6e9c293d,lane-change-left,day,0.6305883526802063
e6d6e024e9af68a69ceefcfc47cd9358,right-turn,day,0.9564179182052612
e6ee24773c31dd8e32c0e07785f4c02b,straight,night,0.12040844559669495
e6ee90e767fe8dc7d26967bf91fa73e2,right-turn,day,0.7815675139427185
e6fcc4ef19753869bca9258ba5758b92,right-turn,day,0.7518438696861267
e7280feed123ce025747f1c080848e3b,straight,day,0.6063535213470459
e761c2b47aa4c7c10edbed0a0305be0f,left-turn,day,0.6508775353431702
e76895cdbef0dbeda92be0ac7b345a0c,right-turn,night,0.0392516553401947
e76b6f934b65bd85a8144dd537d567b9,straight,night,0.05485893785953522
e7c68b4cf8c0cc6950fa9d7d1cc1d128,straight,day,0.8540635108947754
e7d8db7bd526db3f58926ebdbd645471,straight,day,0.8346502184867859
e7e0e015c535051158fc49b2a7fd4d42,left-turn,day,0.705629289150238
e7e3db0d08bfc7dfb93af489a5a5686c,straight,day,0.5510502457618713
e7ea3d6ef63a08d3b675f1249c76a895,right-turn,day,0.6734232306480408
e81acca0a07ec7214433022896b3d65b,straight,day,0.5454986691474915
e820880d95e9ffad0178cf5726ea081e,straight,day,0.6595275402069092
e84867e70880d63e79c89f7938da72aa,lane-change-right,night,0.15615366399288177
e84dd15e73c7434ce48ca2c15728e6f2,straight,day,0.7350672483444214
e8adc7293c640346b8b0cbf167b91654,left-turn,day,0.7753270268440247
e8b25925011d4dffe7b23758da22a807,left-turn,day,0.6894237399101257
e8d7be811a92861bf06d4474ea71b7f3,left-turn,day,0.8086138367652893
e8dd4b927e761d20b76b90f44a9df86a,right-turn,day,0.7773917317390442
e8dfcc593f0120cb77a255d5b43bb320,right-turn,night,0.1137104481458664
e8f63d05c060648228adaaa351f3b392,straight,day,0.704343855381012
e90c8f6e5864372b09d816302b45209b,straight,day,0.8830761313438416
e920aa91d4d941352b5e126129874bbf,straight,day,0.6681965589523315
e9247a21c8727c51ebbbedb9467c941f,left-turn,night,0.05032986029982567
e93b3b5fcad8b47ac89411f8987a8a08,straight,day,0.5407722592353821
e93cd2fb77e66897f2dce6a4d6609321,right-turn,night,0.041847892105579376
e940a976d66568e205a5d1f54c8c9605,lane-change-left,day,0.6566789746284485
e9577d8944544a10212d1a517f6737e8,left-turn,night,0.04203266277909279
e9675cb299c0aa55718343d74f879bb6,lane-change-right,day,0.6243823170661926
e9d68b1c3be7de7c9d6c3ba42f1d01a7,lane-change-right,night,0.05574057251214981
e9e34d93c5946fa298ac514337b00333,lane-change-right,day,0.5127339363098145
ea08baf7eaf287a881a2c90e9c274932,lane-change-left,night,0.03609229624271393
ea2425db0a8ecf1518e4be038b2be237,straight,day,0.7596933245658875
ea2ca633ffc3bdfa14f4a6c3890e12bc,straight,day,0.8725205659866333
ea3e915598a2d9967ee9b89e2f48705f,lane-change-right,day,0.92799311876297
ea419eaaef77d64ed33d8f63f5179af6,right-turn,night,0.14917203783988953
ea521034d81c263866938b5e8e0dd279,left-turn,day,0.7626643776893616
ea980c5d86668bb6fddb5e870429ea35,left-turn,night,0.03649877384305
eabdd587d77f8941d4fee23edac3349c,left-turn,night,0.08067212253808975
eaed728fbb81e33cab5f0fa703d7a9da,right-turn,night,0.02921372838318348
eaf2e69507d5d3265eab67e97175c789,lane-change-left,night,0.12346115708351135
eafc825f54925c9746bde6ffb7f64047,straight,day,0.901138424873352
eb0b7e82148c232bb2813bb714a10459,left-turn,day,0.824123740196228
eb3f134344b631229335bff69e700218,right-turn,day,0.42648547887802124
eb674b2f2ce258f53e2024535677f9c9,left-turn,day,0.9317827820777893
eb76b10c25148e0587398b9bdbb78871,right-turn,night,0.033240098506212234
eb7a066336492ad1de6627ca169b30a2,right-turn,day,0.8640890121459961
eb97c54fb06d7ff463058acf42abc982,straight,day,0.5584319233894348
eba7275939463d8fcdb6aecfc7ccbd20,straight,day,0.6366240382194519
ebbfd48bfa7fc154b4ce89368b78beb5,right-turn,night,0.10518082231283188
ebf8c3832f8954140649da11def77c19,straight,day,0.6419764161109924
ec04592bc5c673cc060f6e705f80342a,straight,day,0.7201445698738098
ec1956f75849a0a5532b597dd7cc216b,left-turn,day,0.8294320702552795
ec6e9d56a950e3b55fca73857695f3da,right-turn,night,0.042574476450681686
ec90d1e468f84f2c6392a4dd983bad09,straight,night,0.0565403513610363
ec997d42ae3bd6606e498944d5f7ba09,left-turn,night,0.07613623887300491
ed01f7f66dc4f187d628ad15872edb42,left-turn,night,0.10640124976634979
ed04a9e2719d01930b8f79796117d167,straight,night,0.07135339826345444
ed10d8b3707bf920fc25faa4943473ce,straight,day,0.6041450500488281
ed3d8a78e7a094cd67d183315f3cd472,left-turn,day,0.5316347479820251
ed4eaa230bd2f2412f225b89656686c7,straight,day,0.7720461487770081
ed87b1d2265c714a0e39f09daf9a6013,right-turn,day,0.872556209564209
eda6536d434680a2ea5a0f09c6b5d239,left-turn,day,0.7078633904457092
edd75a8835f26225f7034074a0c8f574,right-turn,day,0.5090866684913635
ede398b2c8feb3d9a16b0dcb957fe20a,straight,day,0.6759628653526306
edfca8046ba8042ae69363693c6c94c7,left-turn,day,0.4212188422679901
ee1dbeb108509ebade4fa3da7320927e,right-turn,night,0.030735740438103676
ee3a1b43b3062dbaef9d4deb21b223bb,lane-change-right,day,0.9432130455970764
ee5afe721d89e725c4a96802afda139f,right-turn,day,0.789985179901123
ee94643d5ffc944de2b64d29a1def7c7,lane-change-right,day,0.8564421534538269
eeb774e8800c8f04b78c487aa181cf64,right-turn,day,0.7224865555763245
eeb9339d93fe83a761887f07685ba50e,left-turn,night,0.03796902671456337
eeb99f44ee3271d4a636406bcb921bf4,straight,day,0.7237982749938965
eee93fb3fb903f9fb9793883ea93c9d3,lane-change-right,day,0.8109314441680908
eef3f461ca48276de01c1e048ca7b99f,right-turn,day,0.7827656269073486
ef175d9324e965a25ceb6dcd0fda96bf,straight,day,0.9899405837059021
ef234de08b3b558f26331892e2d49802,straight,day,0.5957464575767517
ef3d79e0c86e451425c9e9378474fee8,right-turn,day,0.6927821040153503
ef3f39aaad990ddc1ba295c86c3dcd00,straight,day,0.8499607443809509
ef6123ded27bb784e7de6dbf9415859c,left-turn,day,0.6671095490455627
ef6611193fdee2cfd5a45167d2cbff84,straight,day,0.6815794706344604
efa7e0ad98662d545b2e291723a715cc,straight,night,0.051782168447971344
efd68ee6e7bd15d706a245a91467d30e,straight,day,0.5956881642341614
eff9395cf5237e8323f0facc8fbbd205,lane-change-right,night,0.051335930824279785
f00d6654ccb04eb03e6bebea1eb55218,straight,day,0.7413582801818848
f02d631faeb15ed5b9783f1860f3e9cd,left-turn,night,0.09721777588129044
f0340e8596856181f78aadf414526dbd,lane-change-left,night,0.05481613427400589
f052a157eda6ddeb45dea65b39612bc2,straight,day,0.8366411924362183
f0655b6a579d085bd5725e90ab98ad0c,straight,day,0.7898190021514893
f07e576bd97eac85c90d33367508962c,lane-change-left,day,0.7833316326141357
f080f299ceb39381d9b76a49fc2a1aff,left-turn,day,0.9668556451797485
f0941b3325e0eaef565fe5a3ed43f664,straight,day,0.6981010437011719
f09efb42934c6c14170004b74e6a54f3,right-turn,night,0.11767228692770004
f0a98e187786931e78f15c985d3e027d,lane-change-left,day,0.8087547421455383
f0ed78dbc919763eb7a76cb829fe239a,right-turn,night,0.030214065685868263
f10b33b8f7a608f78650f27a2552f1f1,straight,day,0.49845197796821594
f12b82eaa7acaeb7dacc9d945606a46a,straight,day,0.7287644743919373
f13d51b433876ddc98d00f981d0100be,straight,day,0.8499149084091187
f144dc2fc89614a0436b4ca846e0b31e,straight,day,0.46968522667884827
f15306918e81c5b1995b27f8df01700e,left-turn,day,0.7348099946975708
f17e44388a430e099334c48f8df62601,right-turn,day,0.5331474542617798
f1abe0ee357d0fa1037f2a9c0161447c,right-turn,day,0.8000698685646057
f1df13fe6a92bcbb9a22ed93ea20cd35,straight,day,0.9321838021278381
f1f3805edea9c96cb8b900d6839aab79,left-turn,day,0.700364351272583
f299afed65cc379fd9ce3bffa7b09411,lane-change-left,night,0.04916287958621979
f2ab14c1f44a47795333b84d59b1a480,straight,day,0.7542241811752319
f2cf5028c7ff1f86dcbf92c2796205cc,left-turn,day,0.9627770781517029
f338e5b5fc9732c0d541bbc315250106,left-turn,day,0.863325834274292
f33c92dc46767fb4e3d99b934aad864c,right-turn,night,0.05556011572480202
f36c2751405391a2710a02998da69880,lane-change-left,day,0.8620627522468567
f37cc34c4806622f53d53f61150c1f47,right-turn,day,0.5684794187545776
f389c72d7901053ee42ae901be13ade7,right-turn,day,0.7571402788162231
f3eb6e9c48ccebf45b17692c2aa0d386,lane-change-left,day,0.8138532042503357
f40ac895f1a209ff29ac4fc06b43b8eb,straight,day,0.7801124453544617
f40e9dda2c87bc4a0ba11a6dd3487ff8,right-turn,night,0.042042192071676254
f459a59cd5568a459180d520012f9fbb,left-turn,day,0.6237066984176636
f4dfda408923fedaeb96df8bf5ad3255,lane-change-right,day,0.8030569553375244
f4ff3664c7a3103dfcffd9fe6bb10187,right-turn,day,0.7289443016052246
f4ff3730f823c402a3db17cca374f400,straight,day,0.7182875871658325
f52bf1cf0f7859d280fcafee4ead10fd,straight,night,0.035036057233810425
f53d56864a28f546a53b385f76b4042d,straight,day,0.7638278007507324
f542b2d1e307ce19cba534ee690250c7,right-turn,night,0.055633947253227234
f553aef793ea96336ce91e261c842fe6,right-turn,night,0.040879953652620316
f57656d9d53e6a497256e0d095849aea,straight,night,0.035616252571344376
f58e97e14aace50080ca50c8849625d5,left-turn,day,0.9891523718833923
f59440a3874adec6f240b6180c0fdb00,lane-change-right,night,0.046141963452100754
f59ab7dcf301f322a9a42e767f536d0d,lane-change-left,night,0.03431065380573273
f5c2f0650b389b867b4db9a1848c2993,straight,night,0.12125586718320847
f5e2788604dd78aaddbd3cc7bdf34594,straight,day,0.7114230394363403
f5fbde703de95a5b9f373190f5d8c52b,right-turn,day,0.46032506227493286
f6222dc6ba43632c76552c2545a084fc,straight,day,0.8164535760879517
f658a3f4337a8c65c1bc1590434d7b04,lane-change-right,day,0.5848932862281799
f6ab303f56516e0bab25415a2c52c303,right-turn,night,0.10005476325750351
f6bf8d36f61885b18a32e2f7353e5f2c,lane-change-right,day,0.6034809350967407
f6f09a3c691729fcb32f080d294bbd58,straight,day,0.8108970522880554
f6f6d6d47d06d03d59af3e5b938e9e48,lane-change-left,day,0.6612880229949951
f70628a3233d1a6f2e992cb1c7190308,right-turn,night,0.052575353533029556
f724e1663f6ab609108692952cab217a,left-turn,day,0.5686714053153992
f728d48b0af90ea21d7aa1c959380f38,straight,night,0.06177354231476784
f73fd5f0e4dfed53eb472a16fdaaaa1a,right-turn,night,0.06502940505743027
f75285f985f58ccfe7ea305d0c7f12e8,left-turn,day,0.6426078081130981
f76d3bb5e19a92fa7d66b77fee1b8f37,straight,day,0.4621833264827728
f77bc11c6ab7f9795ea43272a8db16c1,lane-change-right,day,0.6389448046684265
f7ae9ee5377ec0f01ab529c333ecd3c4,lane-change-right,day,0.6680272221565247
f7c7e1fde07d93440317d9ac98594210,lane-change-right,night,0.08829274773597717
f7dcbc5da1550e1f5aa4b2647401414e,straight,day,0.7179110050201416
f7f1aac198c7080e1196d69b15262259,straight,day,0.8059911727905273
f8032bdcdd7c589daa2e07b1c83edc61,right-turn,day,0.6577869653701782
f81827f0ae34324c142cbed6589f8ae7,straight,day,0.6663333177566528
f846bbcf23f733b32662fa98b91fdb25,lane-change-right,day,0.7118077278137207
f84beb164889ed34ede3f1edb8396cc2,left-turn,day,0.8724533319473267
f8564575a12821c8c8eab75edcc03da5,left-turn,day,0.7046422958374023
f85ca14e9d35d6264e07a316ab634fe1,lane-change-right,day,0.8651197552680969
f87027591daa9da4e523573e70bbb384,lane-change-left,night,0.04302339255809784
f8735a7370584ed07275c59278f8a1d1,straight,day,0.7093458771705627
f88cec7578537b3b0d84ce44526eea6b,left-turn,day,0.8167341351509094
f8e6c441856e3e6cec334e8b17ba451d,straight,night,0.048594970256090164
f91c1390c644dae7cc98356ca5bdc2d0,straight,day,0.5468606948852539
f94f6851a876b298cad8a17944ef0bbb,straight,day,0.53891921043396
f954f93ab91e654dbbdb64597a69dfc6,right-turn,night,0.055797673761844635
f9637bdf0ae1d5b1f09d77ec2b98b002,right-turn,day,0.6138564944267273
f96ea0e8ee70ab90176371877f4a7d19,right-turn,day,0.4503899812698364
f97661f17c25bd23266c7f0f6cff08ce,straight,day,0.9085330367088318
f98cd4e8b17bc8e49e435f5503975849,lane-change-right,day,0.6967270374298096
f98fc72e6c3fff85057a6fc1704f3134,left-turn,day,0.8946930766105652
f9c40b3c806bee54feb87c27c49731e3,right-turn,day,0.7572707533836365
f9c4eb19096ee5e47a4acc19b2d51d2f,straight,night,0.04565691575407982
f9cca4c36b3375140c60839ac4905888,right-turn,day,0.9137622117996216
f9e127d1889a24db09f5513ebfa051fe,straight,day,0.6239475011825562
f9f101f0a811d687d9c7c96bd53e41b9,straight,day,0.6580334305763245
f9fe7a6b880506360e9d6f96e88da0e1,lane-change-left,day,0.6658661961555481
fa09d27b8189c4a401a80d32fe01d4c2,left-turn,night,0.043040741235017776
fa1a4ebbbfa36b0a4527d8890e9aaefc,right-turn,night,0.030499324202537537
fa2c38636935aac2fa8674070533ff55,straight,day,0.5340073108673096
fa5075ea2c614c1d56ff273d8609ea93,straight,day,0.882744312286377
fa73901ffc76202c0e62cf9b865984dc,lane-change-right,night,0.09265989810228348
faaf14be4cff96c260277fd9ec9fbd5d,lane-change-left,day,0.8422922492027283
facd975a91c2968631debb9bf5139b6e,right-turn,day,0.6425578594207764
fad2227d27efb72b368bf671963c5f5e,lane-change-right,day,0.5953938961029053
fb1644950fc8058dfa428488d95f304d,lane-change-right,night,0.047920819371938705
fb2fecbf04665907b232dd343daa2131,left-turn,day,0.8790844678878784
fb3f516c5df1fe98a9315038a8a161d1,left-turn,day,0.8933473825454712
fb4fdcdf21a04aa3531df3df83e7d711,right-turn,day,0.6979519128799438
fb584490cd8183c5e747f6aa177a8a21,left-turn,day,0.7363948822021484
fb9b418bd431a53ce572d2d8f1e686d5,left-turn,day,0.7897466421127319
fb9df2955a6b4da8b41d4dd269dda4dc,straight,night,0.0433557890355587
fba3675090613903c85ee06d007ef8c0,straight,day,0.9729185104370117
fba6a9c6caaef153d331c7df602f1d6d,straight,day,0.5948779582977295
fbab5ee384b6a6c98e2557b0a6642fac,right-turn,night,0.03561309725046158
fbee6c99b82f8ba384e4e7374f38c8ab,lane-change-left,day,0.9923166632652283
fc04e809a46de174a942f4e73b739f4a,lane-change-left,day,0.7822310924530029
fc59daf1d925da7fdc5d88f0cca0135c,lane-change-right,day,0.8712470531463623
fc638bd4304ecb10796c246859ee3685,right-turn,night,0.10986575484275818
fc7234428ad9a22a5fd4b48d3392bbfb,lane-change-left,night,0.09568657726049423
fca8dbfb6468d96a5e1d4fb784dc2954,right-turn,night,0.15907885134220123
fcbd00fd4f606a2b4df7f47f5198f90a,lane-change-left,night,0.04886263981461525
fcc3695b470dbc122f6e85594edb206a,left-turn,day,0.7452349662780762
fcd4b67a36c2c197ac04fe32a4807201,left-turn,day,0.7906317710876465
fd124ac159c8ece06a21291da6a8da5f,right-turn,night,0.042648397386074066
fd1eab7835c1a32a71c4d57979b17e7f,straight,night,0.05086719989776611
fd3f8d46962ab26a01244a558d41d56b,right-turn,night,0.04079470783472061
fd528a1b356e3b453ecb3c585ba99ce8,straight,day,0.8242230415344238
fd764f285b1a8f4b3e5840c76636a1fe,right-turn,day,0.8336565494537354
fd81896e8ae6152192bcf44f5b117053,straight,day,0.7245507836341858
fdf63d20086b5c4b5706bcefa4f3c183,lane-change-left,day,0.8220637440681458
fe386a9ed6cfee14655e91c86355af54,straight,day,0.7300355434417725
fe46effc625f82b12d62a1c32c49f543,lane-change-right,day,0.8761944770812988
fe8294523a58dcaa33d361811a438293,lane-change-left,day,0.7027488946914673
fec0c6803fe96287eaa39ecf2bf9f198,straight,night,0.05506565794348717
fedb5012a62e2baa63e1261be3c44f72,straight,day,0.7223632335662842
feecefad9b65b3edc8efc0a32dc7bc67,lane-change-right,day,0.6418905258178711
ff009fdec78b5305453664e3c5174460,right-turn,night,0.08467017114162445
ff02dea4f3dae8e8f6ddf3c787caff11,straight,night,0.07342801243066788
ff09933579ff7254195bf437753d8364,right-turn,day,0.690851628780365
ff5fb8bfcd0528c1908a5ba0c2cf688e,right-turn,night,0.06415580958127975
ff7374f87268cb00710da9fc503bc2c5,left-turn,day,0.8443270921707153
ffc4c3c85df527c28416b8e0136a79ae,left-turn,day,0.5763636827468872
ffdafd3df2e1e26f80d70e7aa734db59,right-turn,day,0.5724271535873413
ffe20ef8b99860d4a210701c042c5f27,straight,day,0.7017182111740112
ffe25643a2fdd9e0de7979bec097f4eb,left-turn,day,0.6651763319969177
ffff955adb3439f10b2b57fb55d9f10c,left-turn,night,0.0412687286734581
