cnn_row,seq_id,fold,source,class_label,target_frame_path
0,4f66c35b23a3a33f89b2a653217e542e,train,training,right-turn,data/processed/waymo_e2e/training/4f66c35b23a3a33f89b2a653217e542e_129.npz
1,d891296adb8eb88ce3b0071c9dfbd8c5,train,val,straight,data/processed/waymo_e2e/val/d891296adb8eb88ce3b0071c9dfbd8c5_10.npz
2,d954a84a4889671abb251469b61044ec,train,training,left-turn,data/processed/waymo_e2e/training/d954a84a4889671abb251469b61044ec_103.npz
3,7ad4cf54d6970313d961a8fb8d73760b,train,training,right-turn,data/processed/waymo_e2e/training/7ad4cf54d6970313d961a8fb8d73760b_129.npz
4,ebf8c3832f8954140649da11def77c19,train,training,straight,data/processed/waymo_e2e/training/ebf8c3832f8954140649da11def77c19_31.npz
5,6274d4b56b21963559bd1f6516d59e58,train,training,left-turn,data/processed/waymo_e2e/training/6274d4b56b21963559bd1f6516d59e58_25.npz
6,b8f637b24e181d3022d6cdd8538d062f,train,training,right-turn,data/processed/waymo_e2e/training/b8f637b24e181d3022d6cdd8538d062f_120.npz
7,00a858a5e34819152ec72183524388c8,train,training,straight,data/processed/waymo_e2e/training/00a858a5e34819152ec72183524388c8_131.npz
8,12fa8358106a226910cc181bbdd6527e,train,training,right-turn,data/processed/waymo_e2e/training/12fa8358106a226910cc181bbdd6527e_31.npz
9,1377e90d8f93471565f05275c2977bce,train,training,left-turn,data/processed/waymo_e2e/training/1377e90d8f93471565f05275c2977bce_11.npz
10,422da3f820867f469c1118f718cbf9f7,train,training,right-turn,data/processed/waymo_e2e/training/422da3f820867f469c1118f718cbf9f7_49.npz
11,a17fb75c407a8a50a6ed9d12765cb252,train,training,left-turn,data/processed/waymo_e2e/training/a17fb75c407a8a50a6ed9d12765cb252_154.npz
12,32d77fcf792a205991979e7ee888df74,train,training,straight,data/processed/waymo_e2e/training/32d77fcf792a205991979e7ee888df74_30.npz
13,be0584b8ef935660d317de0383e341aa,train,val,straight,data/processed/waymo_e2e/val/be0584b8ef935660d317de0383e341aa_10.npz
14,b2ef3573139815a8d5b8c85719578970,train,val,straight,data/processed/waymo_e2e/val/b2ef3573139815a8d5b8c85719578970_10.npz
15,41d4846a852f0bda8aeffbc82ad6c6fc,train,training,right-turn,data/processed/waymo_e2e/training/41d4846a852f0bda8aeffbc82ad6c6fc_30.npz
16,63240cd520e7ce3ef738308aa94d9c5e,train,training,right-turn,data/processed/waymo_e2e/training/63240cd520e7ce3ef738308aa94d9c5e_144.npz
17,09a94ac4ad95bdc5a454cf9d8422c08f,train,training,straight,data/processed/waymo_e2e/training/09a94ac4ad95bdc5a454cf9d8422c08f_29.npz
18,b197472f28df9f18c22654a5b514082a,train,training,straight,data/processed/waymo_e2e/training/b197472f28df9f18c22654a5b514082a_29.npz
19,3c7ee39378ee66eb14ed7014221fd9f2,train,training,right-turn,data/processed/waymo_e2e/training/3c7ee39378ee66eb14ed7014221fd9f2_91.npz
20,f724e1663f6ab609108692952cab217a,train,training,left-turn,data/processed/waymo_e2e/training/f724e1663f6ab609108692952cab217a_31.npz
21,8153b57ce578c9a06aee465fa068d92b,train,val,straight,data/processed/waymo_e2e/val/8153b57ce578c9a06aee465fa068d92b_11.npz
22,3feb3e294068cce86c52ede02175e9bd,train,training,straight,data/processed/waymo_e2e/training/3feb3e294068cce86c52ede02175e9bd_53.npz
23,97c6f177389d0c7014180b1be480640b,train,training,right-turn,data/processed/waymo_e2e/training/97c6f177389d0c7014180b1be480640b_86.npz
24,2206bbf7ef0fb79b11fca43b2d3d139c,train,training,right-turn,data/processed/waymo_e2e/training/2206bbf7ef0fb79b11fca43b2d3d139c_209.npz
25,0264986e2919bc76c11438b12d0c5c58,train,training,straight,data/processed/waymo_e2e/training/0264986e2919bc76c11438b12d0c5c58_30.npz
26,0599203ec8bf2f8d74924f6202673add,train,training,left-turn,data/processed/waymo_e2e/training/0599203ec8bf2f8d74924f6202673add_65.npz
27,5f1aedae0c63e6a1b597f727ad589a64,train,training,left-turn,data/processed/waymo_e2e/training/5f1aedae0c63e6a1b597f727ad589a64_49.npz
28,3452a52bc1cfb7e2e27049dca043a2c6,train,training,straight,data/processed/waymo_e2e/training/3452a52bc1cfb7e2e27049dca043a2c6_31.npz
29,970d8d947bb42ce103d6e0e46d4ea333,train,training,left-turn,data/processed/waymo_e2e/training/970d8d947bb42ce103d6e0e46d4ea333_11.npz
30,794c9dfaa34d0fd32cf4f16ff888fd23,train,training,left-turn,data/processed/waymo_e2e/training/794c9dfaa34d0fd32cf4f16ff888fd23_181.npz
31,ce9680ef7c2ddfb0de3f4fad679a840f,train,training,straight,data/processed/waymo_e2e/training/ce9680ef7c2ddfb0de3f4fad679a840f_30.npz
32,d0cd7c98a15cd2280c324cb80e99e2e2,train,training,left-turn,data/processed/waymo_e2e/training/d0cd7c98a15cd2280c324cb80e99e2e2_135.npz
33,5c1bfbe96f5d1b4f0aa8684d52e1785a,train,val,left-turn,data/processed/waymo_e2e/val/5c1bfbe96f5d1b4f0aa8684d52e1785a_163.npz
34,aec26a9fac5163b7a2b427ca4e4980af,train,training,right-turn,data/processed/waymo_e2e/training/aec26a9fac5163b7a2b427ca4e4980af_161.npz
35,43d1c10ed3bb5583283743287373653d,train,val,left-turn,data/processed/waymo_e2e/val/43d1c10ed3bb5583283743287373653d_76.npz
36,4c1967287fb0b6b4624ccf4a8266a295,train,training,left-turn,data/processed/waymo_e2e/training/4c1967287fb0b6b4624ccf4a8266a295_60.npz
37,fb9df2955a6b4da8b41d4dd269dda4dc,train,training,straight,data/processed/waymo_e2e/training/fb9df2955a6b4da8b41d4dd269dda4dc_30.npz
38,d7a169aa0b0b8247631ead8c0dad382f,train,val,right-turn,data/processed/waymo_e2e/val/d7a169aa0b0b8247631ead8c0dad382f_9.npz
39,d776ddaae451e82da0ea5cc8744f9b41,train,training,right-turn,data/processed/waymo_e2e/training/d776ddaae451e82da0ea5cc8744f9b41_143.npz
40,3eb8d4b12eaaac3feccb36e4f6287d7f,train,training,straight,data/processed/waymo_e2e/training/3eb8d4b12eaaac3feccb36e4f6287d7f_29.npz
41,754e52459dc2606e53b36de9257d3f71,train,training,straight,data/processed/waymo_e2e/training/754e52459dc2606e53b36de9257d3f71_30.npz
42,ad4545823738926e52edc5f01e632c69,train,val,left-turn,data/processed/waymo_e2e/val/ad4545823738926e52edc5f01e632c69_9.npz
43,f144dc2fc89614a0436b4ca846e0b31e,train,training,straight,data/processed/waymo_e2e/training/f144dc2fc89614a0436b4ca846e0b31e_89.npz
44,98b7e2af184b84c99920c8d0c6db01a8,train,training,straight,data/processed/waymo_e2e/training/98b7e2af184b84c99920c8d0c6db01a8_29.npz
45,b36e6ce9701bcee2ad88384f66ef8a8b,train,training,straight,data/processed/waymo_e2e/training/b36e6ce9701bcee2ad88384f66ef8a8b_29.npz
46,3f05136479bda5b363c453dc152f40d4,train,training,right-turn,data/processed/waymo_e2e/training/3f05136479bda5b363c453dc152f40d4_67.npz
47,e8d7be811a92861bf06d4474ea71b7f3,train,training,left-turn,data/processed/waymo_e2e/training/e8d7be811a92861bf06d4474ea71b7f3_163.npz
48,918896c196d157e96fa93582e4bb4fcf,train,training,left-turn,data/processed/waymo_e2e/training/918896c196d157e96fa93582e4bb4fcf_132.npz
49,c1e935659e5a6a4d51614efd3ac7de9e,train,training,straight,data/processed/waymo_e2e/training/c1e935659e5a6a4d51614efd3ac7de9e_30.npz
50,03a45b0b1b4fa93d39c16dff004065f3,train,training,left-turn,data/processed/waymo_e2e/training/03a45b0b1b4fa93d39c16dff004065f3_70.npz
51,57fe298c63a0f333f959c5501b2e0bc4,train,training,straight,data/processed/waymo_e2e/training/57fe298c63a0f333f959c5501b2e0bc4_11.npz
52,2dd9daa2312e66da3c0ea477145b70b8,train,val,left-turn,data/processed/waymo_e2e/val/2dd9daa2312e66da3c0ea477145b70b8_10.npz
53,b2f51973a06266445465c6ea3780dfbb,train,val,straight,data/processed/waymo_e2e/val/b2f51973a06266445465c6ea3780dfbb_10.npz
54,42b65e43c0248e89c2909b6ad2b37969,train,training,left-turn,data/processed/waymo_e2e/training/42b65e43c0248e89c2909b6ad2b37969_157.npz
55,0baab512943ef37ae2904b8c31d6b1d6,train,training,right-turn,data/processed/waymo_e2e/training/0baab512943ef37ae2904b8c31d6b1d6_84.npz
56,73dcd962fb55dc44b61ee7c1472d16fb,train,training,left-turn,data/processed/waymo_e2e/training/73dcd962fb55dc44b61ee7c1472d16fb_31.npz
57,aee19fdc995892d79ada717de4417da0,train,training,straight,data/processed/waymo_e2e/training/aee19fdc995892d79ada717de4417da0_30.npz
58,dd772e9462b4dddae0f030c1325312a7,train,training,straight,data/processed/waymo_e2e/training/dd772e9462b4dddae0f030c1325312a7_31.npz
59,9ac9e56e4ac9c630d35ffca845a8114c,train,val,left-turn,data/processed/waymo_e2e/val/9ac9e56e4ac9c630d35ffca845a8114c_82.npz
60,358fc249801507efa38509377e975e79,train,training,left-turn,data/processed/waymo_e2e/training/358fc249801507efa38509377e975e79_36.npz
61,fa5075ea2c614c1d56ff273d8609ea93,train,training,straight,data/processed/waymo_e2e/training/fa5075ea2c614c1d56ff273d8609ea93_31.npz
62,80fb758fd0f7865d64d1d15ed7594d2a,train,training,right-turn,data/processed/waymo_e2e/training/80fb758fd0f7865d64d1d15ed7594d2a_58.npz
63,a297353c939533fa26edba04913430c2,train,training,left-turn,data/processed/waymo_e2e/training/a297353c939533fa26edba04913430c2_138.npz
64,cfd75c8e6085b11d68e8ae50fa7d1d37,train,training,left-turn,data/processed/waymo_e2e/training/cfd75c8e6085b11d68e8ae50fa7d1d37_206.npz
65,45119af3ff4c0af055dffbc772ee5ff6,train,training,straight,data/processed/waymo_e2e/training/45119af3ff4c0af055dffbc772ee5ff6_30.npz
66,741966418c00a9373df9a0594a6d150e,train,training,right-turn,data/processed/waymo_e2e/training/741966418c00a9373df9a0594a6d150e_71.npz
67,cccf5e1507d5f519ea35e92ff3db0d6c,train,training,left-turn,data/processed/waymo_e2e/training/cccf5e1507d5f519ea35e92ff3db0d6c_167.npz
68,f9637bdf0ae1d5b1f09d77ec2b98b002,train,training,right-turn,data/processed/waymo_e2e/training/f9637bdf0ae1d5b1f09d77ec2b98b002_180.npz
69,19053d854e5b90120e2817f43b50ac6d,train,training,straight,data/processed/waymo_e2e/training/19053d854e5b90120e2817f43b50ac6d_29.npz
70,1b1cab624824b4192fb2e660b711c0b3,train,training,straight,data/processed/waymo_e2e/training/1b1cab624824b4192fb2e660b711c0b3_30.npz
71,50583c556d9028c66fa8766b795f9489,train,training,right-turn,data/processed/waymo_e2e/training/50583c556d9028c66fa8766b795f9489_145.npz
72,cddf0bcff072c86d54d918d09227131f,train,training,straight,data/processed/waymo_e2e/training/cddf0bcff072c86d54d918d09227131f_31.npz
73,867522daf0760d1c993a392ec2468f66,train,training,left-turn,data/processed/waymo_e2e/training/867522daf0760d1c993a392ec2468f66_143.npz
74,e7c68b4cf8c0cc6950fa9d7d1cc1d128,train,training,straight,data/processed/waymo_e2e/training/e7c68b4cf8c0cc6950fa9d7d1cc1d128_9.npz
75,a45e0ced7d86d8413f0b830677bb6c8a,train,val,right-turn,data/processed/waymo_e2e/val/a45e0ced7d86d8413f0b830677bb6c8a_123.npz
76,ba331921d560e083f2d88621167bf095,train,training,straight,data/processed/waymo_e2e/training/ba331921d560e083f2d88621167bf095_30.npz
77,3dc25ced8a65ab9eb2f87a2c79a33017,train,training,left-turn,data/processed/waymo_e2e/training/3dc25ced8a65ab9eb2f87a2c79a33017_11.npz
78,b4a939e096422fe3acce8a2f6abc34df,train,training,right-turn,data/processed/waymo_e2e/training/b4a939e096422fe3acce8a2f6abc34df_177.npz
79,ef175d9324e965a25ceb6dcd0fda96bf,train,training,straight,data/processed/waymo_e2e/training/ef175d9324e965a25ceb6dcd0fda96bf_30.npz
80,1f3f1dfb3fd6cb2bb2b26a7b2b7ea347,train,training,left-turn,data/processed/waymo_e2e/training/1f3f1dfb3fd6cb2bb2b26a7b2b7ea347_11.npz
81,2ffb582fe772ccb7539a7801ad3034e2,train,training,left-turn,data/processed/waymo_e2e/training/2ffb582fe772ccb7539a7801ad3034e2_159.npz
82,a6083990380c127732766a0a83a61c84,train,training,left-turn,data/processed/waymo_e2e/training/a6083990380c127732766a0a83a61c84_134.npz
83,77f3730f92afb56e73c0a650a1f846a7,train,val,right-turn,data/processed/waymo_e2e/val/77f3730f92afb56e73c0a650a1f846a7_66.npz
84,02a549944c0a5338903c22adb57b0501,train,val,straight,data/processed/waymo_e2e/val/02a549944c0a5338903c22adb57b0501_9.npz
85,c6e0a7ff5f95ef5e69cc9b790d177166,train,training,right-turn,data/processed/waymo_e2e/training/c6e0a7ff5f95ef5e69cc9b790d177166_76.npz
86,47c9dbe4aa67d803801eae93dd18c1b5,train,training,straight,data/processed/waymo_e2e/training/47c9dbe4aa67d803801eae93dd18c1b5_29.npz
87,728fb4ad9bc820f375ec0f4ced1de012,train,training,right-turn,data/processed/waymo_e2e/training/728fb4ad9bc820f375ec0f4ced1de012_213.npz
88,18ddb334fa62343aff3482fe401f908b,train,val,right-turn,data/processed/waymo_e2e/val/18ddb334fa62343aff3482fe401f908b_42.npz
89,bf5ce21bed408c229595eea25846db55,train,val,right-turn,data/processed/waymo_e2e/val/bf5ce21bed408c229595eea25846db55_12.npz
90,e0d81fe8a4aa31f6407ef6a5c9370d54,train,training,right-turn,data/processed/waymo_e2e/training/e0d81fe8a4aa31f6407ef6a5c9370d54_210.npz
91,f8032bdcdd7c589daa2e07b1c83edc61,train,training,right-turn,data/processed/waymo_e2e/training/f8032bdcdd7c589daa2e07b1c83edc61_197.npz
92,20f42f93e826b5645764f5c93a9745ac,train,training,straight,data/processed/waymo_e2e/training/20f42f93e826b5645764f5c93a9745ac_31.npz
93,75c6ed420afbb9713f97bdc97efdc668,train,val,straight,data/processed/waymo_e2e/val/75c6ed420afbb9713f97bdc97efdc668_9.npz
94,c8cccdb66479dc6c68bfed55b3860c71,train,training,left-turn,data/processed/waymo_e2e/training/c8cccdb66479dc6c68bfed55b3860c71_162.npz
95,cf18218e2662ecf0018d911ff4276475,train,training,left-turn,data/processed/waymo_e2e/training/cf18218e2662ecf0018d911ff4276475_29.npz
96,945063b5b287cb90b46c6f321e525451,train,training,straight,data/processed/waymo_e2e/training/945063b5b287cb90b46c6f321e525451_30.npz
97,9be8ec0b20b262b6fede7700cc700c85,train,training,right-turn,data/processed/waymo_e2e/training/9be8ec0b20b262b6fede7700cc700c85_153.npz
98,d39e58a488ce56a6bada02d91db8d48f,train,training,left-turn,data/processed/waymo_e2e/training/d39e58a488ce56a6bada02d91db8d48f_160.npz
99,6b0b11c1e03eb1a6aba713fb90f76b38,train,training,right-turn,data/processed/waymo_e2e/training/6b0b11c1e03eb1a6aba713fb90f76b38_123.npz
100,1a13b64b69b568c4ccbb572bc3f0257b,train,val,right-turn,data/processed/waymo_e2e/val/1a13b64b69b568c4ccbb572bc3f0257b_48.npz
101,7b84c495e77174fc9bdc4adb21238a2c,train,training,straight,data/processed/waymo_e2e/training/7b84c495e77174fc9bdc4adb21238a2c_30.npz
102,436081c390ac5db93530b8c6215b0c78,train,training,straight,data/processed/waymo_e2e/training/436081c390ac5db93530b8c6215b0c78_31.npz
103,8ad3017a2851714eae54df2fe5c472b6,train,training,straight,data/processed/waymo_e2e/training/8ad3017a2851714eae54df2fe5c472b6_112.npz
104,a47b225349f5ea94b3481c28efefe0ad,train,training,right-turn,data/processed/waymo_e2e/training/a47b225349f5ea94b3481c28efefe0ad_201.npz
105,5143859b979bdf517ec4d9e3d2a10ede,train,training,right-turn,data/processed/waymo_e2e/training/5143859b979bdf517ec4d9e3d2a10ede_176.npz
106,02f54c9ba4400eb41bc4602dbc2264d6,train,training,left-turn,data/processed/waymo_e2e/training/02f54c9ba4400eb41bc4602dbc2264d6_126.npz
107,1c78fa0e898230edb35e8d32eddf0b5b,train,training,left-turn,data/processed/waymo_e2e/training/1c78fa0e898230edb35e8d32eddf0b5b_165.npz
108,209bab47770806622b4928107487fbc3,train,training,right-turn,data/processed/waymo_e2e/training/209bab47770806622b4928107487fbc3_166.npz
109,3c3752934a8eaea0ebb61debf410fa75,train,training,straight,data/processed/waymo_e2e/training/3c3752934a8eaea0ebb61debf410fa75_123.npz
110,83555f6a5d48570a6ce2e25be016be3b,train,training,straight,data/processed/waymo_e2e/training/83555f6a5d48570a6ce2e25be016be3b_84.npz
111,c268c140cc718a0a105281dc562b6ac5,train,training,straight,data/processed/waymo_e2e/training/c268c140cc718a0a105281dc562b6ac5_142.npz
112,c16466745d41f12141ed6f69f548c0cd,train,training,straight,data/processed/waymo_e2e/training/c16466745d41f12141ed6f69f548c0cd_31.npz
113,0075c28f1f1a68c4c1c8dcf37958046b,train,val,right-turn,data/processed/waymo_e2e/val/0075c28f1f1a68c4c1c8dcf37958046b_216.npz
114,5cc38c0c02d1df36dd37d80bae482f1c,train,training,right-turn,data/processed/waymo_e2e/training/5cc38c0c02d1df36dd37d80bae482f1c_29.npz
115,3ae77e615e74eb6391a36c67a0be138f,train,training,right-turn,data/processed/waymo_e2e/training/3ae77e615e74eb6391a36c67a0be138f_10.npz
116,cb7d21c1b555518fe69c03e6cb6aae28,train,training,straight,data/processed/waymo_e2e/training/cb7d21c1b555518fe69c03e6cb6aae28_30.npz
117,03331cbc7ddbf767dc2fd374c2cc0684,train,training,straight,data/processed/waymo_e2e/training/03331cbc7ddbf767dc2fd374c2cc0684_10.npz
118,cd70d828dc4932b17f48bd58b8cc390f,train,training,straight,data/processed/waymo_e2e/training/cd70d828dc4932b17f48bd58b8cc390f_42.npz
119,babc77f7843aa2dd944fe86237b7aabd,train,training,straight,data/processed/waymo_e2e/training/babc77f7843aa2dd944fe86237b7aabd_71.npz
120,a8ab788b9e8b94ef586ec9fc4cbde325,train,training,right-turn,data/processed/waymo_e2e/training/a8ab788b9e8b94ef586ec9fc4cbde325_170.npz
121,582fe552305feb72af7f503157189965,train,training,straight,data/processed/waymo_e2e/training/582fe552305feb72af7f503157189965_30.npz
122,57b398d4f28e0b951e6ce86fb3cdf126,train,training,left-turn,data/processed/waymo_e2e/training/57b398d4f28e0b951e6ce86fb3cdf126_191.npz
123,a32127980353a23ff8bbfd83ea2b2341,train,training,straight,data/processed/waymo_e2e/training/a32127980353a23ff8bbfd83ea2b2341_30.npz
124,066358b1dd3cfe763a7f71fb805833f8,train,training,straight,data/processed/waymo_e2e/training/066358b1dd3cfe763a7f71fb805833f8_10.npz
125,29769d067532845c707ff78a86f55d13,train,training,straight,data/processed/waymo_e2e/training/29769d067532845c707ff78a86f55d13_37.npz
126,c5a5207f3418a049616ffbf5268bf8d5,train,training,straight,data/processed/waymo_e2e/training/c5a5207f3418a049616ffbf5268bf8d5_29.npz
127,00f20fd34a1ffd4ced354f04eea88494,train,training,straight,data/processed/waymo_e2e/training/00f20fd34a1ffd4ced354f04eea88494_30.npz
128,e84dd15e73c7434ce48ca2c15728e6f2,train,training,straight,data/processed/waymo_e2e/training/e84dd15e73c7434ce48ca2c15728e6f2_29.npz
129,9178c10600c5d8641296336046450cda,train,training,right-turn,data/processed/waymo_e2e/training/9178c10600c5d8641296336046450cda_30.npz
130,53c1a4ede639a04c4423bcb18268b2a2,train,training,left-turn,data/processed/waymo_e2e/training/53c1a4ede639a04c4423bcb18268b2a2_30.npz
131,6b00f6569d7d14cb146369c002ef6be2,train,training,right-turn,data/processed/waymo_e2e/training/6b00f6569d7d14cb146369c002ef6be2_101.npz
132,920d9d93127be940246d52863435ad80,train,training,right-turn,data/processed/waymo_e2e/training/920d9d93127be940246d52863435ad80_159.npz
133,9a6e035b5e2444989a4b79aad9433cb6,train,training,straight,data/processed/waymo_e2e/training/9a6e035b5e2444989a4b79aad9433cb6_11.npz
134,d69b6d5dadc361ae15030b67780d055c,train,training,right-turn,data/processed/waymo_e2e/training/d69b6d5dadc361ae15030b67780d055c_197.npz
135,704dc825c3e77e98716ac867f106e5d3,train,training,straight,data/processed/waymo_e2e/training/704dc825c3e77e98716ac867f106e5d3_116.npz
136,21d1601bc523e911999b2e887df93966,train,training,straight,data/processed/waymo_e2e/training/21d1601bc523e911999b2e887df93966_29.npz
137,d5101b7595adfa1bb3bda6fb73e5dd96,train,training,right-turn,data/processed/waymo_e2e/training/d5101b7595adfa1bb3bda6fb73e5dd96_140.npz
138,20b9eb9f36d6d6f4764e0b8bc5488909,train,training,right-turn,data/processed/waymo_e2e/training/20b9eb9f36d6d6f4764e0b8bc5488909_160.npz
139,7bb3a6d91628d67308a97bcdbcc84c03,train,training,right-turn,data/processed/waymo_e2e/training/7bb3a6d91628d67308a97bcdbcc84c03_229.npz
140,f2cf5028c7ff1f86dcbf92c2796205cc,train,training,left-turn,data/processed/waymo_e2e/training/f2cf5028c7ff1f86dcbf92c2796205cc_11.npz
141,148023fc437f474120fae06b1e35d6d6,train,training,right-turn,data/processed/waymo_e2e/training/148023fc437f474120fae06b1e35d6d6_184.npz
142,0a180b3d6dd4512c4e661844428ba2a2,train,training,straight,data/processed/waymo_e2e/training/0a180b3d6dd4512c4e661844428ba2a2_124.npz
143,5acced302c48e40cb111bb4d05cd22d2,train,training,right-turn,data/processed/waymo_e2e/training/5acced302c48e40cb111bb4d05cd22d2_31.npz
144,84703b69db5a8dbe4b9e7ac1508ea443,train,training,right-turn,data/processed/waymo_e2e/training/84703b69db5a8dbe4b9e7ac1508ea443_119.npz
145,42451935d11654513bbcd66b5a61a551,train,training,right-turn,data/processed/waymo_e2e/training/42451935d11654513bbcd66b5a61a551_119.npz
146,9d2824b2821c3eff868e9eae7504bcef,train,training,straight,data/processed/waymo_e2e/training/9d2824b2821c3eff868e9eae7504bcef_48.npz
147,6567b0c95aae8192daea6207ca30f5bd,train,val,straight,data/processed/waymo_e2e/val/6567b0c95aae8192daea6207ca30f5bd_9.npz
148,e457fdeb68c7cea9e839a2a289a4f8cf,train,val,straight,data/processed/waymo_e2e/val/e457fdeb68c7cea9e839a2a289a4f8cf_29.npz
149,0faa4a35951b9d9a544c43982763a273,train,training,straight,data/processed/waymo_e2e/training/0faa4a35951b9d9a544c43982763a273_30.npz
150,3d5ca62d4bc3d335dec208e851d03535,train,training,straight,data/processed/waymo_e2e/training/3d5ca62d4bc3d335dec208e851d03535_9.npz
151,207e3be24f885e0cce1ec7ab5a143fda,train,training,straight,data/processed/waymo_e2e/training/207e3be24f885e0cce1ec7ab5a143fda_121.npz
152,be5d9f5eb89c8d3b136e8a24a4521899,train,training,right-turn,data/processed/waymo_e2e/training/be5d9f5eb89c8d3b136e8a24a4521899_30.npz
153,cf5a330837edcf65db0e75952120fd29,train,training,left-turn,data/processed/waymo_e2e/training/cf5a330837edcf65db0e75952120fd29_168.npz
154,98cbb6fb85e0b0f17c2d58eb41c84055,train,training,straight,data/processed/waymo_e2e/training/98cbb6fb85e0b0f17c2d58eb41c84055_30.npz
155,a1bbf9e17c360e5e2899a9070ff4f0c4,train,training,straight,data/processed/waymo_e2e/training/a1bbf9e17c360e5e2899a9070ff4f0c4_30.npz
156,3686c070f4c6e3cb3294801cc8f7dd45,train,training,left-turn,data/processed/waymo_e2e/training/3686c070f4c6e3cb3294801cc8f7dd45_132.npz
157,d1b9ffa6a90456a88edf290aa737a786,train,training,left-turn,data/processed/waymo_e2e/training/d1b9ffa6a90456a88edf290aa737a786_42.npz
158,97e023827ba6d2ab8e49260007212cc7,train,training,right-turn,data/processed/waymo_e2e/training/97e023827ba6d2ab8e49260007212cc7_30.npz
159,76d5c0de5a64a60a731719bb174279e8,train,training,straight,data/processed/waymo_e2e/training/76d5c0de5a64a60a731719bb174279e8_30.npz
160,67e48b2418513be729659cf32babeed8,train,training,straight,data/processed/waymo_e2e/training/67e48b2418513be729659cf32babeed8_109.npz
161,5c8ab80f51104fe6c49f6ed9801ecbc9,train,training,straight,data/processed/waymo_e2e/training/5c8ab80f51104fe6c49f6ed9801ecbc9_30.npz
162,46933f5db465b1ed13dc48343129c8b5,train,val,straight,data/processed/waymo_e2e/val/46933f5db465b1ed13dc48343129c8b5_11.npz
163,00c73f2a3515da4249d4416a544c09b2,train,val,straight,data/processed/waymo_e2e/val/00c73f2a3515da4249d4416a544c09b2_11.npz
164,4a3b6441d1b40aa1daa316da25acac92,train,training,straight,data/processed/waymo_e2e/training/4a3b6441d1b40aa1daa316da25acac92_30.npz
165,ceee86ab375be646eaa24e001f834efd,train,training,left-turn,data/processed/waymo_e2e/training/ceee86ab375be646eaa24e001f834efd_159.npz
166,794abdbc1f16cc8fb1c6740e3cd208d2,train,training,straight,data/processed/waymo_e2e/training/794abdbc1f16cc8fb1c6740e3cd208d2_30.npz
167,fcc3695b470dbc122f6e85594edb206a,train,training,left-turn,data/processed/waymo_e2e/training/fcc3695b470dbc122f6e85594edb206a_140.npz
168,aa8310164f8ba7384c0d2af4a05f32c1,train,training,right-turn,data/processed/waymo_e2e/training/aa8310164f8ba7384c0d2af4a05f32c1_226.npz
169,e9247a21c8727c51ebbbedb9467c941f,train,training,left-turn,data/processed/waymo_e2e/training/e9247a21c8727c51ebbbedb9467c941f_53.npz
170,a95373c94ac8a0a54a45ec61e8afaebb,train,training,straight,data/processed/waymo_e2e/training/a95373c94ac8a0a54a45ec61e8afaebb_11.npz
171,2f7a008f2b7d7a2c897db23af3a0b0a7,train,val,left-turn,data/processed/waymo_e2e/val/2f7a008f2b7d7a2c897db23af3a0b0a7_10.npz
172,f73fd5f0e4dfed53eb472a16fdaaaa1a,train,training,right-turn,data/processed/waymo_e2e/training/f73fd5f0e4dfed53eb472a16fdaaaa1a_76.npz
173,f6f09a3c691729fcb32f080d294bbd58,train,training,straight,data/processed/waymo_e2e/training/f6f09a3c691729fcb32f080d294bbd58_29.npz
174,f53d56864a28f546a53b385f76b4042d,train,training,straight,data/processed/waymo_e2e/training/f53d56864a28f546a53b385f76b4042d_44.npz
175,12b43975d5ee9b414e1d9f42eb4853ae,train,training,right-turn,data/processed/waymo_e2e/training/12b43975d5ee9b414e1d9f42eb4853ae_141.npz
176,0f76f9048ab4644c00643b06e7649595,train,val,straight,data/processed/waymo_e2e/val/0f76f9048ab4644c00643b06e7649595_9.npz
177,78f7905cd336355da76d0b674055db1e,train,training,straight,data/processed/waymo_e2e/training/78f7905cd336355da76d0b674055db1e_10.npz
178,31c67fe6e783d2fbe2b22a8e21f21fa8,train,training,straight,data/processed/waymo_e2e/training/31c67fe6e783d2fbe2b22a8e21f21fa8_30.npz
179,4f1faae60d895559fbd2629fa61e23a8,train,training,right-turn,data/processed/waymo_e2e/training/4f1faae60d895559fbd2629fa61e23a8_199.npz
180,cdcabe1c0037d309de0d5fdd53becf18,train,training,straight,data/processed/waymo_e2e/training/cdcabe1c0037d309de0d5fdd53becf18_29.npz
181,8a4d7fbeab0a9306b10f81a008aee625,train,training,straight,data/processed/waymo_e2e/training/8a4d7fbeab0a9306b10f81a008aee625_45.npz
182,27c2641b6ae8209b1e6d40bd23e61d5e,train,training,right-turn,data/processed/waymo_e2e/training/27c2641b6ae8209b1e6d40bd23e61d5e_128.npz
183,b785cd5e934bee5a1d1e986309f0eae8,train,training,straight,data/processed/waymo_e2e/training/b785cd5e934bee5a1d1e986309f0eae8_30.npz
184,d3b0571d016b2ee0427fb4683d2d62cf,train,training,left-turn,data/processed/waymo_e2e/training/d3b0571d016b2ee0427fb4683d2d62cf_85.npz
185,32dc70f74081007a59dcc623cb29a7fc,train,training,right-turn,data/processed/waymo_e2e/training/32dc70f74081007a59dcc623cb29a7fc_114.npz
186,0ff2a0b677059090b41b8339292c4c3c,train,training,straight,data/processed/waymo_e2e/training/0ff2a0b677059090b41b8339292c4c3c_29.npz
187,6ab3036dddb4272da08e39d65ac34a12,train,training,straight,data/processed/waymo_e2e/training/6ab3036dddb4272da08e39d65ac34a12_30.npz
188,33c55f87118b98fb5b0ab415545ebb72,train,training,straight,data/processed/waymo_e2e/training/33c55f87118b98fb5b0ab415545ebb72_30.npz
189,83973be729437017b6052b926ffae8c0,train,training,left-turn,data/processed/waymo_e2e/training/83973be729437017b6052b926ffae8c0_54.npz
190,d932272b4a459e116304ac9b7f3ccf94,train,training,straight,data/processed/waymo_e2e/training/d932272b4a459e116304ac9b7f3ccf94_30.npz
191,bd55a271323d459b94a68bd6124dc1f9,train,training,left-turn,data/processed/waymo_e2e/training/bd55a271323d459b94a68bd6124dc1f9_126.npz
192,49867764041becadcf061a9837861fdf,train,training,left-turn,data/processed/waymo_e2e/training/49867764041becadcf061a9837861fdf_54.npz
193,f1abe0ee357d0fa1037f2a9c0161447c,train,training,right-turn,data/processed/waymo_e2e/training/f1abe0ee357d0fa1037f2a9c0161447c_173.npz
194,9331de16d55e2d34725fd31705093034,train,training,straight,data/processed/waymo_e2e/training/9331de16d55e2d34725fd31705093034_29.npz
195,437a32b261850bbf700751fe842683e9,train,training,right-turn,data/processed/waymo_e2e/training/437a32b261850bbf700751fe842683e9_127.npz
196,eabdd587d77f8941d4fee23edac3349c,train,training,left-turn,data/processed/waymo_e2e/training/eabdd587d77f8941d4fee23edac3349c_31.npz
197,1ac779c8a65addc40502a62282fcd4b4,train,val,left-turn,data/processed/waymo_e2e/val/1ac779c8a65addc40502a62282fcd4b4_11.npz
198,a80bcc235c455dff32d47dd19e64bd8c,train,training,left-turn,data/processed/waymo_e2e/training/a80bcc235c455dff32d47dd19e64bd8c_180.npz
199,a2a32bada4aafb618d83f40c639606f4,train,training,straight,data/processed/waymo_e2e/training/a2a32bada4aafb618d83f40c639606f4_107.npz
200,9a818b63958bbef08e689be17b9467e4,train,training,left-turn,data/processed/waymo_e2e/training/9a818b63958bbef08e689be17b9467e4_30.npz
201,40bc0964a8d90b1eb905ff37d9a6c03f,train,val,right-turn,data/processed/waymo_e2e/val/40bc0964a8d90b1eb905ff37d9a6c03f_9.npz
202,82004c600b321c4166d783ef9e4d73ea,train,val,left-turn,data/processed/waymo_e2e/val/82004c600b321c4166d783ef9e4d73ea_159.npz
203,ab876b43354b57b3403c25dc94eed31d,train,val,right-turn,data/processed/waymo_e2e/val/ab876b43354b57b3403c25dc94eed31d_148.npz
204,cc5d443029398a387f7d30224e6223a5,train,training,right-turn,data/processed/waymo_e2e/training/cc5d443029398a387f7d30224e6223a5_53.npz
205,c9a3ce78ddbea875bb29cb854f7db085,train,training,left-turn,data/processed/waymo_e2e/training/c9a3ce78ddbea875bb29cb854f7db085_188.npz
206,0853fafd01f5f063eacc2a41491cab9f,train,training,left-turn,data/processed/waymo_e2e/training/0853fafd01f5f063eacc2a41491cab9f_141.npz
207,f02d631faeb15ed5b9783f1860f3e9cd,train,training,left-turn,data/processed/waymo_e2e/training/f02d631faeb15ed5b9783f1860f3e9cd_130.npz
208,9ce04bce8c17baed36532a800d300769,train,training,left-turn,data/processed/waymo_e2e/training/9ce04bce8c17baed36532a800d300769_30.npz
209,914ff4d463c3dcddb72b404704892870,train,training,left-turn,data/processed/waymo_e2e/training/914ff4d463c3dcddb72b404704892870_31.npz
210,3bacedb13774056ed72d17e1f9afce98,train,training,straight,data/processed/waymo_e2e/training/3bacedb13774056ed72d17e1f9afce98_11.npz
211,317e35f40b517974452fd174df950a0c,train,training,right-turn,data/processed/waymo_e2e/training/317e35f40b517974452fd174df950a0c_140.npz
212,fd1eab7835c1a32a71c4d57979b17e7f,train,training,straight,data/processed/waymo_e2e/training/fd1eab7835c1a32a71c4d57979b17e7f_30.npz
213,a84bc9afd387088def392c74b039fc6f,train,training,right-turn,data/processed/waymo_e2e/training/a84bc9afd387088def392c74b039fc6f_177.npz
214,e35fb33a1853440be0efb1d1c11278e3,train,training,right-turn,data/processed/waymo_e2e/training/e35fb33a1853440be0efb1d1c11278e3_30.npz
215,dcc1caa6df07b17cd112664141c88610,train,training,right-turn,data/processed/waymo_e2e/training/dcc1caa6df07b17cd112664141c88610_10.npz
216,42fc0aada320664d46bec06317eec6f4,train,training,straight,data/processed/waymo_e2e/training/42fc0aada320664d46bec06317eec6f4_10.npz
217,d7029947c6c42936fd5b9c5ee47bcd8a,train,val,left-turn,data/processed/waymo_e2e/val/d7029947c6c42936fd5b9c5ee47bcd8a_181.npz
218,1d75e15fc832adc6270dfbbe4b29f24b,train,training,left-turn,data/processed/waymo_e2e/training/1d75e15fc832adc6270dfbbe4b29f24b_31.npz
219,b65aad6408a871e5e273647b21525528,train,val,right-turn,data/processed/waymo_e2e/val/b65aad6408a871e5e273647b21525528_217.npz
220,e6d6e024e9af68a69ceefcfc47cd9358,train,training,right-turn,data/processed/waymo_e2e/training/e6d6e024e9af68a69ceefcfc47cd9358_75.npz
221,670439f14c52d50310c70771896d002d,train,training,straight,data/processed/waymo_e2e/training/670439f14c52d50310c70771896d002d_30.npz
222,9258f24a1e8687c4cc58ebcf058aed62,train,training,straight,data/processed/waymo_e2e/training/9258f24a1e8687c4cc58ebcf058aed62_134.npz
223,ae05887df10cc15b7d1c24ce6a3a6ce5,train,training,straight,data/processed/waymo_e2e/training/ae05887df10cc15b7d1c24ce6a3a6ce5_11.npz
224,374910b0b8b2c19e01f4cd895887eceb,train,training,right-turn,data/processed/waymo_e2e/training/374910b0b8b2c19e01f4cd895887eceb_66.npz
225,3389c72c9c7f5ccfa28d3a50c63e1715,train,training,straight,data/processed/waymo_e2e/training/3389c72c9c7f5ccfa28d3a50c63e1715_30.npz
226,fd7cce36d47f456b4811d3ca4807517e,train,val,right-turn,data/processed/waymo_e2e/val/fd7cce36d47f456b4811d3ca4807517e_72.npz
227,82fbef7d50ccc98574dee894061a0aed,train,training,right-turn,data/processed/waymo_e2e/training/82fbef7d50ccc98574dee894061a0aed_144.npz
228,3b9eb0840896073db845949e12e74930,train,training,straight,data/processed/waymo_e2e/training/3b9eb0840896073db845949e12e74930_29.npz
229,28e799231b9458c962ef805ec5626dde,train,training,right-turn,data/processed/waymo_e2e/training/28e799231b9458c962ef805ec5626dde_138.npz
230,2e031f165cb7b252dd42a7b60e730bd9,train,val,left-turn,data/processed/waymo_e2e/val/2e031f165cb7b252dd42a7b60e730bd9_11.npz
231,759e3cdbeca4dfd9d232dc705e680c6a,train,training,left-turn,data/processed/waymo_e2e/training/759e3cdbeca4dfd9d232dc705e680c6a_30.npz
232,7e3a5fa0c3009fe98cef572ece1daa0b,train,training,right-turn,data/processed/waymo_e2e/training/7e3a5fa0c3009fe98cef572ece1daa0b_132.npz
233,f75285f985f58ccfe7ea305d0c7f12e8,train,training,left-turn,data/processed/waymo_e2e/training/f75285f985f58ccfe7ea305d0c7f12e8_154.npz
234,7deba62759cbbac95e741a5c527ef932,train,val,straight,data/processed/waymo_e2e/val/7deba62759cbbac95e741a5c527ef932_10.npz
235,aab389abe0781cf830a7c493de0004df,train,val,straight,data/processed/waymo_e2e/val/aab389abe0781cf830a7c493de0004df_10.npz
236,0b20898674e947547e253872f2a633d4,train,training,right-turn,data/processed/waymo_e2e/training/0b20898674e947547e253872f2a633d4_161.npz
237,d5e3eaa33b4d35016b47f2b33bfb77d9,train,training,straight,data/processed/waymo_e2e/training/d5e3eaa33b4d35016b47f2b33bfb77d9_36.npz
238,0c1bdcfac7be564a0c75d3bb4234e47d,train,val,left-turn,data/processed/waymo_e2e/val/0c1bdcfac7be564a0c75d3bb4234e47d_226.npz
239,b9ae2bcadd04625812e727c96d1c5552,train,training,left-turn,data/processed/waymo_e2e/training/b9ae2bcadd04625812e727c96d1c5552_187.npz
240,c960c747cd31d396601628b5adc48dfb,train,training,straight,data/processed/waymo_e2e/training/c960c747cd31d396601628b5adc48dfb_11.npz
241,cc01808651c3b17930478e2d0f0008d3,train,training,straight,data/processed/waymo_e2e/training/cc01808651c3b17930478e2d0f0008d3_30.npz
242,e93b3b5fcad8b47ac89411f8987a8a08,train,training,straight,data/processed/waymo_e2e/training/e93b3b5fcad8b47ac89411f8987a8a08_30.npz
243,c81e3bed93363d5449da909ca4c46ca5,train,val,left-turn,data/processed/waymo_e2e/val/c81e3bed93363d5449da909ca4c46ca5_132.npz
244,f954f93ab91e654dbbdb64597a69dfc6,train,training,right-turn,data/processed/waymo_e2e/training/f954f93ab91e654dbbdb64597a69dfc6_120.npz
245,74cf0a3e1a537277b1258a683de98b4f,train,val,left-turn,data/processed/waymo_e2e/val/74cf0a3e1a537277b1258a683de98b4f_129.npz
246,810f3182045c34f25a2404a31f1b6122,train,training,left-turn,data/processed/waymo_e2e/training/810f3182045c34f25a2404a31f1b6122_55.npz
247,a3d3b99d83e69b1faf32be3e9d203139,train,training,straight,data/processed/waymo_e2e/training/a3d3b99d83e69b1faf32be3e9d203139_135.npz
248,a328c9f6feef422d3f0a8286e13cea61,train,val,right-turn,data/processed/waymo_e2e/val/a328c9f6feef422d3f0a8286e13cea61_9.npz
249,09459557d8b2cbcf65607f171cb58541,train,training,right-turn,data/processed/waymo_e2e/training/09459557d8b2cbcf65607f171cb58541_130.npz
250,390023c32e8bc1140d82bae15c6f4f24,train,training,left-turn,data/processed/waymo_e2e/training/390023c32e8bc1140d82bae15c6f4f24_145.npz
251,710f3838dd1c3647ec4487d18e28fd05,train,val,straight,data/processed/waymo_e2e/val/710f3838dd1c3647ec4487d18e28fd05_127.npz
252,daa9e2fc5982ba1338d5ed99574b2ef0,train,training,left-turn,data/processed/waymo_e2e/training/daa9e2fc5982ba1338d5ed99574b2ef0_118.npz
253,2807b24fc6d3a792ae32f4590ae09698,train,training,right-turn,data/processed/waymo_e2e/training/2807b24fc6d3a792ae32f4590ae09698_161.npz
254,0893a68205b49db42f5aeff87a9412ff,train,val,straight,data/processed/waymo_e2e/val/0893a68205b49db42f5aeff87a9412ff_9.npz
255,a089800aa672a22a6dcfd0404e82e92b,train,val,right-turn,data/processed/waymo_e2e/val/a089800aa672a22a6dcfd0404e82e92b_190.npz
256,03f7598e2e2d974de3031dab52643c36,train,training,right-turn,data/processed/waymo_e2e/training/03f7598e2e2d974de3031dab52643c36_153.npz
257,bc0d724d46340fc33504ae9f24b9df55,train,val,straight,data/processed/waymo_e2e/val/bc0d724d46340fc33504ae9f24b9df55_29.npz
258,e8adc7293c640346b8b0cbf167b91654,train,training,left-turn,data/processed/waymo_e2e/training/e8adc7293c640346b8b0cbf167b91654_122.npz
259,0f436a589699c767c63efc6f993fcefa,train,training,straight,data/processed/waymo_e2e/training/0f436a589699c767c63efc6f993fcefa_30.npz
260,9572bc3864b5d226809af32b426b5da8,train,training,straight,data/processed/waymo_e2e/training/9572bc3864b5d226809af32b426b5da8_29.npz
261,1757fd3eb6af59906669f8bcba13504c,train,training,straight,data/processed/waymo_e2e/training/1757fd3eb6af59906669f8bcba13504c_45.npz
262,8b3dcd8ab51961abfe4f880d49137427,train,training,right-turn,data/processed/waymo_e2e/training/8b3dcd8ab51961abfe4f880d49137427_84.npz
263,7bd1f46026eb0848645538acc35b2240,train,training,left-turn,data/processed/waymo_e2e/training/7bd1f46026eb0848645538acc35b2240_29.npz
264,f37cc34c4806622f53d53f61150c1f47,train,training,right-turn,data/processed/waymo_e2e/training/f37cc34c4806622f53d53f61150c1f47_174.npz
265,abd7d0cf4037891fe257d62d3f8a6e9d,train,training,right-turn,data/processed/waymo_e2e/training/abd7d0cf4037891fe257d62d3f8a6e9d_82.npz
266,cb012b60588f004052ff7ce3e1925e46,train,training,left-turn,data/processed/waymo_e2e/training/cb012b60588f004052ff7ce3e1925e46_172.npz
267,1e6ec4bc4ada213c5993bd94b37a75c3,train,training,straight,data/processed/waymo_e2e/training/1e6ec4bc4ada213c5993bd94b37a75c3_29.npz
268,29e71576e5a836b014807ca3b071860e,train,training,straight,data/processed/waymo_e2e/training/29e71576e5a836b014807ca3b071860e_29.npz
269,c38223119a02ef785adec5063b495877,train,training,left-turn,data/processed/waymo_e2e/training/c38223119a02ef785adec5063b495877_48.npz
270,9f39cc229e9023ac37979c880d5526a5,train,training,left-turn,data/processed/waymo_e2e/training/9f39cc229e9023ac37979c880d5526a5_147.npz
271,4de7788689e9f683890af6b5a303e8dd,train,training,left-turn,data/processed/waymo_e2e/training/4de7788689e9f683890af6b5a303e8dd_10.npz
272,0e2370d987dc17db08d20392ba179388,train,training,straight,data/processed/waymo_e2e/training/0e2370d987dc17db08d20392ba179388_30.npz
273,a8c0ca7aa104fc3cac8ff731b9522732,train,training,left-turn,data/processed/waymo_e2e/training/a8c0ca7aa104fc3cac8ff731b9522732_133.npz
274,85a65525fd20984bc8d1a4f04ee86798,train,training,left-turn,data/processed/waymo_e2e/training/85a65525fd20984bc8d1a4f04ee86798_11.npz
275,9dc48b5006f7c092aee7293cf2132040,train,training,straight,data/processed/waymo_e2e/training/9dc48b5006f7c092aee7293cf2132040_10.npz
276,0753089b73ce77d5c9e37dc924786b7f,train,val,left-turn,data/processed/waymo_e2e/val/0753089b73ce77d5c9e37dc924786b7f_30.npz
277,a7875e89ea326397a5a4dbca36221c4b,train,training,right-turn,data/processed/waymo_e2e/training/a7875e89ea326397a5a4dbca36221c4b_130.npz
278,f94f6851a876b298cad8a17944ef0bbb,train,training,straight,data/processed/waymo_e2e/training/f94f6851a876b298cad8a17944ef0bbb_29.npz
279,1e5add3bbbc958089e3dc733978eb900,train,training,straight,data/processed/waymo_e2e/training/1e5add3bbbc958089e3dc733978eb900_50.npz
280,61254ab8bea022ec5860b2d0723ec24a,train,training,straight,data/processed/waymo_e2e/training/61254ab8bea022ec5860b2d0723ec24a_30.npz
281,e6fcc4ef19753869bca9258ba5758b92,train,training,right-turn,data/processed/waymo_e2e/training/e6fcc4ef19753869bca9258ba5758b92_69.npz
282,1c2695b6dc58bde4cdaacebf572c199a,train,val,straight,data/processed/waymo_e2e/val/1c2695b6dc58bde4cdaacebf572c199a_114.npz
283,9c1ff2db624283f075f2aea01392c737,train,training,right-turn,data/processed/waymo_e2e/training/9c1ff2db624283f075f2aea01392c737_197.npz
284,8243aa4db485f110e6b5d8ce15592929,train,training,right-turn,data/processed/waymo_e2e/training/8243aa4db485f110e6b5d8ce15592929_29.npz
285,dda185bd08a5ad23d60ffad3ddba76c5,train,training,straight,data/processed/waymo_e2e/training/dda185bd08a5ad23d60ffad3ddba76c5_30.npz
286,b8bd98093c08f72859bb716f67bdc137,train,training,right-turn,data/processed/waymo_e2e/training/b8bd98093c08f72859bb716f67bdc137_195.npz
287,78af205307584f5d55c269758a0d7998,train,training,right-turn,data/processed/waymo_e2e/training/78af205307584f5d55c269758a0d7998_76.npz
288,e5c1c2fa8f2bc2b86aa27e2036aa0bf9,train,training,right-turn,data/processed/waymo_e2e/training/e5c1c2fa8f2bc2b86aa27e2036aa0bf9_223.npz
289,92b2d73cf14ed5c332fc01f994cb8c46,train,training,straight,data/processed/waymo_e2e/training/92b2d73cf14ed5c332fc01f994cb8c46_31.npz
290,4d3afdf45398d58b7336ca084f98b264,train,val,left-turn,data/processed/waymo_e2e/val/4d3afdf45398d58b7336ca084f98b264_169.npz
291,f15306918e81c5b1995b27f8df01700e,train,training,left-turn,data/processed/waymo_e2e/training/f15306918e81c5b1995b27f8df01700e_139.npz
292,0fdba2bcc19c78417afbeecfd950bccc,train,training,right-turn,data/processed/waymo_e2e/training/0fdba2bcc19c78417afbeecfd950bccc_203.npz
293,3550f1da3fe4914d15ec7aeb999fb60a,train,training,straight,data/processed/waymo_e2e/training/3550f1da3fe4914d15ec7aeb999fb60a_43.npz
294,b7d66a58ead09dce1a0ac9f7befea5bf,train,val,straight,data/processed/waymo_e2e/val/b7d66a58ead09dce1a0ac9f7befea5bf_10.npz
295,e64ed62418386301127f9137ccd1470a,train,training,right-turn,data/processed/waymo_e2e/training/e64ed62418386301127f9137ccd1470a_141.npz
296,d713fc6d8888913e632dc000b09bbca6,train,training,left-turn,data/processed/waymo_e2e/training/d713fc6d8888913e632dc000b09bbca6_29.npz
297,459588caef20ded24b17da65f7ee929c,train,training,straight,data/processed/waymo_e2e/training/459588caef20ded24b17da65f7ee929c_110.npz
298,090bf2849b24bba653d15629e89557d1,train,training,straight,data/processed/waymo_e2e/training/090bf2849b24bba653d15629e89557d1_30.npz
299,cfa25430b89e6b16b86ed4b49651ea9b,train,val,straight,data/processed/waymo_e2e/val/cfa25430b89e6b16b86ed4b49651ea9b_29.npz
300,0d9d56782714f2a3f411a79a69631d32,train,training,right-turn,data/processed/waymo_e2e/training/0d9d56782714f2a3f411a79a69631d32_178.npz
301,3118acbc7bdf5b5c67571fdd0f07e35b,train,training,left-turn,data/processed/waymo_e2e/training/3118acbc7bdf5b5c67571fdd0f07e35b_176.npz
302,760cc4ec18b48dfe3dfa96df97f5cd86,train,training,straight,data/processed/waymo_e2e/training/760cc4ec18b48dfe3dfa96df97f5cd86_30.npz
303,26b1e4113bae6cc8efdb414d347d7c51,train,training,right-turn,data/processed/waymo_e2e/training/26b1e4113bae6cc8efdb414d347d7c51_77.npz
304,1e202a92836b0fb03d52a424af821142,train,training,left-turn,data/processed/waymo_e2e/training/1e202a92836b0fb03d52a424af821142_132.npz
305,0eceeb4ab56cad84d824c1d7ac962990,train,training,straight,data/processed/waymo_e2e/training/0eceeb4ab56cad84d824c1d7ac962990_190.npz
306,89fad922fb84ece0eca76a54d84df370,train,val,straight,data/processed/waymo_e2e/val/89fad922fb84ece0eca76a54d84df370_29.npz
307,b45deb9cfab22ac761cdb58beec13784,train,training,straight,data/processed/waymo_e2e/training/b45deb9cfab22ac761cdb58beec13784_10.npz
308,c1f2ca3bb8d683bd203bd3199e0d162e,train,training,right-turn,data/processed/waymo_e2e/training/c1f2ca3bb8d683bd203bd3199e0d162e_29.npz
309,0cdf4bedea5f52bfb54edea6cbdbb15e,train,val,left-turn,data/processed/waymo_e2e/val/0cdf4bedea5f52bfb54edea6cbdbb15e_175.npz
310,0a34a6c5210e3349c7b0c2564157826c,train,training,right-turn,data/processed/waymo_e2e/training/0a34a6c5210e3349c7b0c2564157826c_42.npz
311,4ac57ceb3dfbb475f01b17d5ebbb03cf,train,training,left-turn,data/processed/waymo_e2e/training/4ac57ceb3dfbb475f01b17d5ebbb03cf_201.npz
312,0f39287c13adc2fd42f0d7af398ac253,train,training,left-turn,data/processed/waymo_e2e/training/0f39287c13adc2fd42f0d7af398ac253_111.npz
313,5f00a03431807e0808773563fe4b344c,train,val,straight,data/processed/waymo_e2e/val/5f00a03431807e0808773563fe4b344c_9.npz
314,e03d881a6ac1a5c7219f62732e7fc656,train,val,left-turn,data/processed/waymo_e2e/val/e03d881a6ac1a5c7219f62732e7fc656_11.npz
315,ca328ceb6400d5472ffae255edf10aa4,train,training,straight,data/processed/waymo_e2e/training/ca328ceb6400d5472ffae255edf10aa4_30.npz
316,d1d943b7f0e8036803e262b8e0f9681c,train,val,right-turn,data/processed/waymo_e2e/val/d1d943b7f0e8036803e262b8e0f9681c_100.npz
317,5038aa6481f51a34fef5f3dcb0e70a79,train,training,left-turn,data/processed/waymo_e2e/training/5038aa6481f51a34fef5f3dcb0e70a79_139.npz
318,5cf7afaf0e4857051a41171a60187405,train,training,left-turn,data/processed/waymo_e2e/training/5cf7afaf0e4857051a41171a60187405_153.npz
319,b8c45cb3e0e4376b58d36f292e5ec67c,train,training,left-turn,data/processed/waymo_e2e/training/b8c45cb3e0e4376b58d36f292e5ec67c_140.npz
320,80ed6a2febbc2017925a85d36af8c602,train,training,left-turn,data/processed/waymo_e2e/training/80ed6a2febbc2017925a85d36af8c602_10.npz
321,a20d37eb72b0d341fed9d31da7202b51,train,training,straight,data/processed/waymo_e2e/training/a20d37eb72b0d341fed9d31da7202b51_31.npz
322,3b15dfd1c9e115b79fd0c2345ad07513,train,training,left-turn,data/processed/waymo_e2e/training/3b15dfd1c9e115b79fd0c2345ad07513_31.npz
323,d56d308d87b9744c36b8ef45bde0fa19,train,training,left-turn,data/processed/waymo_e2e/training/d56d308d87b9744c36b8ef45bde0fa19_200.npz
324,86887df5cd0c0a1610f0a1dd6d18171a,train,training,straight,data/processed/waymo_e2e/training/86887df5cd0c0a1610f0a1dd6d18171a_30.npz
325,6e8c9ff63d2a4708eee8d8119c70da43,train,training,left-turn,data/processed/waymo_e2e/training/6e8c9ff63d2a4708eee8d8119c70da43_57.npz
326,3129a76a0ea8a71a604f25c27f89db39,train,training,left-turn,data/processed/waymo_e2e/training/3129a76a0ea8a71a604f25c27f89db39_85.npz
327,a25b81782ba3ce75ec2ba409866c1519,train,training,straight,data/processed/waymo_e2e/training/a25b81782ba3ce75ec2ba409866c1519_11.npz
328,f40e9dda2c87bc4a0ba11a6dd3487ff8,train,training,right-turn,data/processed/waymo_e2e/training/f40e9dda2c87bc4a0ba11a6dd3487ff8_84.npz
329,09c15e52bcfb74a01a21e746c4b8125d,train,training,straight,data/processed/waymo_e2e/training/09c15e52bcfb74a01a21e746c4b8125d_31.npz
330,3b1d078574dda711129b43de35873a5c,train,training,right-turn,data/processed/waymo_e2e/training/3b1d078574dda711129b43de35873a5c_133.npz
331,458e7743864bdc9ca7b52608aec5c7fb,train,training,straight,data/processed/waymo_e2e/training/458e7743864bdc9ca7b52608aec5c7fb_29.npz
332,26a4a9500ca60380340fe1580b40198a,train,training,right-turn,data/processed/waymo_e2e/training/26a4a9500ca60380340fe1580b40198a_111.npz
333,f542b2d1e307ce19cba534ee690250c7,train,training,right-turn,data/processed/waymo_e2e/training/f542b2d1e307ce19cba534ee690250c7_235.npz
334,84fcc7e412c81a982cbc3121fee017cc,train,training,straight,data/processed/waymo_e2e/training/84fcc7e412c81a982cbc3121fee017cc_102.npz
335,1a0d9acd38dca8acd1b70f89a61bd2c5,train,training,right-turn,data/processed/waymo_e2e/training/1a0d9acd38dca8acd1b70f89a61bd2c5_75.npz
336,f344a167eabbae1016f44f8d636eac75,train,val,straight,data/processed/waymo_e2e/val/f344a167eabbae1016f44f8d636eac75_10.npz
337,a0468481ffa18ac3e3fd46eb73144de6,train,training,straight,data/processed/waymo_e2e/training/a0468481ffa18ac3e3fd46eb73144de6_52.npz
338,9638025feb9d9e38fc845740ce94a184,train,val,left-turn,data/processed/waymo_e2e/val/9638025feb9d9e38fc845740ce94a184_74.npz
339,09ce381ac908ffaaf48fb1447a9f6c32,train,training,straight,data/processed/waymo_e2e/training/09ce381ac908ffaaf48fb1447a9f6c32_120.npz
340,8c1d31e956be3ebf4ae3a4e36bc2d428,train,training,left-turn,data/processed/waymo_e2e/training/8c1d31e956be3ebf4ae3a4e36bc2d428_83.npz
341,034fe280e4774e0c21db77baabf46a4f,train,training,straight,data/processed/waymo_e2e/training/034fe280e4774e0c21db77baabf46a4f_30.npz
342,512a600f74ac4571680b54b27ee30105,train,training,straight,data/processed/waymo_e2e/training/512a600f74ac4571680b54b27ee30105_10.npz
343,e71a85db89e7ec7b551629c95a33d29f,train,val,straight,data/processed/waymo_e2e/val/e71a85db89e7ec7b551629c95a33d29f_10.npz
344,26d851f81f71db1975fe91ee303b3e2f,train,training,left-turn,data/processed/waymo_e2e/training/26d851f81f71db1975fe91ee303b3e2f_31.npz
345,54ffe398e8fb92efed7a075db5d6c900,train,val,right-turn,data/processed/waymo_e2e/val/54ffe398e8fb92efed7a075db5d6c900_9.npz
346,21c8f36a1a5a4075a7439ba47b302a89,train,val,straight,data/processed/waymo_e2e/val/21c8f36a1a5a4075a7439ba47b302a89_18.npz
347,4c09b7229c12a3e7984c0fbbf6276d0c,train,training,left-turn,data/processed/waymo_e2e/training/4c09b7229c12a3e7984c0fbbf6276d0c_37.npz
348,b73b5da82d84f9ea7eb29e09fb612973,train,val,right-turn,data/processed/waymo_e2e/val/b73b5da82d84f9ea7eb29e09fb612973_208.npz
349,3989f525dde8a91fbc2561467e96e8a6,train,training,straight,data/processed/waymo_e2e/training/3989f525dde8a91fbc2561467e96e8a6_215.npz
350,6997fb3a7ebabcbac22d4a245178dfdc,train,training,right-turn,data/processed/waymo_e2e/training/6997fb3a7ebabcbac22d4a245178dfdc_168.npz
351,86959ff5c75b64287b9ebf00b8d16894,train,training,straight,data/processed/waymo_e2e/training/86959ff5c75b64287b9ebf00b8d16894_29.npz
352,dc8d295ffb2bada241e163b057161b19,train,training,left-turn,data/processed/waymo_e2e/training/dc8d295ffb2bada241e163b057161b19_166.npz
353,0c8bd5520f4262ef6c37e79913c82e8d,train,val,left-turn,data/processed/waymo_e2e/val/0c8bd5520f4262ef6c37e79913c82e8d_221.npz
354,ecd3a19b6d95e13e4d16ba3bb178eae5,train,val,right-turn,data/processed/waymo_e2e/val/ecd3a19b6d95e13e4d16ba3bb178eae5_151.npz
355,086adac6586a693811e6e0901532bc3c,train,val,right-turn,data/processed/waymo_e2e/val/086adac6586a693811e6e0901532bc3c_53.npz
356,b6361f01ca2d5724646b7e1814ce37b5,train,training,left-turn,data/processed/waymo_e2e/training/b6361f01ca2d5724646b7e1814ce37b5_123.npz
357,7b1c3d29034ca1ef73e316f9223990f2,train,training,straight,data/processed/waymo_e2e/training/7b1c3d29034ca1ef73e316f9223990f2_41.npz
358,c9f53869ae7847d7b7cfdf1f0a373360,train,training,left-turn,data/processed/waymo_e2e/training/c9f53869ae7847d7b7cfdf1f0a373360_141.npz
359,530b65f35ad9d1bccd9ce2cdf492389c,train,training,right-turn,data/processed/waymo_e2e/training/530b65f35ad9d1bccd9ce2cdf492389c_136.npz
360,410212deeb2216d0cd273ef037072733,train,training,right-turn,data/processed/waymo_e2e/training/410212deeb2216d0cd273ef037072733_31.npz
361,3d12536e408a8f2d349d47e5d0f45ddb,train,training,right-turn,data/processed/waymo_e2e/training/3d12536e408a8f2d349d47e5d0f45ddb_30.npz
362,52549d318aab92d9505e4e545ef684a2,train,training,left-turn,data/processed/waymo_e2e/training/52549d318aab92d9505e4e545ef684a2_202.npz
363,6be4f9b2820bf9ddb1bb03f5ff4542b8,train,training,straight,data/processed/waymo_e2e/training/6be4f9b2820bf9ddb1bb03f5ff4542b8_30.npz
364,248dd549a29a7e3bde91b4a95d0db0b4,train,training,right-turn,data/processed/waymo_e2e/training/248dd549a29a7e3bde91b4a95d0db0b4_31.npz
365,7f3113ccf0ebdc4642696045ab37cfbf,train,training,right-turn,data/processed/waymo_e2e/training/7f3113ccf0ebdc4642696045ab37cfbf_96.npz
366,e81acca0a07ec7214433022896b3d65b,train,training,straight,data/processed/waymo_e2e/training/e81acca0a07ec7214433022896b3d65b_29.npz
367,52a1b802e14f72aa2cf079a3bb3a0d71,train,training,straight,data/processed/waymo_e2e/training/52a1b802e14f72aa2cf079a3bb3a0d71_9.npz
368,83c9268804196aa09dbd1ebefb0a91f8,train,training,straight,data/processed/waymo_e2e/training/83c9268804196aa09dbd1ebefb0a91f8_31.npz
369,c19737728a42d1066a1cbd73614af471,train,training,left-turn,data/processed/waymo_e2e/training/c19737728a42d1066a1cbd73614af471_77.npz
370,22b0fb35afabd64fe6e86f4d4bce271e,train,val,left-turn,data/processed/waymo_e2e/val/22b0fb35afabd64fe6e86f4d4bce271e_11.npz
371,359c45aecf1cdad2e0217bf89eb5a5ec,train,training,left-turn,data/processed/waymo_e2e/training/359c45aecf1cdad2e0217bf89eb5a5ec_65.npz
372,95bf2f670cf99bcfcdbe22769dfeee71,train,training,right-turn,data/processed/waymo_e2e/training/95bf2f670cf99bcfcdbe22769dfeee71_179.npz
373,bdcdf85c5e29f04d86d31a395ff01219,train,val,straight,data/processed/waymo_e2e/val/bdcdf85c5e29f04d86d31a395ff01219_10.npz
374,82bb6d727a575e5b71cd35db29ff909b,train,val,left-turn,data/processed/waymo_e2e/val/82bb6d727a575e5b71cd35db29ff909b_131.npz
375,33ffcfb0ff24eefeb4471e4d60bd673c,train,training,straight,data/processed/waymo_e2e/training/33ffcfb0ff24eefeb4471e4d60bd673c_11.npz
376,143a2137dcdd1321600ca7e53515e17c,train,training,straight,data/processed/waymo_e2e/training/143a2137dcdd1321600ca7e53515e17c_31.npz
377,27b862196b866184a3c6b28dd1cdfbba,train,val,right-turn,data/processed/waymo_e2e/val/27b862196b866184a3c6b28dd1cdfbba_16.npz
378,e09a3265281d69df590d16264f84b5dd,train,training,straight,data/processed/waymo_e2e/training/e09a3265281d69df590d16264f84b5dd_31.npz
379,9164360979a21a6ffe6812e9d8b2ea16,train,training,right-turn,data/processed/waymo_e2e/training/9164360979a21a6ffe6812e9d8b2ea16_154.npz
380,e507c9223f5d45d0bc0943dd97ac65c6,train,training,straight,data/processed/waymo_e2e/training/e507c9223f5d45d0bc0943dd97ac65c6_29.npz
381,a2b24fb57f1400d4f2873f4f66a8fc6f,train,training,straight,data/processed/waymo_e2e/training/a2b24fb57f1400d4f2873f4f66a8fc6f_30.npz
382,f88cec7578537b3b0d84ce44526eea6b,train,training,left-turn,data/processed/waymo_e2e/training/f88cec7578537b3b0d84ce44526eea6b_31.npz
383,12340aa2af048e9ad8e080dc1ba6ed16,train,training,right-turn,data/processed/waymo_e2e/training/12340aa2af048e9ad8e080dc1ba6ed16_141.npz
384,072ae5a4543eee1ed73e95bc93d8c243,train,training,right-turn,data/processed/waymo_e2e/training/072ae5a4543eee1ed73e95bc93d8c243_168.npz
385,ca9763c7dc201f129dedf6559e5579b9,train,training,straight,data/processed/waymo_e2e/training/ca9763c7dc201f129dedf6559e5579b9_30.npz
386,b85c97fb483016e51f99c137784509e3,train,val,straight,data/processed/waymo_e2e/val/b85c97fb483016e51f99c137784509e3_9.npz
387,309b4ac4e68b970e4aa1eb009b9ead80,train,training,right-turn,data/processed/waymo_e2e/training/309b4ac4e68b970e4aa1eb009b9ead80_113.npz
388,0d181081817683e5b95c9dc08ad8b064,train,training,straight,data/processed/waymo_e2e/training/0d181081817683e5b95c9dc08ad8b064_29.npz
389,4a33d575fdad9b7e1d171242c05bc94d,train,training,straight,data/processed/waymo_e2e/training/4a33d575fdad9b7e1d171242c05bc94d_119.npz
390,eafc825f54925c9746bde6ffb7f64047,train,training,straight,data/processed/waymo_e2e/training/eafc825f54925c9746bde6ffb7f64047_29.npz
391,95b95c178892347aeb2e248658946e89,train,training,left-turn,data/processed/waymo_e2e/training/95b95c178892347aeb2e248658946e89_160.npz
392,866502c0b822f7848cbd9bfc5830d723,train,training,left-turn,data/processed/waymo_e2e/training/866502c0b822f7848cbd9bfc5830d723_144.npz
393,88ae24affc3070ff2380eb79ca250045,train,val,straight,data/processed/waymo_e2e/val/88ae24affc3070ff2380eb79ca250045_10.npz
394,f33ef0bb77887f733f7dc072197ca5ca,train,val,left-turn,data/processed/waymo_e2e/val/f33ef0bb77887f733f7dc072197ca5ca_223.npz
395,101037a906ebe1e66490c97543462813,train,training,straight,data/processed/waymo_e2e/training/101037a906ebe1e66490c97543462813_131.npz
396,78c8d4e79fdf191ba205459ac20acfa8,train,training,right-turn,data/processed/waymo_e2e/training/78c8d4e79fdf191ba205459ac20acfa8_154.npz
397,5ca4bdec47a8ba33a309cb4329b1ac1c,train,val,right-turn,data/processed/waymo_e2e/val/5ca4bdec47a8ba33a309cb4329b1ac1c_194.npz
398,85bb879b7b5c804d37182c0749dbf61a,train,val,right-turn,data/processed/waymo_e2e/val/85bb879b7b5c804d37182c0749dbf61a_153.npz
399,435e26e860c071b1b76d61eb24d1fa59,train,training,straight,data/processed/waymo_e2e/training/435e26e860c071b1b76d61eb24d1fa59_30.npz
400,be0045cc68ea4a98de330f85e2c965f9,train,training,right-turn,data/processed/waymo_e2e/training/be0045cc68ea4a98de330f85e2c965f9_142.npz
401,36190cc82b6b07bea577f0d4bfbc9730,train,training,left-turn,data/processed/waymo_e2e/training/36190cc82b6b07bea577f0d4bfbc9730_31.npz
402,7d0e5df56a7c5c86c7758044a4597e72,train,training,left-turn,data/processed/waymo_e2e/training/7d0e5df56a7c5c86c7758044a4597e72_147.npz
403,4bcf543d03976924d35a9eb050b53684,train,training,right-turn,data/processed/waymo_e2e/training/4bcf543d03976924d35a9eb050b53684_200.npz
404,21e0de9774e19d372b87c5479a1f5019,train,training,right-turn,data/processed/waymo_e2e/training/21e0de9774e19d372b87c5479a1f5019_30.npz
405,62236c0deda97531c63c99614c74937e,train,training,left-turn,data/processed/waymo_e2e/training/62236c0deda97531c63c99614c74937e_87.npz
406,2dc3094a97874c342deb2ee0dd7878cb,train,training,left-turn,data/processed/waymo_e2e/training/2dc3094a97874c342deb2ee0dd7878cb_142.npz
407,d6cdf6eb1b7d4a8be6dac71f34e6cdb7,train,training,straight,data/processed/waymo_e2e/training/d6cdf6eb1b7d4a8be6dac71f34e6cdb7_30.npz
408,c1e7366a8d5ba24726a6def827637814,train,training,straight,data/processed/waymo_e2e/training/c1e7366a8d5ba24726a6def827637814_30.npz
409,de904de72910ffe6aabffd96b9124af2,train,training,right-turn,data/processed/waymo_e2e/training/de904de72910ffe6aabffd96b9124af2_73.npz
410,ac948a01703dd3c51bbc6ee77fe2b7b8,train,training,straight,data/processed/waymo_e2e/training/ac948a01703dd3c51bbc6ee77fe2b7b8_31.npz
411,0081c482170156ee7aedf36157d4ff21,train,val,left-turn,data/processed/waymo_e2e/val/0081c482170156ee7aedf36157d4ff21_26.npz
412,9b7e9eafbed0248c4652e34d38b1ed4e,train,training,left-turn,data/processed/waymo_e2e/training/9b7e9eafbed0248c4652e34d38b1ed4e_30.npz
413,d5ad8c23212bd1bf34b5dc2378d0847f,train,training,right-turn,data/processed/waymo_e2e/training/d5ad8c23212bd1bf34b5dc2378d0847f_130.npz
414,9792b5d2db9bb45af3d54bbf51dccc3c,train,training,straight,data/processed/waymo_e2e/training/9792b5d2db9bb45af3d54bbf51dccc3c_29.npz
415,76841bd6d678c05c05aa552d56b59e50,train,training,right-turn,data/processed/waymo_e2e/training/76841bd6d678c05c05aa552d56b59e50_124.npz
416,22da309cac43f1dff3c616c1f0cab8dd,train,val,straight,data/processed/waymo_e2e/val/22da309cac43f1dff3c616c1f0cab8dd_9.npz
417,7196daaf3a6a56ed7294a7dfa1fd8527,train,training,right-turn,data/processed/waymo_e2e/training/7196daaf3a6a56ed7294a7dfa1fd8527_67.npz
418,416bf03bf6f6147a8328013e46f54623,train,val,left-turn,data/processed/waymo_e2e/val/416bf03bf6f6147a8328013e46f54623_10.npz
419,35ad4a6be1fa4121d727ebce3f46d3c1,train,training,straight,data/processed/waymo_e2e/training/35ad4a6be1fa4121d727ebce3f46d3c1_29.npz
420,e1c03a6e5d363e77c6c705495b966a04,train,val,right-turn,data/processed/waymo_e2e/val/e1c03a6e5d363e77c6c705495b966a04_10.npz
421,e920aa91d4d941352b5e126129874bbf,train,training,straight,data/processed/waymo_e2e/training/e920aa91d4d941352b5e126129874bbf_29.npz
422,29b60d9832de56b7b0047692136bf918,train,val,straight,data/processed/waymo_e2e/val/29b60d9832de56b7b0047692136bf918_10.npz
423,b9aba9c8dff390c2b0f868a1897ec86f,train,val,straight,data/processed/waymo_e2e/val/b9aba9c8dff390c2b0f868a1897ec86f_10.npz
424,088b7a041cb2ca337d01497815e62813,train,training,straight,data/processed/waymo_e2e/training/088b7a041cb2ca337d01497815e62813_29.npz
425,d34cfa290ce06fad2a2bce54cf50afd6,train,training,left-turn,data/processed/waymo_e2e/training/d34cfa290ce06fad2a2bce54cf50afd6_134.npz
426,347204fdf2fcea7da480237099bf7eb5,train,training,straight,data/processed/waymo_e2e/training/347204fdf2fcea7da480237099bf7eb5_10.npz
427,fe386a9ed6cfee14655e91c86355af54,train,training,straight,data/processed/waymo_e2e/training/fe386a9ed6cfee14655e91c86355af54_108.npz
428,d4e8efb46b51ae9675b20c824a65aaba,train,training,straight,data/processed/waymo_e2e/training/d4e8efb46b51ae9675b20c824a65aaba_121.npz
429,879f9df1547978772361c8916350efbb,train,training,straight,data/processed/waymo_e2e/training/879f9df1547978772361c8916350efbb_30.npz
430,06a63756c3dc03b0a1778312c6468d58,train,val,left-turn,data/processed/waymo_e2e/val/06a63756c3dc03b0a1778312c6468d58_163.npz
431,f8564575a12821c8c8eab75edcc03da5,train,training,left-turn,data/processed/waymo_e2e/training/f8564575a12821c8c8eab75edcc03da5_103.npz
432,4b8d2262ac249572dd4fc194a98bd1a2,train,training,straight,data/processed/waymo_e2e/training/4b8d2262ac249572dd4fc194a98bd1a2_129.npz
433,653bf403215adf646e379bb0f820cdf2,train,training,straight,data/processed/waymo_e2e/training/653bf403215adf646e379bb0f820cdf2_30.npz
434,8c532af5545ed223a586edf5db2f30c8,train,training,right-turn,data/processed/waymo_e2e/training/8c532af5545ed223a586edf5db2f30c8_53.npz
435,c139e8ae56825bc6caa6e26b22c003c7,train,training,straight,data/processed/waymo_e2e/training/c139e8ae56825bc6caa6e26b22c003c7_31.npz
436,cbbaa566f3b6ecb12a7ea1c61cc5ccf7,train,training,right-turn,data/processed/waymo_e2e/training/cbbaa566f3b6ecb12a7ea1c61cc5ccf7_176.npz
437,51b8515bf0b34995f9da2b43e68a0148,train,training,straight,data/processed/waymo_e2e/training/51b8515bf0b34995f9da2b43e68a0148_31.npz
438,a53554f5c755e76af5f4a77acd5853ac,train,training,right-turn,data/processed/waymo_e2e/training/a53554f5c755e76af5f4a77acd5853ac_186.npz
439,61299b09568e3455470309f22c7aacfa,train,training,left-turn,data/processed/waymo_e2e/training/61299b09568e3455470309f22c7aacfa_130.npz
440,815ee2ffa94ba6acb62c6914f254a10c,train,training,right-turn,data/processed/waymo_e2e/training/815ee2ffa94ba6acb62c6914f254a10c_128.npz
441,93aa0b16c4a78665dc2d5cd59a0ca44a,train,val,straight,data/processed/waymo_e2e/val/93aa0b16c4a78665dc2d5cd59a0ca44a_10.npz
442,1e01239e26ca34d4c0ba03610ccaf239,train,training,right-turn,data/processed/waymo_e2e/training/1e01239e26ca34d4c0ba03610ccaf239_9.npz
443,f459a59cd5568a459180d520012f9fbb,train,training,left-turn,data/processed/waymo_e2e/training/f459a59cd5568a459180d520012f9fbb_64.npz
444,4c15d63591fe469df4720a459cfe404e,train,training,right-turn,data/processed/waymo_e2e/training/4c15d63591fe469df4720a459cfe404e_158.npz
445,5b0f40db09eadf1a3c8ac52aeb377532,train,training,right-turn,data/processed/waymo_e2e/training/5b0f40db09eadf1a3c8ac52aeb377532_87.npz
446,5fceae2bac5e3603d6a1ca3b4fae7673,train,training,straight,data/processed/waymo_e2e/training/5fceae2bac5e3603d6a1ca3b4fae7673_30.npz
447,e64fdd060a1afa7f73c56727fe9fa6bd,train,training,straight,data/processed/waymo_e2e/training/e64fdd060a1afa7f73c56727fe9fa6bd_31.npz
448,5a295ea24311b3bbdfbe12130c81fc72,train,val,straight,data/processed/waymo_e2e/val/5a295ea24311b3bbdfbe12130c81fc72_29.npz
449,6eea094dcdafb7b521a5b4f210e98556,train,val,right-turn,data/processed/waymo_e2e/val/6eea094dcdafb7b521a5b4f210e98556_210.npz
450,61cb6fe96406fdc3c2ef341a338e42d3,train,training,left-turn,data/processed/waymo_e2e/training/61cb6fe96406fdc3c2ef341a338e42d3_167.npz
451,0ee52c24789d5aec6f730fd4287c4a12,train,val,straight,data/processed/waymo_e2e/val/0ee52c24789d5aec6f730fd4287c4a12_29.npz
452,823f0c290df508bc6f03e25ce05f75ec,train,training,left-turn,data/processed/waymo_e2e/training/823f0c290df508bc6f03e25ce05f75ec_175.npz
453,1255b8ea284e133ab8e6336a225e659f,train,val,straight,data/processed/waymo_e2e/val/1255b8ea284e133ab8e6336a225e659f_212.npz
454,21df436af6acd0732d4f58c6b7c76c05,train,training,straight,data/processed/waymo_e2e/training/21df436af6acd0732d4f58c6b7c76c05_30.npz
455,0d44fab3771e008b72f02651159a657f,train,training,right-turn,data/processed/waymo_e2e/training/0d44fab3771e008b72f02651159a657f_142.npz
456,9c13492ad1761f87846b49bf981ba075,train,val,straight,data/processed/waymo_e2e/val/9c13492ad1761f87846b49bf981ba075_10.npz
457,1c80c8afdcdd472b6ca11bc44f0f370c,train,training,straight,data/processed/waymo_e2e/training/1c80c8afdcdd472b6ca11bc44f0f370c_30.npz
458,7fe6ac6b8107a7718cfe3b633942c5e7,train,training,right-turn,data/processed/waymo_e2e/training/7fe6ac6b8107a7718cfe3b633942c5e7_132.npz
459,ef6611193fdee2cfd5a45167d2cbff84,train,training,straight,data/processed/waymo_e2e/training/ef6611193fdee2cfd5a45167d2cbff84_31.npz
460,0db6f57c4c0a0592d2ba7616cc177acd,train,training,left-turn,data/processed/waymo_e2e/training/0db6f57c4c0a0592d2ba7616cc177acd_30.npz
461,522ead2e514512512d8f5b1653d99a03,train,training,straight,data/processed/waymo_e2e/training/522ead2e514512512d8f5b1653d99a03_132.npz
462,f9c4eb19096ee5e47a4acc19b2d51d2f,train,training,straight,data/processed/waymo_e2e/training/f9c4eb19096ee5e47a4acc19b2d51d2f_30.npz
463,c272cc9989b499bc55db04adbd03a9d3,train,training,left-turn,data/processed/waymo_e2e/training/c272cc9989b499bc55db04adbd03a9d3_146.npz
464,d674f1996d9e40a688fc3cc9f010fe64,train,training,right-turn,data/processed/waymo_e2e/training/d674f1996d9e40a688fc3cc9f010fe64_149.npz
465,98a2398cadb3622bbe35512682a70dcc,train,training,straight,data/processed/waymo_e2e/training/98a2398cadb3622bbe35512682a70dcc_88.npz
466,eb7a066336492ad1de6627ca169b30a2,train,training,right-turn,data/processed/waymo_e2e/training/eb7a066336492ad1de6627ca169b30a2_149.npz
467,fb3f516c5df1fe98a9315038a8a161d1,train,training,left-turn,data/processed/waymo_e2e/training/fb3f516c5df1fe98a9315038a8a161d1_149.npz
468,0aa96f6f7fbe3f29c65db92b52fa17ef,train,val,left-turn,data/processed/waymo_e2e/val/0aa96f6f7fbe3f29c65db92b52fa17ef_134.npz
469,c140ab74e630b88f5a9f1bcf95cae53d,train,training,left-turn,data/processed/waymo_e2e/training/c140ab74e630b88f5a9f1bcf95cae53d_155.npz
470,91c8c941e8745d4fb868ad9d90093a24,train,training,left-turn,data/processed/waymo_e2e/training/91c8c941e8745d4fb868ad9d90093a24_91.npz
471,79c4f5b6cf5894f56829d93b61e5e380,train,training,right-turn,data/processed/waymo_e2e/training/79c4f5b6cf5894f56829d93b61e5e380_37.npz
472,9a90cca08859a514b0bdd5abb7d997eb,train,training,straight,data/processed/waymo_e2e/training/9a90cca08859a514b0bdd5abb7d997eb_30.npz
473,a4a99e9585442d4ead92037fa1006d79,train,training,right-turn,data/processed/waymo_e2e/training/a4a99e9585442d4ead92037fa1006d79_217.npz
474,7331710f59abdde8b10bce1c48d49b3f,train,val,right-turn,data/processed/waymo_e2e/val/7331710f59abdde8b10bce1c48d49b3f_80.npz
475,2043417c3c6d05961f7aac8e886fe8ef,train,training,left-turn,data/processed/waymo_e2e/training/2043417c3c6d05961f7aac8e886fe8ef_10.npz
476,5bef8f2e82697e56d4151d1462088b90,train,val,left-turn,data/processed/waymo_e2e/val/5bef8f2e82697e56d4151d1462088b90_10.npz
477,31e0af8457037bb49790428f9b088f8c,train,training,straight,data/processed/waymo_e2e/training/31e0af8457037bb49790428f9b088f8c_29.npz
478,a0f77cebca16bb01e7d4e72346e76ade,train,training,left-turn,data/processed/waymo_e2e/training/a0f77cebca16bb01e7d4e72346e76ade_123.npz
479,eba7275939463d8fcdb6aecfc7ccbd20,train,training,straight,data/processed/waymo_e2e/training/eba7275939463d8fcdb6aecfc7ccbd20_29.npz
480,6044c029010536852dbb99ed73416cd5,train,training,straight,data/processed/waymo_e2e/training/6044c029010536852dbb99ed73416cd5_10.npz
481,0ccbcc47f5d0920f6918be5b7148e05c,train,training,straight,data/processed/waymo_e2e/training/0ccbcc47f5d0920f6918be5b7148e05c_31.npz
482,81971dcc001c0af3ae44f88a0492d862,train,training,straight,data/processed/waymo_e2e/training/81971dcc001c0af3ae44f88a0492d862_125.npz
483,051438138504de2b3f7a5e00c82d1d93,train,training,straight,data/processed/waymo_e2e/training/051438138504de2b3f7a5e00c82d1d93_29.npz
484,9c737484c5fc491d2084fd88cc2deaa7,train,training,straight,data/processed/waymo_e2e/training/9c737484c5fc491d2084fd88cc2deaa7_30.npz
485,2d87ecfaa58c09cc9a101a8a75f67cc4,train,training,right-turn,data/processed/waymo_e2e/training/2d87ecfaa58c09cc9a101a8a75f67cc4_10.npz
486,b445bc300455855f999e8b8ae8eea6ee,train,training,right-turn,data/processed/waymo_e2e/training/b445bc300455855f999e8b8ae8eea6ee_141.npz
487,55eae1c58c3580a3a5ad5423ebd392f1,train,training,left-turn,data/processed/waymo_e2e/training/55eae1c58c3580a3a5ad5423ebd392f1_29.npz
488,032e50866c794f199c62aa9ee17de3c6,train,training,right-turn,data/processed/waymo_e2e/training/032e50866c794f199c62aa9ee17de3c6_148.npz
489,4f0ae99af3b4cbe0305f8d49f25c3968,train,training,right-turn,data/processed/waymo_e2e/training/4f0ae99af3b4cbe0305f8d49f25c3968_61.npz
490,0740a98ecd0fd75192ae56d8c86913da,train,training,straight,data/processed/waymo_e2e/training/0740a98ecd0fd75192ae56d8c86913da_224.npz
491,59d3145e043ca4d10696954a6dfa5d83,train,training,right-turn,data/processed/waymo_e2e/training/59d3145e043ca4d10696954a6dfa5d83_110.npz
492,8eb4a9c6257b2139c55ec893315776ff,train,training,left-turn,data/processed/waymo_e2e/training/8eb4a9c6257b2139c55ec893315776ff_188.npz
493,38e0028c52d4b6fcff383c789c7d7b3d,train,training,straight,data/processed/waymo_e2e/training/38e0028c52d4b6fcff383c789c7d7b3d_11.npz
494,37a2c25c4226c2a1933b86223d24be3c,train,training,straight,data/processed/waymo_e2e/training/37a2c25c4226c2a1933b86223d24be3c_10.npz
495,4acc516ad699822ad2b4fa2dcd08a515,train,training,left-turn,data/processed/waymo_e2e/training/4acc516ad699822ad2b4fa2dcd08a515_61.npz
496,82649326289254de94a5eb3f9904b40d,train,training,straight,data/processed/waymo_e2e/training/82649326289254de94a5eb3f9904b40d_10.npz
497,dfa20c65dcc57c6ccabc47a7cc96d13f,train,val,right-turn,data/processed/waymo_e2e/val/dfa20c65dcc57c6ccabc47a7cc96d13f_80.npz
498,38561ca659f7ba32383f3f1cad122546,train,val,right-turn,data/processed/waymo_e2e/val/38561ca659f7ba32383f3f1cad122546_213.npz
499,e3e6244899ebdbf1a0d0d45fc513b34c,train,val,straight,data/processed/waymo_e2e/val/e3e6244899ebdbf1a0d0d45fc513b34c_159.npz
500,801a330a4f575841d82bd5200e2c4fb2,train,val,straight,data/processed/waymo_e2e/val/801a330a4f575841d82bd5200e2c4fb2_10.npz
501,c41dfef583199fd4912f1e96c95bf142,train,training,straight,data/processed/waymo_e2e/training/c41dfef583199fd4912f1e96c95bf142_31.npz
502,ba6a7f3fdf5379ec6c40a8d6c95c8817,train,training,straight,data/processed/waymo_e2e/training/ba6a7f3fdf5379ec6c40a8d6c95c8817_30.npz
503,60578ba5e1576df80787d7669c177aea,train,training,straight,data/processed/waymo_e2e/training/60578ba5e1576df80787d7669c177aea_31.npz
504,47bbd6975899713ba839ec3ed69c31a6,train,training,right-turn,data/processed/waymo_e2e/training/47bbd6975899713ba839ec3ed69c31a6_159.npz
505,567443cab762895c5a05acc838764f96,train,val,straight,data/processed/waymo_e2e/val/567443cab762895c5a05acc838764f96_10.npz
506,cc60f63b7db1aa0e929c9ad92c13a6f6,train,training,right-turn,data/processed/waymo_e2e/training/cc60f63b7db1aa0e929c9ad92c13a6f6_56.npz
507,41314439f50b64452b17eafdd45af169,train,training,straight,data/processed/waymo_e2e/training/41314439f50b64452b17eafdd45af169_30.npz
508,37505ec1a87c9ea4ac3c7c42928595e8,train,training,left-turn,data/processed/waymo_e2e/training/37505ec1a87c9ea4ac3c7c42928595e8_131.npz
509,dde512e476caa3f4f7bffcf79c4bee00,train,training,right-turn,data/processed/waymo_e2e/training/dde512e476caa3f4f7bffcf79c4bee00_111.npz
510,1197093242c6d610cc8349db6fcad5ab,train,training,straight,data/processed/waymo_e2e/training/1197093242c6d610cc8349db6fcad5ab_17.npz
511,c383a9ab31bc71e3e704fa3c974c8ff8,train,val,left-turn,data/processed/waymo_e2e/val/c383a9ab31bc71e3e704fa3c974c8ff8_9.npz
512,a6c6dc17f8aa466daecd1e0963439ce2,train,training,right-turn,data/processed/waymo_e2e/training/a6c6dc17f8aa466daecd1e0963439ce2_29.npz
513,1f9b7592919fd6f3c8c420c713b063c8,train,training,straight,data/processed/waymo_e2e/training/1f9b7592919fd6f3c8c420c713b063c8_31.npz
514,b3067d0af56ffc8a9e261d2ec6d658cd,train,val,straight,data/processed/waymo_e2e/val/b3067d0af56ffc8a9e261d2ec6d658cd_10.npz
515,a9a744fc340268d422af667ea405555b,train,training,straight,data/processed/waymo_e2e/training/a9a744fc340268d422af667ea405555b_30.npz
516,a0ba2c3acdb180496107132d7fed96bd,train,training,left-turn,data/processed/waymo_e2e/training/a0ba2c3acdb180496107132d7fed96bd_210.npz
517,c57453d3654656874dc9d295496bc2b2,train,training,left-turn,data/processed/waymo_e2e/training/c57453d3654656874dc9d295496bc2b2_31.npz
518,f98fc72e6c3fff85057a6fc1704f3134,train,training,left-turn,data/processed/waymo_e2e/training/f98fc72e6c3fff85057a6fc1704f3134_177.npz
519,ff09933579ff7254195bf437753d8364,train,training,right-turn,data/processed/waymo_e2e/training/ff09933579ff7254195bf437753d8364_30.npz
520,e08ca04248b631525982475ad04f49be,train,training,straight,data/processed/waymo_e2e/training/e08ca04248b631525982475ad04f49be_9.npz
521,d5ac206f3229513642b036dab5592317,train,training,straight,data/processed/waymo_e2e/training/d5ac206f3229513642b036dab5592317_29.npz
522,14c7e1fff8a921e9afb6fb37ca523aac,train,training,left-turn,data/processed/waymo_e2e/training/14c7e1fff8a921e9afb6fb37ca523aac_53.npz
523,ce3cb9231c05c659f37278a38b9b2a1b,train,training,left-turn,data/processed/waymo_e2e/training/ce3cb9231c05c659f37278a38b9b2a1b_207.npz
524,ebbfd48bfa7fc154b4ce89368b78beb5,train,training,right-turn,data/processed/waymo_e2e/training/ebbfd48bfa7fc154b4ce89368b78beb5_132.npz
525,474a369cbdce69432665f10ee171ac55,train,val,straight,data/processed/waymo_e2e/val/474a369cbdce69432665f10ee171ac55_9.npz
526,6c6b5761382617b2d37cd7f4cc2f2aba,train,training,straight,data/processed/waymo_e2e/training/6c6b5761382617b2d37cd7f4cc2f2aba_30.npz
527,f051fdcc38a1a20b0a8a080745272a12,train,val,left-turn,data/processed/waymo_e2e/val/f051fdcc38a1a20b0a8a080745272a12_11.npz
528,ff5fb8bfcd0528c1908a5ba0c2cf688e,train,training,right-turn,data/processed/waymo_e2e/training/ff5fb8bfcd0528c1908a5ba0c2cf688e_29.npz
529,dfa2bfbb5e7a04157134d2a29a14078d,train,training,straight,data/processed/waymo_e2e/training/dfa2bfbb5e7a04157134d2a29a14078d_29.npz
530,c883669bb2e877b81be219764cd0ebeb,train,training,straight,data/processed/waymo_e2e/training/c883669bb2e877b81be219764cd0ebeb_29.npz
531,b80c9c6ed4209a90c988f238602d89d4,train,val,straight,data/processed/waymo_e2e/val/b80c9c6ed4209a90c988f238602d89d4_10.npz
532,44e265ef426dac9a045b82c329890fae,train,training,right-turn,data/processed/waymo_e2e/training/44e265ef426dac9a045b82c329890fae_137.npz
533,740115b5a8ae4342b2ccb7747b91502a,train,training,left-turn,data/processed/waymo_e2e/training/740115b5a8ae4342b2ccb7747b91502a_112.npz
534,c1b025ee95af51ea66623e5d17e94fab,train,val,straight,data/processed/waymo_e2e/val/c1b025ee95af51ea66623e5d17e94fab_11.npz
535,ff02dea4f3dae8e8f6ddf3c787caff11,train,training,straight,data/processed/waymo_e2e/training/ff02dea4f3dae8e8f6ddf3c787caff11_30.npz
536,35ce701953e63ee12189493ff16c4449,train,training,left-turn,data/processed/waymo_e2e/training/35ce701953e63ee12189493ff16c4449_134.npz
537,62d8270da2d3c4c0b6b4edb5bd66b0a2,train,training,straight,data/processed/waymo_e2e/training/62d8270da2d3c4c0b6b4edb5bd66b0a2_31.npz
538,9e336cb93148fd1b9158bdcce59ed95d,train,training,left-turn,data/processed/waymo_e2e/training/9e336cb93148fd1b9158bdcce59ed95d_83.npz
539,f58e97e14aace50080ca50c8849625d5,train,training,left-turn,data/processed/waymo_e2e/training/f58e97e14aace50080ca50c8849625d5_151.npz
540,d9ccdf1a61a8ad9331d5034a6c6e3a86,train,training,straight,data/processed/waymo_e2e/training/d9ccdf1a61a8ad9331d5034a6c6e3a86_76.npz
541,dd5552cc13f3c0dc5c655bd5094d19c3,train,training,left-turn,data/processed/waymo_e2e/training/dd5552cc13f3c0dc5c655bd5094d19c3_151.npz
542,5a2b3c3dec879963809d50f496e2cad8,train,training,straight,data/processed/waymo_e2e/training/5a2b3c3dec879963809d50f496e2cad8_10.npz
543,214541b5720cc9ff0efb4b6b4b87ce1e,train,training,straight,data/processed/waymo_e2e/training/214541b5720cc9ff0efb4b6b4b87ce1e_30.npz
544,3e1cfb4f5b453f8f1b3ba9809216d5e0,train,training,straight,data/processed/waymo_e2e/training/3e1cfb4f5b453f8f1b3ba9809216d5e0_118.npz
545,29595e6da9c295852ce15eaee787fb9a,train,training,straight,data/processed/waymo_e2e/training/29595e6da9c295852ce15eaee787fb9a_30.npz
546,dcd904e239037cc6b4b036b95305a2d2,train,training,right-turn,data/processed/waymo_e2e/training/dcd904e239037cc6b4b036b95305a2d2_158.npz
547,f76d3bb5e19a92fa7d66b77fee1b8f37,train,training,straight,data/processed/waymo_e2e/training/f76d3bb5e19a92fa7d66b77fee1b8f37_30.npz
548,22040b1b7ac11f8bc24ad03bbda6d394,train,training,left-turn,data/processed/waymo_e2e/training/22040b1b7ac11f8bc24ad03bbda6d394_30.npz
549,b5dfd7d31972c92209ef54c811d1ed77,train,training,left-turn,data/processed/waymo_e2e/training/b5dfd7d31972c92209ef54c811d1ed77_10.npz
550,c38a7529c4422d96f2239b3f415b46c0,train,training,straight,data/processed/waymo_e2e/training/c38a7529c4422d96f2239b3f415b46c0_10.npz
551,324a1e8ed718b9a3034ab6adfb536151,train,training,right-turn,data/processed/waymo_e2e/training/324a1e8ed718b9a3034ab6adfb536151_29.npz
552,a10e8ed3e40d0666cf93a5ade221e5ab,train,training,straight,data/processed/waymo_e2e/training/a10e8ed3e40d0666cf93a5ade221e5ab_31.npz
553,e6a1530b518e717eae66720c2566ded3,train,training,right-turn,data/processed/waymo_e2e/training/e6a1530b518e717eae66720c2566ded3_127.npz
554,85997a48a48104970ad9347a6edba214,train,training,left-turn,data/processed/waymo_e2e/training/85997a48a48104970ad9347a6edba214_118.npz
555,2ab86eec6b8ffac329baa5f0077e396e,train,training,right-turn,data/processed/waymo_e2e/training/2ab86eec6b8ffac329baa5f0077e396e_210.npz
556,6974ef56bd2649be001090dddb0b5077,train,training,right-turn,data/processed/waymo_e2e/training/6974ef56bd2649be001090dddb0b5077_221.npz
557,4114fc22dfe5b28572e503ee4ed21636,train,val,left-turn,data/processed/waymo_e2e/val/4114fc22dfe5b28572e503ee4ed21636_10.npz
558,7e65cbe0cdb38fb5604ea173f5b95564,train,training,right-turn,data/processed/waymo_e2e/training/7e65cbe0cdb38fb5604ea173f5b95564_36.npz
559,ede398b2c8feb3d9a16b0dcb957fe20a,train,training,straight,data/processed/waymo_e2e/training/ede398b2c8feb3d9a16b0dcb957fe20a_31.npz
560,e0de66a6043cccba017ce688d4782508,train,training,straight,data/processed/waymo_e2e/training/e0de66a6043cccba017ce688d4782508_30.npz
561,746a543769d5d8a0e2cf2324d08396cb,train,training,straight,data/processed/waymo_e2e/training/746a543769d5d8a0e2cf2324d08396cb_63.npz
562,f5c2f0650b389b867b4db9a1848c2993,train,training,straight,data/processed/waymo_e2e/training/f5c2f0650b389b867b4db9a1848c2993_30.npz
563,e820880d95e9ffad0178cf5726ea081e,train,training,straight,data/processed/waymo_e2e/training/e820880d95e9ffad0178cf5726ea081e_133.npz
564,ec997d42ae3bd6606e498944d5f7ba09,train,training,left-turn,data/processed/waymo_e2e/training/ec997d42ae3bd6606e498944d5f7ba09_76.npz
565,4e2aa4f7bb92e68d6533876152548ef9,train,val,right-turn,data/processed/waymo_e2e/val/4e2aa4f7bb92e68d6533876152548ef9_26.npz
566,75547e1fe31a940010e857cb92de8736,train,training,straight,data/processed/waymo_e2e/training/75547e1fe31a940010e857cb92de8736_121.npz
567,8af90c1849bdd98e182a76d4a3d6385c,train,training,left-turn,data/processed/waymo_e2e/training/8af90c1849bdd98e182a76d4a3d6385c_39.npz
568,98ce7df65a9dd284fec2af85828d6c1e,train,training,straight,data/processed/waymo_e2e/training/98ce7df65a9dd284fec2af85828d6c1e_29.npz
569,4e9f3d7a36498126c1d8a50acc86fb0b,train,val,right-turn,data/processed/waymo_e2e/val/4e9f3d7a36498126c1d8a50acc86fb0b_209.npz
570,24d9f46a085987f998d5df96e11f0b92,train,val,left-turn,data/processed/waymo_e2e/val/24d9f46a085987f998d5df96e11f0b92_153.npz
571,693754d2c3954ce0b2aef9fe755f42d3,train,training,right-turn,data/processed/waymo_e2e/training/693754d2c3954ce0b2aef9fe755f42d3_142.npz
572,c26fc0e72c709039bf9747356137970a,train,val,right-turn,data/processed/waymo_e2e/val/c26fc0e72c709039bf9747356137970a_138.npz
573,ea980c5d86668bb6fddb5e870429ea35,train,training,left-turn,data/processed/waymo_e2e/training/ea980c5d86668bb6fddb5e870429ea35_162.npz
574,cab6d3c2e5e831fa07c7ff1724bb72aa,train,val,right-turn,data/processed/waymo_e2e/val/cab6d3c2e5e831fa07c7ff1724bb72aa_9.npz
575,f1f3805edea9c96cb8b900d6839aab79,train,training,left-turn,data/processed/waymo_e2e/training/f1f3805edea9c96cb8b900d6839aab79_122.npz
576,94492f4267c103f8297acd28a4cebe8c,train,training,straight,data/processed/waymo_e2e/training/94492f4267c103f8297acd28a4cebe8c_11.npz
577,d3ba9c4f68cae824f21a47df10bb01bc,train,training,straight,data/processed/waymo_e2e/training/d3ba9c4f68cae824f21a47df10bb01bc_129.npz
578,f1df13fe6a92bcbb9a22ed93ea20cd35,train,training,straight,data/processed/waymo_e2e/training/f1df13fe6a92bcbb9a22ed93ea20cd35_27.npz
579,73bc57403cd930d538eb7bfeddc2f237,train,training,straight,data/processed/waymo_e2e/training/73bc57403cd930d538eb7bfeddc2f237_30.npz
580,bb5d423dca182a8860d61c321ec47f80,train,training,right-turn,data/processed/waymo_e2e/training/bb5d423dca182a8860d61c321ec47f80_177.npz
581,1a11d93bc5d7d5983c7f4d4a0f86dcb0,train,val,straight,data/processed/waymo_e2e/val/1a11d93bc5d7d5983c7f4d4a0f86dcb0_10.npz
582,e5b0127cfb1faa95765e237508a1889f,train,training,right-turn,data/processed/waymo_e2e/training/e5b0127cfb1faa95765e237508a1889f_127.npz
583,3505a601667026c7df4b21cf1852057d,train,training,right-turn,data/processed/waymo_e2e/training/3505a601667026c7df4b21cf1852057d_172.npz
584,e65985cb7cf33cb1208c99d7dc208d88,train,training,straight,data/processed/waymo_e2e/training/e65985cb7cf33cb1208c99d7dc208d88_84.npz
585,834d2c0bd08dddbcb9501fdd7520072d,train,training,left-turn,data/processed/waymo_e2e/training/834d2c0bd08dddbcb9501fdd7520072d_155.npz
586,1d732e8e41368d7dcf7daf5d8e8db245,train,training,left-turn,data/processed/waymo_e2e/training/1d732e8e41368d7dcf7daf5d8e8db245_143.npz
587,d1a4b4d8b758649fd26802a5a623028a,train,training,left-turn,data/processed/waymo_e2e/training/d1a4b4d8b758649fd26802a5a623028a_170.npz
588,dfbe483156dcde727471ef2b6647007b,train,training,right-turn,data/processed/waymo_e2e/training/dfbe483156dcde727471ef2b6647007b_130.npz
589,a7f0dfd17442536d2ebcacaac18e99ca,train,training,right-turn,data/processed/waymo_e2e/training/a7f0dfd17442536d2ebcacaac18e99ca_152.npz
590,f6ab303f56516e0bab25415a2c52c303,train,training,right-turn,data/processed/waymo_e2e/training/f6ab303f56516e0bab25415a2c52c303_100.npz
591,19ab09823c6199e240dc0b8a0d9e77e6,train,training,straight,data/processed/waymo_e2e/training/19ab09823c6199e240dc0b8a0d9e77e6_131.npz
592,edfca8046ba8042ae69363693c6c94c7,train,training,left-turn,data/processed/waymo_e2e/training/edfca8046ba8042ae69363693c6c94c7_147.npz
593,3c49a2054fcbbfd8e186bbe2bdc7a2af,train,training,left-turn,data/processed/waymo_e2e/training/3c49a2054fcbbfd8e186bbe2bdc7a2af_143.npz
594,c8b97b9bc449551b8cf004e026dac6ab,train,training,right-turn,data/processed/waymo_e2e/training/c8b97b9bc449551b8cf004e026dac6ab_221.npz
595,051ce5c30a4149e2e888f391cd01a211,train,training,straight,data/processed/waymo_e2e/training/051ce5c30a4149e2e888f391cd01a211_30.npz
596,670234c5a12dd9c5331a87da871d7004,train,training,right-turn,data/processed/waymo_e2e/training/670234c5a12dd9c5331a87da871d7004_142.npz
597,af3d93ac2b96dbe21580fca517b1ab7e,train,training,right-turn,data/processed/waymo_e2e/training/af3d93ac2b96dbe21580fca517b1ab7e_124.npz
598,cb59e354cc3c99e4123a29966fac05e5,train,training,right-turn,data/processed/waymo_e2e/training/cb59e354cc3c99e4123a29966fac05e5_68.npz
599,6b8bd665bd359ba0dd9e243d54a319a5,train,training,straight,data/processed/waymo_e2e/training/6b8bd665bd359ba0dd9e243d54a319a5_31.npz
600,f5e2788604dd78aaddbd3cc7bdf34594,train,training,straight,data/processed/waymo_e2e/training/f5e2788604dd78aaddbd3cc7bdf34594_118.npz
601,80b0e0d68009de5d22abb1efa94720a5,train,training,straight,data/processed/waymo_e2e/training/80b0e0d68009de5d22abb1efa94720a5_105.npz
602,8bfe4ed8b2911c487510033244464da2,train,training,straight,data/processed/waymo_e2e/training/8bfe4ed8b2911c487510033244464da2_30.npz
603,9ca90fc638c0508a80db19896eb9b7b6,train,val,right-turn,data/processed/waymo_e2e/val/9ca90fc638c0508a80db19896eb9b7b6_10.npz
604,48938d756ec62f122598a77c004457af,train,val,right-turn,data/processed/waymo_e2e/val/48938d756ec62f122598a77c004457af_229.npz
605,acb36901a0e8e0e2702f86c04bb0bf33,train,training,straight,data/processed/waymo_e2e/training/acb36901a0e8e0e2702f86c04bb0bf33_85.npz
606,f4af235555fe56e0093c3c9c1c5452ab,train,val,straight,data/processed/waymo_e2e/val/f4af235555fe56e0093c3c9c1c5452ab_29.npz
607,78c4766a17f397ffadedd71e5050c125,train,training,right-turn,data/processed/waymo_e2e/training/78c4766a17f397ffadedd71e5050c125_210.npz
608,28db9cd6c222b1e25fc4665d41bb01ee,train,training,left-turn,data/processed/waymo_e2e/training/28db9cd6c222b1e25fc4665d41bb01ee_146.npz
609,0f6bdce16941d76efd0e722f27be84d4,train,training,left-turn,data/processed/waymo_e2e/training/0f6bdce16941d76efd0e722f27be84d4_92.npz
610,6d3c12cdc72a778a7b972bb4da7c0978,train,training,straight,data/processed/waymo_e2e/training/6d3c12cdc72a778a7b972bb4da7c0978_10.npz
611,271066d75dc73da3280e37021aa61fb9,train,training,left-turn,data/processed/waymo_e2e/training/271066d75dc73da3280e37021aa61fb9_79.npz
612,a2a6e1596f6f6e121db9721be8b12641,train,training,straight,data/processed/waymo_e2e/training/a2a6e1596f6f6e121db9721be8b12641_29.npz
613,f8735a7370584ed07275c59278f8a1d1,train,training,straight,data/processed/waymo_e2e/training/f8735a7370584ed07275c59278f8a1d1_30.npz
614,c9edb4730fc275a1442505c4ad1d8fe9,train,training,left-turn,data/processed/waymo_e2e/training/c9edb4730fc275a1442505c4ad1d8fe9_165.npz
615,fec0c6803fe96287eaa39ecf2bf9f198,train,training,straight,data/processed/waymo_e2e/training/fec0c6803fe96287eaa39ecf2bf9f198_30.npz
616,482e02b0e80f3904a89eeedc2d78ef10,train,training,straight,data/processed/waymo_e2e/training/482e02b0e80f3904a89eeedc2d78ef10_29.npz
617,0593b8a202e06059ec96f3d5941900d6,train,val,right-turn,data/processed/waymo_e2e/val/0593b8a202e06059ec96f3d5941900d6_87.npz
618,613af7870ed59792996dace2d4963573,train,training,left-turn,data/processed/waymo_e2e/training/613af7870ed59792996dace2d4963573_150.npz
619,aba7e870d6a1cc00bb132b8f18fd42cd,train,val,left-turn,data/processed/waymo_e2e/val/aba7e870d6a1cc00bb132b8f18fd42cd_190.npz
620,07536cb8f2c94b945b140531dfab6660,train,training,straight,data/processed/waymo_e2e/training/07536cb8f2c94b945b140531dfab6660_10.npz
621,5b315d8da05e580a0deefffd1ecae2c3,train,training,right-turn,data/processed/waymo_e2e/training/5b315d8da05e580a0deefffd1ecae2c3_60.npz
622,ed10d8b3707bf920fc25faa4943473ce,train,training,straight,data/processed/waymo_e2e/training/ed10d8b3707bf920fc25faa4943473ce_30.npz
623,aaba238855c1474525c5df7013e30cec,train,training,straight,data/processed/waymo_e2e/training/aaba238855c1474525c5df7013e30cec_29.npz
624,baf757ff205f9882e849c8f580a862bf,train,training,straight,data/processed/waymo_e2e/training/baf757ff205f9882e849c8f580a862bf_30.npz
625,82068b3a4dc901136677c7d9e131bc61,train,training,straight,data/processed/waymo_e2e/training/82068b3a4dc901136677c7d9e131bc61_31.npz
626,10216a7573b320c7479ecbedd9bddc85,train,training,straight,data/processed/waymo_e2e/training/10216a7573b320c7479ecbedd9bddc85_44.npz
627,9647e330b097b81ba4fc64c0bdf78141,train,training,straight,data/processed/waymo_e2e/training/9647e330b097b81ba4fc64c0bdf78141_121.npz
628,49bb55727211e0894a706795b212c5cd,train,training,straight,data/processed/waymo_e2e/training/49bb55727211e0894a706795b212c5cd_28.npz
629,eeb774e8800c8f04b78c487aa181cf64,train,training,right-turn,data/processed/waymo_e2e/training/eeb774e8800c8f04b78c487aa181cf64_211.npz
630,d31b335ea4632dcf4557d50e8c9993ba,train,training,straight,data/processed/waymo_e2e/training/d31b335ea4632dcf4557d50e8c9993ba_31.npz
631,877f27225e14c5b4305c055ddf210a85,train,training,left-turn,data/processed/waymo_e2e/training/877f27225e14c5b4305c055ddf210a85_30.npz
632,ce5b9f7b374dcbbae7655a1bcfdc05c2,train,training,right-turn,data/processed/waymo_e2e/training/ce5b9f7b374dcbbae7655a1bcfdc05c2_30.npz
633,de72b748c0db7c57c81acf1f8aa2345b,train,training,right-turn,data/processed/waymo_e2e/training/de72b748c0db7c57c81acf1f8aa2345b_197.npz
634,fb584490cd8183c5e747f6aa177a8a21,train,training,left-turn,data/processed/waymo_e2e/training/fb584490cd8183c5e747f6aa177a8a21_158.npz
635,0ec2897349e43bc659c6b0f8c2203c0e,train,training,left-turn,data/processed/waymo_e2e/training/0ec2897349e43bc659c6b0f8c2203c0e_29.npz
636,55d9b9803afcd5c026de6972629683c0,train,training,straight,data/processed/waymo_e2e/training/55d9b9803afcd5c026de6972629683c0_29.npz
637,e58ac76b4d6e46d2b0b6dd8be972ae9d,train,val,straight,data/processed/waymo_e2e/val/e58ac76b4d6e46d2b0b6dd8be972ae9d_10.npz
638,97146edf87c66f3db8e94fa62eb44c82,train,training,left-turn,data/processed/waymo_e2e/training/97146edf87c66f3db8e94fa62eb44c82_18.npz
639,d516e25bf3c0078a13663810f9d9e297,train,val,straight,data/processed/waymo_e2e/val/d516e25bf3c0078a13663810f9d9e297_11.npz
640,b55c6b8af0f4fbc79d6c75f4da05a1df,train,val,straight,data/processed/waymo_e2e/val/b55c6b8af0f4fbc79d6c75f4da05a1df_9.npz
641,cbb18151b7f7031107bd82c2543a1ee9,train,training,straight,data/processed/waymo_e2e/training/cbb18151b7f7031107bd82c2543a1ee9_30.npz
642,1007ae340e2f4f70f7b769a24e27a51d,train,training,straight,data/processed/waymo_e2e/training/1007ae340e2f4f70f7b769a24e27a51d_10.npz
643,606924060f4d8b8d78a4241f44af9d24,train,val,left-turn,data/processed/waymo_e2e/val/606924060f4d8b8d78a4241f44af9d24_146.npz
644,daeb6b01224335fac3f28974b53c32ec,train,val,straight,data/processed/waymo_e2e/val/daeb6b01224335fac3f28974b53c32ec_9.npz
645,b54d4faf7a4e1cdd8f9d1ccddf907b82,train,training,straight,data/processed/waymo_e2e/training/b54d4faf7a4e1cdd8f9d1ccddf907b82_29.npz
646,38a028785e6dc3dd4045edbcdcb81608,train,training,straight,data/processed/waymo_e2e/training/38a028785e6dc3dd4045edbcdcb81608_30.npz
647,d038ba77e601ca81233d0af39bb8bb05,train,training,straight,data/processed/waymo_e2e/training/d038ba77e601ca81233d0af39bb8bb05_29.npz
648,571d0d5a4d2504f52b72afda5e918ad8,train,training,right-turn,data/processed/waymo_e2e/training/571d0d5a4d2504f52b72afda5e918ad8_155.npz
649,274b8d3f06830d13f84d2f2b4e276f42,train,training,straight,data/processed/waymo_e2e/training/274b8d3f06830d13f84d2f2b4e276f42_9.npz
650,9b82f9c66ed4ee734f2c883e8dba3049,train,training,straight,data/processed/waymo_e2e/training/9b82f9c66ed4ee734f2c883e8dba3049_30.npz
651,9fcc91dfc9ae155c479e5ece162a08e6,train,val,right-turn,data/processed/waymo_e2e/val/9fcc91dfc9ae155c479e5ece162a08e6_10.npz
652,82a788aa8d0e911d173468d7a5679e76,train,val,right-turn,data/processed/waymo_e2e/val/82a788aa8d0e911d173468d7a5679e76_26.npz
653,d0d78abc89eea37621082b486eff2ced,train,training,straight,data/processed/waymo_e2e/training/d0d78abc89eea37621082b486eff2ced_9.npz
654,efa7e0ad98662d545b2e291723a715cc,train,training,straight,data/processed/waymo_e2e/training/efa7e0ad98662d545b2e291723a715cc_31.npz
655,c0843bc651a520f957e9d93d2557464e,train,val,right-turn,data/processed/waymo_e2e/val/c0843bc651a520f957e9d93d2557464e_74.npz
656,368a4d767bcf1f2111baf0c553bfc827,train,training,left-turn,data/processed/waymo_e2e/training/368a4d767bcf1f2111baf0c553bfc827_121.npz
657,dbd2d26c5b1193cb040d76852e5019ca,train,training,left-turn,data/processed/waymo_e2e/training/dbd2d26c5b1193cb040d76852e5019ca_155.npz
658,eec5ca1a6526cc8e9c1a035fff8c0194,train,val,left-turn,data/processed/waymo_e2e/val/eec5ca1a6526cc8e9c1a035fff8c0194_95.npz
659,ac12a3fcd33b7ca59c19c431238a097a,train,training,left-turn,data/processed/waymo_e2e/training/ac12a3fcd33b7ca59c19c431238a097a_32.npz
660,b27a68b83f5c97c382c5b0521308e048,train,training,right-turn,data/processed/waymo_e2e/training/b27a68b83f5c97c382c5b0521308e048_143.npz
661,779fcada5dfcddf8f9f554ba453e88ac,train,training,right-turn,data/processed/waymo_e2e/training/779fcada5dfcddf8f9f554ba453e88ac_129.npz
662,7778a955774e2e7fdbc59c4d0cdbe274,train,val,left-turn,data/processed/waymo_e2e/val/7778a955774e2e7fdbc59c4d0cdbe274_87.npz
663,705bc76b5e7d00e700c39268d308b8cc,train,training,straight,data/processed/waymo_e2e/training/705bc76b5e7d00e700c39268d308b8cc_29.npz
664,203edf7e1f4a845dba5e094283bc619c,train,training,right-turn,data/processed/waymo_e2e/training/203edf7e1f4a845dba5e094283bc619c_33.npz
665,07ad36e096511357c816e555ce8cd6aa,train,training,right-turn,data/processed/waymo_e2e/training/07ad36e096511357c816e555ce8cd6aa_158.npz
666,8ab72fabcff7aa42d2b1f5912e562049,train,training,straight,data/processed/waymo_e2e/training/8ab72fabcff7aa42d2b1f5912e562049_29.npz
667,7c41fefb572ce4f8c7e0377b3da6cede,train,training,straight,data/processed/waymo_e2e/training/7c41fefb572ce4f8c7e0377b3da6cede_30.npz
668,e4431764c1426de525da6dba4559e528,train,val,straight,data/processed/waymo_e2e/val/e4431764c1426de525da6dba4559e528_9.npz
669,0ea1fd5ec542ce5d980796ad13a769c7,train,training,left-turn,data/processed/waymo_e2e/training/0ea1fd5ec542ce5d980796ad13a769c7_40.npz
670,514c77ab304b03f455bc895b997d50ac,train,training,straight,data/processed/waymo_e2e/training/514c77ab304b03f455bc895b997d50ac_31.npz
671,aa46f444b07a409b8c2420a4515c988e,train,training,straight,data/processed/waymo_e2e/training/aa46f444b07a409b8c2420a4515c988e_31.npz
672,ed3d8a78e7a094cd67d183315f3cd472,train,training,left-turn,data/processed/waymo_e2e/training/ed3d8a78e7a094cd67d183315f3cd472_119.npz
673,a42ade86866dc0cd19ee95eafc1b91c8,train,val,right-turn,data/processed/waymo_e2e/val/a42ade86866dc0cd19ee95eafc1b91c8_10.npz
674,3646f12d178c6b1a8a101f7fb4039af2,train,training,left-turn,data/processed/waymo_e2e/training/3646f12d178c6b1a8a101f7fb4039af2_168.npz
675,e60b1bf673d5b0b333b637e7d69ca252,train,training,right-turn,data/processed/waymo_e2e/training/e60b1bf673d5b0b333b637e7d69ca252_152.npz
676,61b71919fef7978a8b3ccc77688572ca,train,training,right-turn,data/processed/waymo_e2e/training/61b71919fef7978a8b3ccc77688572ca_126.npz
677,d60ffc64e51120e8bef98c4f8330232c,train,training,right-turn,data/processed/waymo_e2e/training/d60ffc64e51120e8bef98c4f8330232c_134.npz
678,b23e190a9c8023322f81c14a459b6935,train,training,straight,data/processed/waymo_e2e/training/b23e190a9c8023322f81c14a459b6935_29.npz
679,62f0156c7569d3c2e942355b1ae86095,train,val,left-turn,data/processed/waymo_e2e/val/62f0156c7569d3c2e942355b1ae86095_153.npz
680,7cf744f7d61876a19fab07541680e9c4,train,training,left-turn,data/processed/waymo_e2e/training/7cf744f7d61876a19fab07541680e9c4_217.npz
681,daa109a86d1ac6948f521187caee160e,train,training,straight,data/processed/waymo_e2e/training/daa109a86d1ac6948f521187caee160e_30.npz
682,d67384eb34b2ce52f948e1ebd60afb8d,train,training,right-turn,data/processed/waymo_e2e/training/d67384eb34b2ce52f948e1ebd60afb8d_67.npz
683,175efb9dc564dc20b677dc20eb4eab57,train,training,left-turn,data/processed/waymo_e2e/training/175efb9dc564dc20b677dc20eb4eab57_159.npz
684,322f9f40264b2e90e2745eb1f2de039f,train,training,right-turn,data/processed/waymo_e2e/training/322f9f40264b2e90e2745eb1f2de039f_74.npz
685,b2f1ea173b28f5fa693f194d34aa4e3c,train,training,left-turn,data/processed/waymo_e2e/training/b2f1ea173b28f5fa693f194d34aa4e3c_177.npz
686,9afcd66a3b15279cd905af9b0b1cc3c2,train,training,straight,data/processed/waymo_e2e/training/9afcd66a3b15279cd905af9b0b1cc3c2_94.npz
687,92df7a3d56263f9bac047b83efc0c03f,train,training,right-turn,data/processed/waymo_e2e/training/92df7a3d56263f9bac047b83efc0c03f_156.npz
688,b6f3c55758b8c847063c1fe9e5154a08,train,val,straight,data/processed/waymo_e2e/val/b6f3c55758b8c847063c1fe9e5154a08_10.npz
689,0fa02d086dfd52bffdb1d854fe1a110c,train,training,straight,data/processed/waymo_e2e/training/0fa02d086dfd52bffdb1d854fe1a110c_31.npz
690,3a5443d94fedb99fcba4e75547dc8f82,train,training,left-turn,data/processed/waymo_e2e/training/3a5443d94fedb99fcba4e75547dc8f82_31.npz
691,cbda6736d412334da820e864419308b5,train,training,left-turn,data/processed/waymo_e2e/training/cbda6736d412334da820e864419308b5_41.npz
692,aa2d7eccc3b82464dce08c23fbeb565c,train,training,straight,data/processed/waymo_e2e/training/aa2d7eccc3b82464dce08c23fbeb565c_29.npz
693,12663770f0360a2c0eb58225aea2d508,train,training,straight,data/processed/waymo_e2e/training/12663770f0360a2c0eb58225aea2d508_30.npz
694,4dec2b1c8d324c6d5cae25b32a2b0c5d,train,training,straight,data/processed/waymo_e2e/training/4dec2b1c8d324c6d5cae25b32a2b0c5d_122.npz
695,6b570abeb044cf89ca94d8b85ac1e78d,train,training,straight,data/processed/waymo_e2e/training/6b570abeb044cf89ca94d8b85ac1e78d_31.npz
696,de5200e091f690269a040fe4a99b041b,train,training,right-turn,data/processed/waymo_e2e/training/de5200e091f690269a040fe4a99b041b_30.npz
697,09a0015da9bb65d3a40ae5e0f01fc210,train,training,straight,data/processed/waymo_e2e/training/09a0015da9bb65d3a40ae5e0f01fc210_123.npz
698,85b27c502fee1289a26253dc32038ffe,train,training,left-turn,data/processed/waymo_e2e/training/85b27c502fee1289a26253dc32038ffe_77.npz
699,c379b6785c1ec40bed27a6e20ce4f408,train,training,straight,data/processed/waymo_e2e/training/c379b6785c1ec40bed27a6e20ce4f408_10.npz
700,276512cd80c65fed48986b6a892b672e,train,training,left-turn,data/processed/waymo_e2e/training/276512cd80c65fed48986b6a892b672e_30.npz
701,fd528a1b356e3b453ecb3c585ba99ce8,train,training,straight,data/processed/waymo_e2e/training/fd528a1b356e3b453ecb3c585ba99ce8_67.npz
702,7f8ff56b560d1b527f9d1b57e20e5532,train,training,right-turn,data/processed/waymo_e2e/training/7f8ff56b560d1b527f9d1b57e20e5532_71.npz
703,362c7e74f9e4d2579f4c9fac9964ad44,train,training,straight,data/processed/waymo_e2e/training/362c7e74f9e4d2579f4c9fac9964ad44_31.npz
704,73f5dd10b9ea0a1c60addb389f7e6165,train,training,straight,data/processed/waymo_e2e/training/73f5dd10b9ea0a1c60addb389f7e6165_11.npz
705,b7f27692a540399e77c98c7034b68056,train,training,straight,data/processed/waymo_e2e/training/b7f27692a540399e77c98c7034b68056_9.npz
706,be5683ba52d625cfb3956e90c5e2c5ff,train,training,right-turn,data/processed/waymo_e2e/training/be5683ba52d625cfb3956e90c5e2c5ff_91.npz
707,bc7bc71b74b7049bdfa7461496ad90e3,train,training,left-turn,data/processed/waymo_e2e/training/bc7bc71b74b7049bdfa7461496ad90e3_128.npz
708,67a5a02e55b949e7719f2a664b47c078,train,training,right-turn,data/processed/waymo_e2e/training/67a5a02e55b949e7719f2a664b47c078_115.npz
709,e697839b902fb1ffbbbff9e1226f8ba9,train,training,left-turn,data/processed/waymo_e2e/training/e697839b902fb1ffbbbff9e1226f8ba9_148.npz
710,804e8135ce508a79e1e59226179a66be,train,training,left-turn,data/processed/waymo_e2e/training/804e8135ce508a79e1e59226179a66be_126.npz
711,636b34fa3c2ac7f88acfc31b86916669,train,training,left-turn,data/processed/waymo_e2e/training/636b34fa3c2ac7f88acfc31b86916669_143.npz
712,9447e0b3f8a3299f685d201fd6cd8256,train,training,straight,data/processed/waymo_e2e/training/9447e0b3f8a3299f685d201fd6cd8256_29.npz
713,b3bc3bb4fd3c712bcb77619c01efd8fd,train,val,left-turn,data/processed/waymo_e2e/val/b3bc3bb4fd3c712bcb77619c01efd8fd_135.npz
714,023de465f73acb957c34bdf9299ed39b,train,val,right-turn,data/processed/waymo_e2e/val/023de465f73acb957c34bdf9299ed39b_60.npz
715,13f333c93516c300ba595f8b1f0c6cde,train,training,left-turn,data/processed/waymo_e2e/training/13f333c93516c300ba595f8b1f0c6cde_31.npz
716,7f87ac3f421f6b96269de449c0095771,train,training,left-turn,data/processed/waymo_e2e/training/7f87ac3f421f6b96269de449c0095771_143.npz
717,99e8368be1466990b0b103ce052f1ca8,train,training,right-turn,data/processed/waymo_e2e/training/99e8368be1466990b0b103ce052f1ca8_39.npz
718,0b5f55be89855c7caa9ce2e54fdfcda7,train,training,left-turn,data/processed/waymo_e2e/training/0b5f55be89855c7caa9ce2e54fdfcda7_169.npz
719,5f3acbee7923e1b69d6601c21e135f66,train,training,straight,data/processed/waymo_e2e/training/5f3acbee7923e1b69d6601c21e135f66_29.npz
720,746f990b3e5ca8b147972e7167fc9c14,train,training,straight,data/processed/waymo_e2e/training/746f990b3e5ca8b147972e7167fc9c14_30.npz
721,c732ab779a9ea1b18b8c5cca49d12b53,train,training,straight,data/processed/waymo_e2e/training/c732ab779a9ea1b18b8c5cca49d12b53_30.npz
722,cf84f705f1954e62880a0ce641fdb361,train,training,straight,data/processed/waymo_e2e/training/cf84f705f1954e62880a0ce641fdb361_137.npz
723,36bcd46c350c6037c1b9f817636455db,train,val,right-turn,data/processed/waymo_e2e/val/36bcd46c350c6037c1b9f817636455db_10.npz
724,202351a6d1b75b1d29882b3df1dc9e70,train,training,straight,data/processed/waymo_e2e/training/202351a6d1b75b1d29882b3df1dc9e70_31.npz
725,fbab5ee384b6a6c98e2557b0a6642fac,train,training,right-turn,data/processed/waymo_e2e/training/fbab5ee384b6a6c98e2557b0a6642fac_212.npz
726,9a4246c135fb7920ea12f859c789d727,train,val,right-turn,data/processed/waymo_e2e/val/9a4246c135fb7920ea12f859c789d727_10.npz
727,83f7652c4da67f7ff6996efbe9ac1e0c,train,training,right-turn,data/processed/waymo_e2e/training/83f7652c4da67f7ff6996efbe9ac1e0c_30.npz
728,e9577d8944544a10212d1a517f6737e8,train,training,left-turn,data/processed/waymo_e2e/training/e9577d8944544a10212d1a517f6737e8_155.npz
729,1bd3594ddcb2811c355c00db569327f8,train,training,right-turn,data/processed/waymo_e2e/training/1bd3594ddcb2811c355c00db569327f8_203.npz
730,7b0a15ce69d580e3725f6f6512ab128a,train,training,left-turn,data/processed/waymo_e2e/training/7b0a15ce69d580e3725f6f6512ab128a_88.npz
731,6bddf517c978aca012a8859fa75db1bd,train,training,left-turn,data/processed/waymo_e2e/training/6bddf517c978aca012a8859fa75db1bd_59.npz
732,83ed0ead7d565a46d55eecc3b3fb35c5,train,training,straight,data/processed/waymo_e2e/training/83ed0ead7d565a46d55eecc3b3fb35c5_30.npz
733,5054b565f3a93cc51f50e1d152500368,train,training,right-turn,data/processed/waymo_e2e/training/5054b565f3a93cc51f50e1d152500368_188.npz
734,5eeea0e74f97ab4d0109e22c0879c9ea,train,training,right-turn,data/processed/waymo_e2e/training/5eeea0e74f97ab4d0109e22c0879c9ea_149.npz
735,c0cfa332665ff9df65d45d17216225f7,train,training,right-turn,data/processed/waymo_e2e/training/c0cfa332665ff9df65d45d17216225f7_81.npz
736,9effddcb277b7d314d6c64364c0ca42c,train,training,left-turn,data/processed/waymo_e2e/training/9effddcb277b7d314d6c64364c0ca42c_113.npz
737,df4e9f8e3ba5e890b3cd22bd23aac3ab,train,training,straight,data/processed/waymo_e2e/training/df4e9f8e3ba5e890b3cd22bd23aac3ab_30.npz
738,e02dcd970977b20aac611dcccfe3cb53,train,training,straight,data/processed/waymo_e2e/training/e02dcd970977b20aac611dcccfe3cb53_29.npz
739,c58890aea850cfc37a1ccfa832723f36,train,val,straight,data/processed/waymo_e2e/val/c58890aea850cfc37a1ccfa832723f36_10.npz
740,4b3ea2f464700e01971df3f40f8cf14e,train,training,right-turn,data/processed/waymo_e2e/training/4b3ea2f464700e01971df3f40f8cf14e_91.npz
741,51b54fcb826b2fed862a83f37b91a838,train,training,right-turn,data/processed/waymo_e2e/training/51b54fcb826b2fed862a83f37b91a838_127.npz
742,a30e34193a7e4cbe64d571417e590fc9,train,val,right-turn,data/processed/waymo_e2e/val/a30e34193a7e4cbe64d571417e590fc9_109.npz
743,7bd681f4e99f41a477f9171d8110610a,train,training,straight,data/processed/waymo_e2e/training/7bd681f4e99f41a477f9171d8110610a_29.npz
744,56e6d1615b045805b245741a2be52ad2,train,training,left-turn,data/processed/waymo_e2e/training/56e6d1615b045805b245741a2be52ad2_71.npz
745,0fff5ea6ebf1edce430191415bb02953,train,val,straight,data/processed/waymo_e2e/val/0fff5ea6ebf1edce430191415bb02953_9.npz
746,539de58348ea5bfe691155334f48fc2b,train,training,straight,data/processed/waymo_e2e/training/539de58348ea5bfe691155334f48fc2b_11.npz
747,c555d2c9b7c204d7fc57ed9f8ad8436b,train,val,left-turn,data/processed/waymo_e2e/val/c555d2c9b7c204d7fc57ed9f8ad8436b_228.npz
748,a06d3015e09c279006007d6b0be0f83f,train,training,left-turn,data/processed/waymo_e2e/training/a06d3015e09c279006007d6b0be0f83f_153.npz
749,8babe36c1e94fe1d088edf57352b278f,train,training,straight,data/processed/waymo_e2e/training/8babe36c1e94fe1d088edf57352b278f_30.npz
750,e761c2b47aa4c7c10edbed0a0305be0f,train,training,left-turn,data/processed/waymo_e2e/training/e761c2b47aa4c7c10edbed0a0305be0f_73.npz
751,ed04a9e2719d01930b8f79796117d167,train,training,straight,data/processed/waymo_e2e/training/ed04a9e2719d01930b8f79796117d167_31.npz
752,da4a979e45b17b8b48f6e65e3d162ac4,train,val,right-turn,data/processed/waymo_e2e/val/da4a979e45b17b8b48f6e65e3d162ac4_11.npz
753,ea2425db0a8ecf1518e4be038b2be237,train,training,straight,data/processed/waymo_e2e/training/ea2425db0a8ecf1518e4be038b2be237_30.npz
754,a2c84b969f89940204122340b2baea54,train,training,straight,data/processed/waymo_e2e/training/a2c84b969f89940204122340b2baea54_53.npz
755,aebc1629d91e5bdef01b1d577534c556,train,training,straight,data/processed/waymo_e2e/training/aebc1629d91e5bdef01b1d577534c556_31.npz
756,20d3de4bb2bf30448705aea8a8cf0c46,train,training,right-turn,data/processed/waymo_e2e/training/20d3de4bb2bf30448705aea8a8cf0c46_29.npz
757,8e30b38c9c538b412e135b1d15c58e68,train,training,straight,data/processed/waymo_e2e/training/8e30b38c9c538b412e135b1d15c58e68_30.npz
758,2df2b6f1723718028d41345a9aed4ca4,train,training,straight,data/processed/waymo_e2e/training/2df2b6f1723718028d41345a9aed4ca4_31.npz
759,aa2c20499e8a50b86e4930733f154f59,train,training,straight,data/processed/waymo_e2e/training/aa2c20499e8a50b86e4930733f154f59_10.npz
760,a81813b3aa8e414e143a70d960a6dde8,train,training,right-turn,data/processed/waymo_e2e/training/a81813b3aa8e414e143a70d960a6dde8_138.npz
761,32726e9a1c60b9c89967c8d1711d5ea3,train,training,left-turn,data/processed/waymo_e2e/training/32726e9a1c60b9c89967c8d1711d5ea3_217.npz
762,15705ac06ef6d08d9e7a3ed96eba845b,train,training,straight,data/processed/waymo_e2e/training/15705ac06ef6d08d9e7a3ed96eba845b_30.npz
763,ca94b684137275c69dbaccd74a0ba047,train,training,left-turn,data/processed/waymo_e2e/training/ca94b684137275c69dbaccd74a0ba047_76.npz
764,c1f738ec188cac7a7379b8fca8d4601a,train,training,straight,data/processed/waymo_e2e/training/c1f738ec188cac7a7379b8fca8d4601a_31.npz
765,9cbf6a3d2954db5fee34ebca1a4dda6e,train,training,left-turn,data/processed/waymo_e2e/training/9cbf6a3d2954db5fee34ebca1a4dda6e_108.npz
766,2eaeb71750209bd465b300c6b9d6f4c7,train,training,right-turn,data/processed/waymo_e2e/training/2eaeb71750209bd465b300c6b9d6f4c7_39.npz
767,d708c3e03cb353f0c238af27c5297166,train,training,left-turn,data/processed/waymo_e2e/training/d708c3e03cb353f0c238af27c5297166_63.npz
768,1ab9a2ce575019750c83ea71a7124f78,train,training,left-turn,data/processed/waymo_e2e/training/1ab9a2ce575019750c83ea71a7124f78_9.npz
769,74b86f8bddf5f62a9eaac7ec8f2ecfcd,train,training,right-turn,data/processed/waymo_e2e/training/74b86f8bddf5f62a9eaac7ec8f2ecfcd_142.npz
770,3107aeb92c9f24ba3aa16162a9cf3a39,train,training,straight,data/processed/waymo_e2e/training/3107aeb92c9f24ba3aa16162a9cf3a39_30.npz
771,fd039b1d7ab769f228f3717ab41f92a2,train,val,straight,data/processed/waymo_e2e/val/fd039b1d7ab769f228f3717ab41f92a2_10.npz
772,68608d0de02cea890ca29c9a095fcae5,train,training,left-turn,data/processed/waymo_e2e/training/68608d0de02cea890ca29c9a095fcae5_131.npz
773,7fd7ba6d886ff79cda1015b8c35c4a7d,train,training,straight,data/processed/waymo_e2e/training/7fd7ba6d886ff79cda1015b8c35c4a7d_29.npz
774,c35a8899cc72f064387f1175740d8416,train,training,right-turn,data/processed/waymo_e2e/training/c35a8899cc72f064387f1175740d8416_161.npz
775,488e6713cc9a329ba6c73b77b12b84f8,train,training,right-turn,data/processed/waymo_e2e/training/488e6713cc9a329ba6c73b77b12b84f8_94.npz
776,64c80553da7d33ccd8dddc6698704719,train,training,straight,data/processed/waymo_e2e/training/64c80553da7d33ccd8dddc6698704719_10.npz
777,fa2c38636935aac2fa8674070533ff55,train,training,straight,data/processed/waymo_e2e/training/fa2c38636935aac2fa8674070533ff55_30.npz
778,46eaaa7a82f4c3a80a134f672f905b7e,train,val,straight,data/processed/waymo_e2e/val/46eaaa7a82f4c3a80a134f672f905b7e_124.npz
779,6321452e4fe9b1bf7883fbba3c521ba7,train,val,straight,data/processed/waymo_e2e/val/6321452e4fe9b1bf7883fbba3c521ba7_9.npz
780,636b65a9c3baef947a42753bef0c34f8,train,training,right-turn,data/processed/waymo_e2e/training/636b65a9c3baef947a42753bef0c34f8_45.npz
781,b90db12414aa45811bad50cc67791a51,train,training,left-turn,data/processed/waymo_e2e/training/b90db12414aa45811bad50cc67791a51_136.npz
782,053167f81996a833d06a5ff6973def32,train,training,straight,data/processed/waymo_e2e/training/053167f81996a833d06a5ff6973def32_29.npz
783,ce8a64c3bb081802d78fe47ed27ed002,train,training,right-turn,data/processed/waymo_e2e/training/ce8a64c3bb081802d78fe47ed27ed002_166.npz
784,bc5b2f255e0dfa316334738c30c04986,train,val,right-turn,data/processed/waymo_e2e/val/bc5b2f255e0dfa316334738c30c04986_82.npz
785,62e4dc179a6323f6d9092c16ec95ab90,train,training,left-turn,data/processed/waymo_e2e/training/62e4dc179a6323f6d9092c16ec95ab90_135.npz
786,c41caadf059c69f4eb701d7b7e29a2e9,train,training,straight,data/processed/waymo_e2e/training/c41caadf059c69f4eb701d7b7e29a2e9_10.npz
787,7243456e8ca88a65cd7ac3ede06b12f8,train,training,straight,data/processed/waymo_e2e/training/7243456e8ca88a65cd7ac3ede06b12f8_30.npz
788,a71f7cb3b0779f619ff980590ea6c9c5,train,training,right-turn,data/processed/waymo_e2e/training/a71f7cb3b0779f619ff980590ea6c9c5_180.npz
789,96005d2c7a3a96570ea6d1ad05603f12,train,training,straight,data/processed/waymo_e2e/training/96005d2c7a3a96570ea6d1ad05603f12_29.npz
790,2a5310a767721eb2e05e074cf03ec77e,train,training,straight,data/processed/waymo_e2e/training/2a5310a767721eb2e05e074cf03ec77e_29.npz
791,dd7e52e9f9e1ae9c50e476b3340d1226,train,val,straight,data/processed/waymo_e2e/val/dd7e52e9f9e1ae9c50e476b3340d1226_10.npz
792,93b3978d36d34e57a1a82b7391d98747,train,training,right-turn,data/processed/waymo_e2e/training/93b3978d36d34e57a1a82b7391d98747_192.npz
793,519ff17090df1571d0c70c7077621ce1,train,training,straight,data/processed/waymo_e2e/training/519ff17090df1571d0c70c7077621ce1_30.npz
794,5b1f21412588872c2ef89f817a3dd43c,train,training,right-turn,data/processed/waymo_e2e/training/5b1f21412588872c2ef89f817a3dd43c_170.npz
795,af866bf3ee8c953b61bc1c62628e09db,train,training,right-turn,data/processed/waymo_e2e/training/af866bf3ee8c953b61bc1c62628e09db_149.npz
796,e23049502ac775ce177d9f75929d565c,train,training,right-turn,data/processed/waymo_e2e/training/e23049502ac775ce177d9f75929d565c_127.npz
797,85f35f57dbbcf9602a64a7bb6e9a2480,train,training,straight,data/processed/waymo_e2e/training/85f35f57dbbcf9602a64a7bb6e9a2480_29.npz
798,be0ae6dcf218ee3924b30626ac4781fc,train,training,straight,data/processed/waymo_e2e/training/be0ae6dcf218ee3924b30626ac4781fc_31.npz
799,4279c9915c83c1dff1ead0cc6dcdfbec,train,training,right-turn,data/processed/waymo_e2e/training/4279c9915c83c1dff1ead0cc6dcdfbec_9.npz
800,bbaacc9b2a4e738d3720da40db9661bd,train,training,straight,data/processed/waymo_e2e/training/bbaacc9b2a4e738d3720da40db9661bd_10.npz
801,3ee18b224bd294dd527d3aa0f4014fd1,train,training,straight,data/processed/waymo_e2e/training/3ee18b224bd294dd527d3aa0f4014fd1_10.npz
802,fba6a9c6caaef153d331c7df602f1d6d,train,training,straight,data/processed/waymo_e2e/training/fba6a9c6caaef153d331c7df602f1d6d_30.npz
803,46d9bf6665de9c09dc462804a3be9717,train,training,straight,data/processed/waymo_e2e/training/46d9bf6665de9c09dc462804a3be9717_30.npz
804,e1486104f7d987d898d48930e3ba27bf,train,training,straight,data/processed/waymo_e2e/training/e1486104f7d987d898d48930e3ba27bf_148.npz
805,e250118a80af8e6e714c918bfb366e7b,train,training,left-turn,data/processed/waymo_e2e/training/e250118a80af8e6e714c918bfb366e7b_148.npz
806,77184b59e6df13ed3e4146f5f9891dfd,train,training,right-turn,data/processed/waymo_e2e/training/77184b59e6df13ed3e4146f5f9891dfd_132.npz
807,a23b600108091ac2c64c4792570e9088,train,training,straight,data/processed/waymo_e2e/training/a23b600108091ac2c64c4792570e9088_31.npz
808,8ad071c30a8ce8b3bbfc3bfb94d802a9,train,training,straight,data/processed/waymo_e2e/training/8ad071c30a8ce8b3bbfc3bfb94d802a9_74.npz
809,dc7a344ae73c8ab99718c6628bd731e8,train,training,straight,data/processed/waymo_e2e/training/dc7a344ae73c8ab99718c6628bd731e8_30.npz
810,39ac0a646b531ac3bc404af1b68cc2dc,train,training,straight,data/processed/waymo_e2e/training/39ac0a646b531ac3bc404af1b68cc2dc_30.npz
811,d6ea4dab948d2d1ce93216f3285a38f5,train,val,straight,data/processed/waymo_e2e/val/d6ea4dab948d2d1ce93216f3285a38f5_30.npz
812,1694ed7e928a65c946477c15ef08caab,train,training,straight,data/processed/waymo_e2e/training/1694ed7e928a65c946477c15ef08caab_29.npz
813,f33c92dc46767fb4e3d99b934aad864c,train,training,right-turn,data/processed/waymo_e2e/training/f33c92dc46767fb4e3d99b934aad864c_102.npz
814,972a3d452bb5d33d70eb3a063d6acf1a,train,training,straight,data/processed/waymo_e2e/training/972a3d452bb5d33d70eb3a063d6acf1a_29.npz
815,26b533b56f48d9c17b8c9e5977ae0336,train,training,straight,data/processed/waymo_e2e/training/26b533b56f48d9c17b8c9e5977ae0336_29.npz
816,9ae765882522b2e8852b5d522909db58,train,training,left-turn,data/processed/waymo_e2e/training/9ae765882522b2e8852b5d522909db58_48.npz
817,e350da1e9a0a9a8a5a0f2665ae0c4bdc,train,val,right-turn,data/processed/waymo_e2e/val/e350da1e9a0a9a8a5a0f2665ae0c4bdc_9.npz
818,8777a1da447c079cbaadbc8d34497310,train,training,left-turn,data/processed/waymo_e2e/training/8777a1da447c079cbaadbc8d34497310_129.npz
819,f0ed78dbc919763eb7a76cb829fe239a,train,training,right-turn,data/processed/waymo_e2e/training/f0ed78dbc919763eb7a76cb829fe239a_218.npz
820,a2fddbadc490132c8c2b1a8a63aaea55,train,val,right-turn,data/processed/waymo_e2e/val/a2fddbadc490132c8c2b1a8a63aaea55_105.npz
821,c810276a2af80a97a45b6bc17b014bad,train,training,right-turn,data/processed/waymo_e2e/training/c810276a2af80a97a45b6bc17b014bad_160.npz
822,4b75362a161ce96b6976fdaa5d59f1e8,train,training,left-turn,data/processed/waymo_e2e/training/4b75362a161ce96b6976fdaa5d59f1e8_156.npz
823,3ffd8f6bfa7030b8e86678fec09edf74,train,training,left-turn,data/processed/waymo_e2e/training/3ffd8f6bfa7030b8e86678fec09edf74_175.npz
824,4fab8e1b650f9169253a423381f76325,train,training,right-turn,data/processed/waymo_e2e/training/4fab8e1b650f9169253a423381f76325_161.npz
825,b91a719193913cbfa547af328d5b7bc1,train,training,right-turn,data/processed/waymo_e2e/training/b91a719193913cbfa547af328d5b7bc1_81.npz
826,3dbfd39a71deb8f5c069ab8c13962d34,train,val,straight,data/processed/waymo_e2e/val/3dbfd39a71deb8f5c069ab8c13962d34_29.npz
827,fa998930ae33848319509f75e88f20b2,train,val,straight,data/processed/waymo_e2e/val/fa998930ae33848319509f75e88f20b2_10.npz
828,574b3ea38739bc2dcddf760913ae1095,train,training,left-turn,data/processed/waymo_e2e/training/574b3ea38739bc2dcddf760913ae1095_10.npz
829,4d79d9f3f68dec04c60d6c12f08c68df,train,training,right-turn,data/processed/waymo_e2e/training/4d79d9f3f68dec04c60d6c12f08c68df_149.npz
830,6b5773b804293583647ea44fa2279fcc,train,training,right-turn,data/processed/waymo_e2e/training/6b5773b804293583647ea44fa2279fcc_64.npz
831,0d5eddcaf8f134705cd2edf027af239b,train,training,right-turn,data/processed/waymo_e2e/training/0d5eddcaf8f134705cd2edf027af239b_135.npz
832,22489222a75a5d9babceadcd5209f9fa,train,training,right-turn,data/processed/waymo_e2e/training/22489222a75a5d9babceadcd5209f9fa_149.npz
833,e5e4d0e2cc1b98ee6be533ae547e7584,train,training,right-turn,data/processed/waymo_e2e/training/e5e4d0e2cc1b98ee6be533ae547e7584_94.npz
834,63ec25468954b1f19c342062e01bbe4f,train,training,right-turn,data/processed/waymo_e2e/training/63ec25468954b1f19c342062e01bbe4f_122.npz
835,0b09b98fd05ef06fd26d638d017a643f,train,training,left-turn,data/processed/waymo_e2e/training/0b09b98fd05ef06fd26d638d017a643f_156.npz
836,333caea9cb875b610469a90e9c07d62f,train,training,straight,data/processed/waymo_e2e/training/333caea9cb875b610469a90e9c07d62f_29.npz
837,2ffdaffdc16df1c77bc976008fa4066d,train,training,straight,data/processed/waymo_e2e/training/2ffdaffdc16df1c77bc976008fa4066d_31.npz
838,05a8f67d0b1d83191ca7334cbed19e66,train,training,right-turn,data/processed/waymo_e2e/training/05a8f67d0b1d83191ca7334cbed19e66_81.npz
839,c725ec5e9baac116d3206497e623d861,train,training,left-turn,data/processed/waymo_e2e/training/c725ec5e9baac116d3206497e623d861_169.npz
840,8b03d6067b43f294be748397d0ce5656,train,training,right-turn,data/processed/waymo_e2e/training/8b03d6067b43f294be748397d0ce5656_160.npz
841,e90c8f6e5864372b09d816302b45209b,train,training,straight,data/processed/waymo_e2e/training/e90c8f6e5864372b09d816302b45209b_11.npz
842,91b480f6db1448850f4058600f4cf1ea,train,training,straight,data/processed/waymo_e2e/training/91b480f6db1448850f4058600f4cf1ea_30.npz
843,7deb1648e456eb96124b1d41c18409cc,train,training,left-turn,data/processed/waymo_e2e/training/7deb1648e456eb96124b1d41c18409cc_11.npz
844,a51dd8dcb43edd957df7daea472302be,train,training,left-turn,data/processed/waymo_e2e/training/a51dd8dcb43edd957df7daea472302be_175.npz
845,d5ecfb772a26081aa7880661058c5e79,train,training,straight,data/processed/waymo_e2e/training/d5ecfb772a26081aa7880661058c5e79_29.npz
846,d4861c343c49d266a17c0d953bb118e9,train,training,straight,data/processed/waymo_e2e/training/d4861c343c49d266a17c0d953bb118e9_30.npz
847,c63ad40eb8610c3497079d43f27fe613,train,training,straight,data/processed/waymo_e2e/training/c63ad40eb8610c3497079d43f27fe613_30.npz
848,c5cee37fd206963ab9ac2215fdd3f788,train,val,straight,data/processed/waymo_e2e/val/c5cee37fd206963ab9ac2215fdd3f788_10.npz
849,a0e0bf43f0f877e13cb98d70eb482f33,train,val,right-turn,data/processed/waymo_e2e/val/a0e0bf43f0f877e13cb98d70eb482f33_194.npz
850,527d5372ef1140df95e9c010660727a9,train,training,right-turn,data/processed/waymo_e2e/training/527d5372ef1140df95e9c010660727a9_207.npz
851,1047dcd462a066534ea1f0745071c5f3,train,training,straight,data/processed/waymo_e2e/training/1047dcd462a066534ea1f0745071c5f3_30.npz
852,95aad68ad5531c1764066a71c4093238,train,val,right-turn,data/processed/waymo_e2e/val/95aad68ad5531c1764066a71c4093238_75.npz
853,b45bef0119b7dce7006a0a8e196ce086,train,training,straight,data/processed/waymo_e2e/training/b45bef0119b7dce7006a0a8e196ce086_31.npz
854,b38c73af65ff977f4f6119c14707240c,train,training,straight,data/processed/waymo_e2e/training/b38c73af65ff977f4f6119c14707240c_29.npz
855,f96ea0e8ee70ab90176371877f4a7d19,train,training,right-turn,data/processed/waymo_e2e/training/f96ea0e8ee70ab90176371877f4a7d19_29.npz
856,ce5b26292feb5600cfc7da8a71b7e608,train,training,straight,data/processed/waymo_e2e/training/ce5b26292feb5600cfc7da8a71b7e608_30.npz
857,3b7ebdf01c9a624d679011973eeb7f49,train,training,straight,data/processed/waymo_e2e/training/3b7ebdf01c9a624d679011973eeb7f49_30.npz
858,09b9e2833486794e620627fe91430157,train,training,left-turn,data/processed/waymo_e2e/training/09b9e2833486794e620627fe91430157_150.npz
859,c9e76ba29db9dd59d75eca44d849e593,train,training,straight,data/processed/waymo_e2e/training/c9e76ba29db9dd59d75eca44d849e593_129.npz
860,fb2fecbf04665907b232dd343daa2131,train,training,left-turn,data/processed/waymo_e2e/training/fb2fecbf04665907b232dd343daa2131_115.npz
861,901e0e7632830ea398114e9f3976323a,train,training,straight,data/processed/waymo_e2e/training/901e0e7632830ea398114e9f3976323a_114.npz
862,01d758be9706c2534b80c2dd3a4234b9,train,val,right-turn,data/processed/waymo_e2e/val/01d758be9706c2534b80c2dd3a4234b9_13.npz
863,a7cc40935281fb32b946d302f980ea8f,train,training,straight,data/processed/waymo_e2e/training/a7cc40935281fb32b946d302f980ea8f_30.npz
864,d96ca054b54c1f93335a6f53c9460b56,train,training,straight,data/processed/waymo_e2e/training/d96ca054b54c1f93335a6f53c9460b56_11.npz
865,3721a68c3a5f6b637f192a2bc4c05824,train,val,straight,data/processed/waymo_e2e/val/3721a68c3a5f6b637f192a2bc4c05824_10.npz
866,5198429c2071128d979e0a5e1cc0aa59,train,training,straight,data/processed/waymo_e2e/training/5198429c2071128d979e0a5e1cc0aa59_29.npz
867,438a04f1c1bfe38274e517e93681d622,train,training,straight,data/processed/waymo_e2e/training/438a04f1c1bfe38274e517e93681d622_10.npz
868,8c07eae9261203513afb25aac288dd9f,train,training,left-turn,data/processed/waymo_e2e/training/8c07eae9261203513afb25aac288dd9f_140.npz
869,281ab886459d1ea27915347cdccc3192,train,training,left-turn,data/processed/waymo_e2e/training/281ab886459d1ea27915347cdccc3192_154.npz
870,a5d68cd8f93fe87aa1e141486d3eb7ba,train,training,straight,data/processed/waymo_e2e/training/a5d68cd8f93fe87aa1e141486d3eb7ba_30.npz
871,26f3528e7e5e9500515f45fd32bde670,train,training,straight,data/processed/waymo_e2e/training/26f3528e7e5e9500515f45fd32bde670_10.npz
872,ed4eaa230bd2f2412f225b89656686c7,train,training,straight,data/processed/waymo_e2e/training/ed4eaa230bd2f2412f225b89656686c7_30.npz
873,b99437e33cfa5b8abc662a4f635c1496,train,training,straight,data/processed/waymo_e2e/training/b99437e33cfa5b8abc662a4f635c1496_30.npz
874,f52bf1cf0f7859d280fcafee4ead10fd,train,training,straight,data/processed/waymo_e2e/training/f52bf1cf0f7859d280fcafee4ead10fd_31.npz
875,e0c49a1e38f69ec95df4a789348efd45,train,training,left-turn,data/processed/waymo_e2e/training/e0c49a1e38f69ec95df4a789348efd45_118.npz
876,0441374eb46e1d94536cf7fce1237e9f,train,val,straight,data/processed/waymo_e2e/val/0441374eb46e1d94536cf7fce1237e9f_10.npz
877,f84beb164889ed34ede3f1edb8396cc2,train,training,left-turn,data/processed/waymo_e2e/training/f84beb164889ed34ede3f1edb8396cc2_198.npz
878,cd3b0df9ed9dc70223e18ce059c16492,train,training,straight,data/processed/waymo_e2e/training/cd3b0df9ed9dc70223e18ce059c16492_116.npz
879,e195f2d7388b3cd4e0134ca9e018b2b9,train,training,straight,data/processed/waymo_e2e/training/e195f2d7388b3cd4e0134ca9e018b2b9_30.npz
880,f7dcbc5da1550e1f5aa4b2647401414e,train,training,straight,data/processed/waymo_e2e/training/f7dcbc5da1550e1f5aa4b2647401414e_30.npz
881,122caf776cc84da9212da9adec268a81,train,training,left-turn,data/processed/waymo_e2e/training/122caf776cc84da9212da9adec268a81_225.npz
882,1804ae265b7401e75becf5d2a8ba00de,train,training,left-turn,data/processed/waymo_e2e/training/1804ae265b7401e75becf5d2a8ba00de_83.npz
883,398fc14a4b1d2a00773c9b96462324e8,train,training,right-turn,data/processed/waymo_e2e/training/398fc14a4b1d2a00773c9b96462324e8_85.npz
884,87a58c9f39b0a541bb6aaae9791a3560,train,training,right-turn,data/processed/waymo_e2e/training/87a58c9f39b0a541bb6aaae9791a3560_30.npz
885,3861d8961160054cd94398dec63c8b87,train,training,straight,data/processed/waymo_e2e/training/3861d8961160054cd94398dec63c8b87_120.npz
886,fc5d66382b798bbb4efa4fe51948be93,train,val,straight,data/processed/waymo_e2e/val/fc5d66382b798bbb4efa4fe51948be93_30.npz
887,340130c8f321505edcfe22e9bd03b530,train,training,straight,data/processed/waymo_e2e/training/340130c8f321505edcfe22e9bd03b530_30.npz
888,abc32b2b65609ad20c2c8ad03e4c08fb,train,training,right-turn,data/processed/waymo_e2e/training/abc32b2b65609ad20c2c8ad03e4c08fb_137.npz
889,c40f8c5987d4e102d06a799fedccaaa5,train,training,left-turn,data/processed/waymo_e2e/training/c40f8c5987d4e102d06a799fedccaaa5_121.npz
890,6c3ff177c6c8b9ec5e0a9d030a070933,train,training,left-turn,data/processed/waymo_e2e/training/6c3ff177c6c8b9ec5e0a9d030a070933_132.npz
891,ed01f7f66dc4f187d628ad15872edb42,train,training,left-turn,data/processed/waymo_e2e/training/ed01f7f66dc4f187d628ad15872edb42_167.npz
892,7c15617c988bc08b04ec0d8cb963a5fa,train,training,left-turn,data/processed/waymo_e2e/training/7c15617c988bc08b04ec0d8cb963a5fa_167.npz
893,b395e7221c90fd7d998b197febb4e5a3,train,training,right-turn,data/processed/waymo_e2e/training/b395e7221c90fd7d998b197febb4e5a3_140.npz
894,e47f3a3a94fce23af135f5e7106717b1,train,training,straight,data/processed/waymo_e2e/training/e47f3a3a94fce23af135f5e7106717b1_30.npz
895,ae887e31260d3313dad2814cab15cdf8,train,training,straight,data/processed/waymo_e2e/training/ae887e31260d3313dad2814cab15cdf8_121.npz
896,f57656d9d53e6a497256e0d095849aea,train,training,straight,data/processed/waymo_e2e/training/f57656d9d53e6a497256e0d095849aea_30.npz
897,efeeeef1c5e5563fa7dbc47f3675a62c,train,val,straight,data/processed/waymo_e2e/val/efeeeef1c5e5563fa7dbc47f3675a62c_21.npz
898,c9d412392a6e9a091e76388d97f19e2b,train,training,straight,data/processed/waymo_e2e/training/c9d412392a6e9a091e76388d97f19e2b_30.npz
899,811569f0987d9aa32f541676e8fc213b,train,training,right-turn,data/processed/waymo_e2e/training/811569f0987d9aa32f541676e8fc213b_30.npz
900,eaed728fbb81e33cab5f0fa703d7a9da,train,training,right-turn,data/processed/waymo_e2e/training/eaed728fbb81e33cab5f0fa703d7a9da_74.npz
901,81cb5be798fbe6857f19aa44fda2ea43,train,training,straight,data/processed/waymo_e2e/training/81cb5be798fbe6857f19aa44fda2ea43_30.npz
902,70f78bff4930deff47840eb2746e7e2f,train,training,left-turn,data/processed/waymo_e2e/training/70f78bff4930deff47840eb2746e7e2f_111.npz
903,5a4e28439fcac2ced3079f79ebdf7ee8,train,training,straight,data/processed/waymo_e2e/training/5a4e28439fcac2ced3079f79ebdf7ee8_30.npz
904,d43690cc340e52f272ca0213affbe94f,train,training,straight,data/processed/waymo_e2e/training/d43690cc340e52f272ca0213affbe94f_10.npz
905,106e85c9ce96a5f81a10717d7cfc8fed,train,val,straight,data/processed/waymo_e2e/val/106e85c9ce96a5f81a10717d7cfc8fed_11.npz
906,bc7b8fe1ae4cd9e68016ab36a8e10ea4,train,val,right-turn,data/processed/waymo_e2e/val/bc7b8fe1ae4cd9e68016ab36a8e10ea4_221.npz
907,deab3936546531b69a12fb2cbe4749ee,train,training,right-turn,data/processed/waymo_e2e/training/deab3936546531b69a12fb2cbe4749ee_142.npz
908,1e3013f651dd1f10c92e061153c56f29,train,training,right-turn,data/processed/waymo_e2e/training/1e3013f651dd1f10c92e061153c56f29_77.npz
909,62e779c32b94ff46ede44346d94a97f5,train,val,straight,data/processed/waymo_e2e/val/62e779c32b94ff46ede44346d94a97f5_10.npz
910,bd06f21e7249a1b25da18b1c8deb0ab0,train,training,straight,data/processed/waymo_e2e/training/bd06f21e7249a1b25da18b1c8deb0ab0_55.npz
911,3de0f39bee9bea1e3ace723986115455,train,training,straight,data/processed/waymo_e2e/training/3de0f39bee9bea1e3ace723986115455_30.npz
912,f13d51b433876ddc98d00f981d0100be,train,training,straight,data/processed/waymo_e2e/training/f13d51b433876ddc98d00f981d0100be_29.npz
913,9a1d770aba44f792deb98fc484c12f3a,train,training,straight,data/processed/waymo_e2e/training/9a1d770aba44f792deb98fc484c12f3a_31.npz
914,50cd630a9960749bce52428235c959b3,train,val,straight,data/processed/waymo_e2e/val/50cd630a9960749bce52428235c959b3_165.npz
915,aedd88d6ce2552207e1677f2847aebe7,train,training,straight,data/processed/waymo_e2e/training/aedd88d6ce2552207e1677f2847aebe7_199.npz
916,a0b759ea86941babd12f6b2a5804c052,train,training,straight,data/processed/waymo_e2e/training/a0b759ea86941babd12f6b2a5804c052_31.npz
917,46efa4d045e4f13a1d023ce61fd303b1,train,training,right-turn,data/processed/waymo_e2e/training/46efa4d045e4f13a1d023ce61fd303b1_139.npz
918,5b6a9357ece801bf19c64c8a8806e351,train,training,straight,data/processed/waymo_e2e/training/5b6a9357ece801bf19c64c8a8806e351_114.npz
919,c25a9d17d9339fe11b268874e8c4b610,train,training,right-turn,data/processed/waymo_e2e/training/c25a9d17d9339fe11b268874e8c4b610_148.npz
920,dc75de6b063705470c47cf52902aac2e,train,val,right-turn,data/processed/waymo_e2e/val/dc75de6b063705470c47cf52902aac2e_9.npz
921,4eaa8865efc52e269bae327d31e883db,train,training,straight,data/processed/waymo_e2e/training/4eaa8865efc52e269bae327d31e883db_194.npz
922,4763c688e87faa5a17a2323559478d2f,train,training,straight,data/processed/waymo_e2e/training/4763c688e87faa5a17a2323559478d2f_29.npz
923,ffff955adb3439f10b2b57fb55d9f10c,train,training,left-turn,data/processed/waymo_e2e/training/ffff955adb3439f10b2b57fb55d9f10c_178.npz
924,e28d4950a156ff8b3a5fe5315d6131df,train,val,right-turn,data/processed/waymo_e2e/val/e28d4950a156ff8b3a5fe5315d6131df_128.npz
925,873fd468da9da7d67e3a6a4d7fe0a37c,train,val,straight,data/processed/waymo_e2e/val/873fd468da9da7d67e3a6a4d7fe0a37c_85.npz
926,7c01b365e21fbc2f56117bcb8d2c935f,train,training,straight,data/processed/waymo_e2e/training/7c01b365e21fbc2f56117bcb8d2c935f_30.npz
927,96142ff4a8f1cb97c0c9863d4f9ffd70,train,training,right-turn,data/processed/waymo_e2e/training/96142ff4a8f1cb97c0c9863d4f9ffd70_219.npz
928,9998ae40779047458598c3150c3859e6,train,training,straight,data/processed/waymo_e2e/training/9998ae40779047458598c3150c3859e6_10.npz
929,442087ad02206aba7685078a3e93f1c3,train,training,left-turn,data/processed/waymo_e2e/training/442087ad02206aba7685078a3e93f1c3_68.npz
930,298ca3766b24cd46b6f70b615e9b1a90,train,val,left-turn,data/processed/waymo_e2e/val/298ca3766b24cd46b6f70b615e9b1a90_186.npz
931,38e76851209b9a3d1e4096b24672e39a,train,training,left-turn,data/processed/waymo_e2e/training/38e76851209b9a3d1e4096b24672e39a_30.npz
932,cdab59b0886ddd70ee637a4898f41224,train,training,straight,data/processed/waymo_e2e/training/cdab59b0886ddd70ee637a4898f41224_127.npz
933,e587c134481445e3d7340b73970b41cc,train,val,right-turn,data/processed/waymo_e2e/val/e587c134481445e3d7340b73970b41cc_101.npz
934,e76b6f934b65bd85a8144dd537d567b9,train,training,straight,data/processed/waymo_e2e/training/e76b6f934b65bd85a8144dd537d567b9_31.npz
935,679d302918308d24479b7d02098278f3,train,training,straight,data/processed/waymo_e2e/training/679d302918308d24479b7d02098278f3_30.npz
936,c08219ba02d2227d26a0fb95f355b400,train,training,right-turn,data/processed/waymo_e2e/training/c08219ba02d2227d26a0fb95f355b400_144.npz
937,dd10011efd727388363f03418c6587f7,train,training,straight,data/processed/waymo_e2e/training/dd10011efd727388363f03418c6587f7_30.npz
938,0f71456c67c9eeff7b8cea4e979e0393,train,val,straight,data/processed/waymo_e2e/val/0f71456c67c9eeff7b8cea4e979e0393_9.npz
939,b79fb49222d9f71f6d1aade0e3a2a22e,train,val,right-turn,data/processed/waymo_e2e/val/b79fb49222d9f71f6d1aade0e3a2a22e_134.npz
940,e610af11643bfb87dd8429e27060d6e2,train,training,right-turn,data/processed/waymo_e2e/training/e610af11643bfb87dd8429e27060d6e2_9.npz
941,1d8e71407010d3766aa09112e4f8641b,train,training,left-turn,data/processed/waymo_e2e/training/1d8e71407010d3766aa09112e4f8641b_10.npz
942,bfa129412a0bf23a3a31aba143a93e88,train,training,right-turn,data/processed/waymo_e2e/training/bfa129412a0bf23a3a31aba143a93e88_150.npz
943,579cc83d157f569d63909f25cad0ddf3,train,training,right-turn,data/processed/waymo_e2e/training/579cc83d157f569d63909f25cad0ddf3_162.npz
944,985421b39f294966074898bb5c51030d,train,training,straight,data/processed/waymo_e2e/training/985421b39f294966074898bb5c51030d_29.npz
945,5b0d875ad180b588c843c92160814d1f,train,training,right-turn,data/processed/waymo_e2e/training/5b0d875ad180b588c843c92160814d1f_64.npz
946,dabab95080ab8dc79691399f7d875a58,train,training,left-turn,data/processed/waymo_e2e/training/dabab95080ab8dc79691399f7d875a58_29.npz
947,774010be10d91f5800a900e12a35fed3,train,training,right-turn,data/processed/waymo_e2e/training/774010be10d91f5800a900e12a35fed3_170.npz
948,f9cca4c36b3375140c60839ac4905888,train,training,right-turn,data/processed/waymo_e2e/training/f9cca4c36b3375140c60839ac4905888_98.npz
949,5bd709de87eefe502ced9de49e3fd918,train,val,right-turn,data/processed/waymo_e2e/val/5bd709de87eefe502ced9de49e3fd918_183.npz
950,b0495d3dd899351f372affdd1fa47c86,train,training,right-turn,data/processed/waymo_e2e/training/b0495d3dd899351f372affdd1fa47c86_134.npz
951,d24697516bb6dada3f5ed8eefe61cdc5,train,training,straight,data/processed/waymo_e2e/training/d24697516bb6dada3f5ed8eefe61cdc5_30.npz
952,c91d437c22d5fbd23e9c1ff33e0e5147,train,training,right-turn,data/processed/waymo_e2e/training/c91d437c22d5fbd23e9c1ff33e0e5147_29.npz
953,8f5a778ce2b14a46724e3ed912cc6d6d,train,training,straight,data/processed/waymo_e2e/training/8f5a778ce2b14a46724e3ed912cc6d6d_10.npz
954,f2fe35c39b6f34cf5b02e8f96f3a3bfd,train,val,left-turn,data/processed/waymo_e2e/val/f2fe35c39b6f34cf5b02e8f96f3a3bfd_211.npz
955,3b8971fbee44af097f4be9a4cd73748e,train,val,right-turn,data/processed/waymo_e2e/val/3b8971fbee44af097f4be9a4cd73748e_84.npz
956,beb80cd63303bb6251e25af2c6802d68,train,val,straight,data/processed/waymo_e2e/val/beb80cd63303bb6251e25af2c6802d68_71.npz
957,1c986a4862f9bf107730d5637e178f84,train,training,straight,data/processed/waymo_e2e/training/1c986a4862f9bf107730d5637e178f84_30.npz
958,6e8afd7ad664ce155951ae7e47268436,train,training,right-turn,data/processed/waymo_e2e/training/6e8afd7ad664ce155951ae7e47268436_153.npz
959,68b09b94b75c9d4d713640fe8638b435,train,val,right-turn,data/processed/waymo_e2e/val/68b09b94b75c9d4d713640fe8638b435_57.npz
960,8b511b227922c4014c210b737e256429,train,training,right-turn,data/processed/waymo_e2e/training/8b511b227922c4014c210b737e256429_39.npz
961,6bca602a3faac6aa81715246c0130ac2,train,training,straight,data/processed/waymo_e2e/training/6bca602a3faac6aa81715246c0130ac2_29.npz
962,e22775619489e7ebacd0115f9e6b4ee0,train,val,left-turn,data/processed/waymo_e2e/val/e22775619489e7ebacd0115f9e6b4ee0_10.npz
963,547c906b98eda42847665b11d2757025,train,training,straight,data/processed/waymo_e2e/training/547c906b98eda42847665b11d2757025_11.npz
964,3d5cc6aa569e826235dfc984c1079db3,train,training,left-turn,data/processed/waymo_e2e/training/3d5cc6aa569e826235dfc984c1079db3_144.npz
965,831528dbc483fddad67d09e8f2c13422,train,training,right-turn,data/processed/waymo_e2e/training/831528dbc483fddad67d09e8f2c13422_75.npz
966,a41b501333ec243d732a84e74295faf6,train,training,left-turn,data/processed/waymo_e2e/training/a41b501333ec243d732a84e74295faf6_153.npz
967,0856a3f1d05e3aa70d8284d5c67d5f03,train,training,right-turn,data/processed/waymo_e2e/training/0856a3f1d05e3aa70d8284d5c67d5f03_95.npz
968,8e3cb4fe7006b5d82ee1fd6fa61db4ad,train,training,straight,data/processed/waymo_e2e/training/8e3cb4fe7006b5d82ee1fd6fa61db4ad_29.npz
969,ba0fe23973467dd6d31d84cb16ebfc68,train,training,left-turn,data/processed/waymo_e2e/training/ba0fe23973467dd6d31d84cb16ebfc68_164.npz
970,9e1f359bb7d5c89f7946a3b89c05ad6f,train,training,straight,data/processed/waymo_e2e/training/9e1f359bb7d5c89f7946a3b89c05ad6f_11.npz
971,fd124ac159c8ece06a21291da6a8da5f,train,training,right-turn,data/processed/waymo_e2e/training/fd124ac159c8ece06a21291da6a8da5f_226.npz
972,896c708c111d8692dc2c200ed6928769,train,training,right-turn,data/processed/waymo_e2e/training/896c708c111d8692dc2c200ed6928769_224.npz
973,577012e18ab837d3886683c3e2491e49,train,training,left-turn,data/processed/waymo_e2e/training/577012e18ab837d3886683c3e2491e49_149.npz
974,c139cf63adb19a66b409f4ca52d7cb96,train,val,straight,data/processed/waymo_e2e/val/c139cf63adb19a66b409f4ca52d7cb96_9.npz
975,c5cf18825171b57e03eddfa50c7d5b0e,train,val,right-turn,data/processed/waymo_e2e/val/c5cf18825171b57e03eddfa50c7d5b0e_214.npz
976,2a4a7b4003ae7bbf94a96eb561e7ead8,train,training,right-turn,data/processed/waymo_e2e/training/2a4a7b4003ae7bbf94a96eb561e7ead8_29.npz
977,41bfd17e3eda72e04565c52ed539ba9e,train,training,straight,data/processed/waymo_e2e/training/41bfd17e3eda72e04565c52ed539ba9e_31.npz
978,b10b4893819b5cd64b2ab7d6e7932df1,train,training,left-turn,data/processed/waymo_e2e/training/b10b4893819b5cd64b2ab7d6e7932df1_30.npz
979,d33f3bd9072e67eee08caea89debd611,train,val,right-turn,data/processed/waymo_e2e/val/d33f3bd9072e67eee08caea89debd611_11.npz
980,774c537b284a58c77de4106b1c190117,train,val,straight,data/processed/waymo_e2e/val/774c537b284a58c77de4106b1c190117_10.npz
981,6414586e48de3ab84baba1465ad21414,train,training,right-turn,data/processed/waymo_e2e/training/6414586e48de3ab84baba1465ad21414_29.npz
982,0426ef72af3ce42152d3559ee3bf2b9b,train,val,left-turn,data/processed/waymo_e2e/val/0426ef72af3ce42152d3559ee3bf2b9b_11.npz
983,763993e6a61f69b620f0edeb4eb221b0,train,training,straight,data/processed/waymo_e2e/training/763993e6a61f69b620f0edeb4eb221b0_31.npz
984,2ea95c7b5be70120cd26ba7166e2edc6,train,val,straight,data/processed/waymo_e2e/val/2ea95c7b5be70120cd26ba7166e2edc6_29.npz
985,66c3d3db92abc8582cfcd9288113a73d,train,training,straight,data/processed/waymo_e2e/training/66c3d3db92abc8582cfcd9288113a73d_122.npz
986,98867e8ff911ee563da604e0025acc29,train,training,left-turn,data/processed/waymo_e2e/training/98867e8ff911ee563da604e0025acc29_180.npz
987,f81827f0ae34324c142cbed6589f8ae7,train,training,straight,data/processed/waymo_e2e/training/f81827f0ae34324c142cbed6589f8ae7_55.npz
988,bedec0e1e589b726fa53420a86c45909,train,training,left-turn,data/processed/waymo_e2e/training/bedec0e1e589b726fa53420a86c45909_124.npz
989,70a5a1a0881dc89625434d15b7919660,train,val,straight,data/processed/waymo_e2e/val/70a5a1a0881dc89625434d15b7919660_118.npz
990,2216d416593c88d7126fc511bd340f45,train,training,left-turn,data/processed/waymo_e2e/training/2216d416593c88d7126fc511bd340f45_184.npz
991,7124d8f92f3a3c68c0806dc3d00c0143,train,training,straight,data/processed/waymo_e2e/training/7124d8f92f3a3c68c0806dc3d00c0143_121.npz
992,c9f02d853be996047d19ed3d4e2f9fda,train,training,left-turn,data/processed/waymo_e2e/training/c9f02d853be996047d19ed3d4e2f9fda_102.npz
993,5a00264d6c23fe5d4398b0e1a8358b73,train,training,straight,data/processed/waymo_e2e/training/5a00264d6c23fe5d4398b0e1a8358b73_29.npz
994,34d9ce94b37d47112f1da12f1cdc5c63,train,training,right-turn,data/processed/waymo_e2e/training/34d9ce94b37d47112f1da12f1cdc5c63_97.npz
995,5013ac7c95191f2b3fe29f0ac27dec1b,train,training,right-turn,data/processed/waymo_e2e/training/5013ac7c95191f2b3fe29f0ac27dec1b_220.npz
996,599e9d36c5fda7568ad5c37c61052791,train,training,left-turn,data/processed/waymo_e2e/training/599e9d36c5fda7568ad5c37c61052791_208.npz
997,783dd3c5f18426c0842839f444dbaf82,train,training,straight,data/processed/waymo_e2e/training/783dd3c5f18426c0842839f444dbaf82_64.npz
998,2fc83038cb02199f1e530808f50e3862,train,training,straight,data/processed/waymo_e2e/training/2fc83038cb02199f1e530808f50e3862_10.npz
999,1c5cfc499913e9d56319442eec1a5233,train,training,right-turn,data/processed/waymo_e2e/training/1c5cfc499913e9d56319442eec1a5233_153.npz
1000,2738dbf13830026f883946e16a04338f,train,training,straight,data/processed/waymo_e2e/training/2738dbf13830026f883946e16a04338f_123.npz
1001,85762077cea1b366ecb6f9ae9fe494f7,train,training,right-turn,data/processed/waymo_e2e/training/85762077cea1b366ecb6f9ae9fe494f7_83.npz
1002,e93cd2fb77e66897f2dce6a4d6609321,train,training,right-turn,data/processed/waymo_e2e/training/e93cd2fb77e66897f2dce6a4d6609321_86.npz
1003,5125dfd998e61449fe0c1f4243db286f,train,val,straight,data/processed/waymo_e2e/val/5125dfd998e61449fe0c1f4243db286f_10.npz
1004,826556d8ec227436f6e027174866a2dc,train,val,straight,data/processed/waymo_e2e/val/826556d8ec227436f6e027174866a2dc_31.npz
1005,9958373d7f370e938afefd45ce177dae,train,val,straight,data/processed/waymo_e2e/val/9958373d7f370e938afefd45ce177dae_71.npz
1006,d87ebc39f618961005ad803cd234f841,train,training,straight,data/processed/waymo_e2e/training/d87ebc39f618961005ad803cd234f841_30.npz
1007,0abbef08380d04c0a07e89ed3c132cd0,train,training,straight,data/processed/waymo_e2e/training/0abbef08380d04c0a07e89ed3c132cd0_30.npz
1008,eeb99f44ee3271d4a636406bcb921bf4,train,training,straight,data/processed/waymo_e2e/training/eeb99f44ee3271d4a636406bcb921bf4_30.npz
1009,da12627f1f31849aafc1127a5780ea13,train,val,right-turn,data/processed/waymo_e2e/val/da12627f1f31849aafc1127a5780ea13_151.npz
1010,7ff16a5def1effbc5a017cc9b063b9de,train,val,right-turn,data/processed/waymo_e2e/val/7ff16a5def1effbc5a017cc9b063b9de_11.npz
1011,6430d727a04c3cb7db163ff3f523c459,train,training,left-turn,data/processed/waymo_e2e/training/6430d727a04c3cb7db163ff3f523c459_153.npz
1012,b989a3d059e53a3fc23c2ea29e8df251,train,training,straight,data/processed/waymo_e2e/training/b989a3d059e53a3fc23c2ea29e8df251_118.npz
1013,a8fa530d44f4e2ea9c4d7196ed1153d5,train,training,left-turn,data/processed/waymo_e2e/training/a8fa530d44f4e2ea9c4d7196ed1153d5_157.npz
1014,bd126987274429d0ac39a8ca067ee790,train,training,straight,data/processed/waymo_e2e/training/bd126987274429d0ac39a8ca067ee790_30.npz
1015,dea3f9bccb4bf6f1d600b06d352eda84,train,val,straight,data/processed/waymo_e2e/val/dea3f9bccb4bf6f1d600b06d352eda84_114.npz
1016,ec6e9d56a950e3b55fca73857695f3da,train,training,right-turn,data/processed/waymo_e2e/training/ec6e9d56a950e3b55fca73857695f3da_29.npz
1017,758d558fd6217582d6601940af85c5cb,train,val,right-turn,data/processed/waymo_e2e/val/758d558fd6217582d6601940af85c5cb_117.npz
1018,94237a2940aaf7af9d4ac2aa71c252aa,train,training,right-turn,data/processed/waymo_e2e/training/94237a2940aaf7af9d4ac2aa71c252aa_85.npz
1019,c25377fc9372929baba18bea2ed0a091,train,training,straight,data/processed/waymo_e2e/training/c25377fc9372929baba18bea2ed0a091_30.npz
1020,06e105fe87768f913f1b3e9bda2895bc,train,training,straight,data/processed/waymo_e2e/training/06e105fe87768f913f1b3e9bda2895bc_30.npz
1021,b1d6d872a1dc393560a589f999e7b60a,train,training,right-turn,data/processed/waymo_e2e/training/b1d6d872a1dc393560a589f999e7b60a_107.npz
1022,196e71cfec9ae702734c7fda930e7900,train,training,right-turn,data/processed/waymo_e2e/training/196e71cfec9ae702734c7fda930e7900_159.npz
1023,73f99122ae7a2b9dbd43529604284f70,train,training,straight,data/processed/waymo_e2e/training/73f99122ae7a2b9dbd43529604284f70_9.npz
1024,0fc3877ee1ae9fdc68b149700bddfb3f,train,training,right-turn,data/processed/waymo_e2e/training/0fc3877ee1ae9fdc68b149700bddfb3f_150.npz
1025,59735f607ef631aa62adf295d7498879,train,training,left-turn,data/processed/waymo_e2e/training/59735f607ef631aa62adf295d7498879_146.npz
1026,7ae36c27cd9727e4631e334bef8cd33c,train,training,left-turn,data/processed/waymo_e2e/training/7ae36c27cd9727e4631e334bef8cd33c_10.npz
1027,d7a1b47c21f299047d56db8fc332320e,train,training,right-turn,data/processed/waymo_e2e/training/d7a1b47c21f299047d56db8fc332320e_49.npz
1028,93b2364898ed9f011c8be36992189132,train,val,straight,data/processed/waymo_e2e/val/93b2364898ed9f011c8be36992189132_30.npz
1029,3b51f290af7362c445ef81211d4c2c1f,train,training,straight,data/processed/waymo_e2e/training/3b51f290af7362c445ef81211d4c2c1f_31.npz
1030,b84d416e992bcbbf41450860d1cac01c,train,training,straight,data/processed/waymo_e2e/training/b84d416e992bcbbf41450860d1cac01c_29.npz
1031,37739bd7731bc41e5466ae9efcac2e6d,train,val,right-turn,data/processed/waymo_e2e/val/37739bd7731bc41e5466ae9efcac2e6d_80.npz
1032,2357fa0df9e84b61a1fbe8e6c80efee9,train,training,straight,data/processed/waymo_e2e/training/2357fa0df9e84b61a1fbe8e6c80efee9_29.npz
1033,01ea7ffe053360e23299f200ae571a2b,train,training,straight,data/processed/waymo_e2e/training/01ea7ffe053360e23299f200ae571a2b_139.npz
1034,1fd95cde80bbc8f313fd2016e6cbf38b,train,training,straight,data/processed/waymo_e2e/training/1fd95cde80bbc8f313fd2016e6cbf38b_30.npz
1035,c62ca0c1ed7cb3d79aae63deaeb86ca0,train,val,straight,data/processed/waymo_e2e/val/c62ca0c1ed7cb3d79aae63deaeb86ca0_9.npz
1036,61d1e717f8c13c3706a645c2f0976828,train,training,left-turn,data/processed/waymo_e2e/training/61d1e717f8c13c3706a645c2f0976828_110.npz
1037,e7fc6657cecef73206610665722f3d20,train,val,straight,data/processed/waymo_e2e/val/e7fc6657cecef73206610665722f3d20_9.npz
1038,91cc59a2fbbb75e2d34c482c1ee35e27,train,training,straight,data/processed/waymo_e2e/training/91cc59a2fbbb75e2d34c482c1ee35e27_30.npz
1039,078c12fa97e918d53e39a2b482ea3454,train,training,straight,data/processed/waymo_e2e/training/078c12fa97e918d53e39a2b482ea3454_10.npz
1040,349479e335692cf038b24348f274d575,train,val,left-turn,data/processed/waymo_e2e/val/349479e335692cf038b24348f274d575_10.npz
1041,a69a34a5c2a39c6a8d272fc095610efb,train,training,left-turn,data/processed/waymo_e2e/training/a69a34a5c2a39c6a8d272fc095610efb_65.npz
1042,39ef34bff122f342389c05471bb9ed28,train,training,straight,data/processed/waymo_e2e/training/39ef34bff122f342389c05471bb9ed28_30.npz
1043,a5d9a36ccd15d829b542a63cf914388a,train,training,left-turn,data/processed/waymo_e2e/training/a5d9a36ccd15d829b542a63cf914388a_48.npz
1044,100e52a4dd9d375e62d116271bcba077,train,training,straight,data/processed/waymo_e2e/training/100e52a4dd9d375e62d116271bcba077_29.npz
1045,57e552729062a4b29d613fb34dd7230d,train,training,left-turn,data/processed/waymo_e2e/training/57e552729062a4b29d613fb34dd7230d_80.npz
1046,b4e2de67684553e623e756fc359c684d,train,training,straight,data/processed/waymo_e2e/training/b4e2de67684553e623e756fc359c684d_10.npz
1047,4e1c92902bb9766a85e803099ba2781a,train,training,left-turn,data/processed/waymo_e2e/training/4e1c92902bb9766a85e803099ba2781a_132.npz
1048,4f417e9ff9778b62d94683adf1b570b7,train,training,straight,data/processed/waymo_e2e/training/4f417e9ff9778b62d94683adf1b570b7_45.npz
1049,417045319988a04d09445666448e35ef,train,training,right-turn,data/processed/waymo_e2e/training/417045319988a04d09445666448e35ef_61.npz
1050,5b2bbf542669aa57fc291a06f6dfc00d,train,training,straight,data/processed/waymo_e2e/training/5b2bbf542669aa57fc291a06f6dfc00d_30.npz
1051,70f0681024051269963372905496938a,train,training,straight,data/processed/waymo_e2e/training/70f0681024051269963372905496938a_30.npz
1052,a529f4f3e78c2172f35106ca7d60e246,train,training,straight,data/processed/waymo_e2e/training/a529f4f3e78c2172f35106ca7d60e246_30.npz
1053,fd81896e8ae6152192bcf44f5b117053,train,training,straight,data/processed/waymo_e2e/training/fd81896e8ae6152192bcf44f5b117053_30.npz
1054,dd5557622dbe93c53cb1fc2f41f5be0f,train,training,left-turn,data/processed/waymo_e2e/training/dd5557622dbe93c53cb1fc2f41f5be0f_173.npz
1055,ac9972ee630dbbde1a9a40887cf80db5,train,training,right-turn,data/processed/waymo_e2e/training/ac9972ee630dbbde1a9a40887cf80db5_210.npz
1056,8f71300fe9ccdcc7347e320a17768e06,train,training,right-turn,data/processed/waymo_e2e/training/8f71300fe9ccdcc7347e320a17768e06_194.npz
1057,a65f346c1afa7fd47514984374cc5c49,train,training,left-turn,data/processed/waymo_e2e/training/a65f346c1afa7fd47514984374cc5c49_59.npz
1058,73d12d508a2d06b998616442e2bc9904,train,training,straight,data/processed/waymo_e2e/training/73d12d508a2d06b998616442e2bc9904_30.npz
1059,ad10813a8a3fdbdbb3e555aa4b4684e7,train,val,straight,data/processed/waymo_e2e/val/ad10813a8a3fdbdbb3e555aa4b4684e7_10.npz
1060,1afa50eececcdfaf58fa47ccceff7487,train,val,straight,data/processed/waymo_e2e/val/1afa50eececcdfaf58fa47ccceff7487_28.npz
1061,320983c5491ac1df6ee938601bf3f769,train,training,left-turn,data/processed/waymo_e2e/training/320983c5491ac1df6ee938601bf3f769_10.npz
1062,1c39c319d36a7033ad4ed58706c525a9,train,training,straight,data/processed/waymo_e2e/training/1c39c319d36a7033ad4ed58706c525a9_63.npz
1063,cb61ce985416b5c47f18a1672046160e,train,training,straight,data/processed/waymo_e2e/training/cb61ce985416b5c47f18a1672046160e_125.npz
1064,6a02eb919870224408da971b8cb2ffbb,train,training,straight,data/processed/waymo_e2e/training/6a02eb919870224408da971b8cb2ffbb_114.npz
1065,eeb9339d93fe83a761887f07685ba50e,train,training,left-turn,data/processed/waymo_e2e/training/eeb9339d93fe83a761887f07685ba50e_76.npz
1066,b119ca714d359fddbb0e7a4438a05654,train,training,straight,data/processed/waymo_e2e/training/b119ca714d359fddbb0e7a4438a05654_29.npz
1067,78ffaf552a9ec88defa802ced636263a,train,training,straight,data/processed/waymo_e2e/training/78ffaf552a9ec88defa802ced636263a_30.npz
1068,605a964cc30b61fedf8a41bdf130f505,train,val,right-turn,data/processed/waymo_e2e/val/605a964cc30b61fedf8a41bdf130f505_9.npz
1069,f97661f17c25bd23266c7f0f6cff08ce,train,training,straight,data/processed/waymo_e2e/training/f97661f17c25bd23266c7f0f6cff08ce_30.npz
1070,7d25214d381651b6781c166890f94240,train,training,straight,data/processed/waymo_e2e/training/7d25214d381651b6781c166890f94240_145.npz
1071,6ea8c5deda9a20df56a42e2476a3caaf,train,training,straight,data/processed/waymo_e2e/training/6ea8c5deda9a20df56a42e2476a3caaf_29.npz
1072,45210d77c8d463559a08b3c268113983,train,training,right-turn,data/processed/waymo_e2e/training/45210d77c8d463559a08b3c268113983_29.npz
1073,f0941b3325e0eaef565fe5a3ed43f664,train,training,straight,data/processed/waymo_e2e/training/f0941b3325e0eaef565fe5a3ed43f664_29.npz
1074,b5b38b836f1422f897d130c46e33dd0d,train,training,straight,data/processed/waymo_e2e/training/b5b38b836f1422f897d130c46e33dd0d_143.npz
1075,d71c0cbf7217a87fa25e05a66f3f0d46,train,val,straight,data/processed/waymo_e2e/val/d71c0cbf7217a87fa25e05a66f3f0d46_10.npz
1076,3e6dcebc46783f981ec87cbd2c2fda8e,train,training,right-turn,data/processed/waymo_e2e/training/3e6dcebc46783f981ec87cbd2c2fda8e_80.npz
1077,df066120eff5488fb7d9b5304243db77,train,val,straight,data/processed/waymo_e2e/val/df066120eff5488fb7d9b5304243db77_9.npz
1078,353964d5a1cab38f73f579bd87397519,train,val,right-turn,data/processed/waymo_e2e/val/353964d5a1cab38f73f579bd87397519_9.npz
1079,b0be51dff716b030eb07171230c14050,train,training,right-turn,data/processed/waymo_e2e/training/b0be51dff716b030eb07171230c14050_56.npz
1080,c35a59ce6782bc67d15d7089627a48a1,train,training,straight,data/processed/waymo_e2e/training/c35a59ce6782bc67d15d7089627a48a1_30.npz
1081,d0266f76029c0d4a7ff982130bd20ee3,train,val,straight,data/processed/waymo_e2e/val/d0266f76029c0d4a7ff982130bd20ee3_30.npz
1082,d96691d893e21957b86db610bb6445e1,train,training,straight,data/processed/waymo_e2e/training/d96691d893e21957b86db610bb6445e1_10.npz
1083,ffdafd3df2e1e26f80d70e7aa734db59,train,training,right-turn,data/processed/waymo_e2e/training/ffdafd3df2e1e26f80d70e7aa734db59_42.npz
1084,7b8691c4f37a4cd81d7675068ff09058,train,val,straight,data/processed/waymo_e2e/val/7b8691c4f37a4cd81d7675068ff09058_10.npz
1085,4b128655d7318292c021aa3d21652135,train,training,right-turn,data/processed/waymo_e2e/training/4b128655d7318292c021aa3d21652135_151.npz
1086,88c570f98758931201100d6e2e6a9958,train,training,straight,data/processed/waymo_e2e/training/88c570f98758931201100d6e2e6a9958_31.npz
1087,5cd649b5936f365ab7fb5106d68a7211,train,training,left-turn,data/processed/waymo_e2e/training/5cd649b5936f365ab7fb5106d68a7211_126.npz
1088,23b11b2f984db5917006696416634adf,train,training,left-turn,data/processed/waymo_e2e/training/23b11b2f984db5917006696416634adf_52.npz
1089,3900c985fc6435224e406057f9136309,train,training,straight,data/processed/waymo_e2e/training/3900c985fc6435224e406057f9136309_10.npz
1090,ee5afe721d89e725c4a96802afda139f,train,training,right-turn,data/processed/waymo_e2e/training/ee5afe721d89e725c4a96802afda139f_10.npz
1091,5c45132b8ec7a0255e85e985c8df74e9,train,training,right-turn,data/processed/waymo_e2e/training/5c45132b8ec7a0255e85e985c8df74e9_32.npz
1092,bd09cff83130f018440c580cf71e54dc,train,val,right-turn,data/processed/waymo_e2e/val/bd09cff83130f018440c580cf71e54dc_9.npz
1093,40d539aedd844b2e8b9533dfdcff12b8,train,training,left-turn,data/processed/waymo_e2e/training/40d539aedd844b2e8b9533dfdcff12b8_209.npz
1094,a5d5da44ca2387e76b609e06a4166c9c,train,val,right-turn,data/processed/waymo_e2e/val/a5d5da44ca2387e76b609e06a4166c9c_166.npz
1095,362df24f596622e8957cbc09969ce670,train,training,straight,data/processed/waymo_e2e/training/362df24f596622e8957cbc09969ce670_65.npz
1096,fc638bd4304ecb10796c246859ee3685,train,training,right-turn,data/processed/waymo_e2e/training/fc638bd4304ecb10796c246859ee3685_29.npz
1097,ec04592bc5c673cc060f6e705f80342a,train,training,straight,data/processed/waymo_e2e/training/ec04592bc5c673cc060f6e705f80342a_31.npz
1098,a8946839f992a16fdd3f88c6f969199a,train,training,straight,data/processed/waymo_e2e/training/a8946839f992a16fdd3f88c6f969199a_10.npz
1099,952f73517d46795bc4bb761ee73db946,train,training,left-turn,data/processed/waymo_e2e/training/952f73517d46795bc4bb761ee73db946_11.npz
1100,1524c4e9c5042381c5c9b5f57f5168bc,train,training,right-turn,data/processed/waymo_e2e/training/1524c4e9c5042381c5c9b5f57f5168bc_170.npz
1101,07f5a2d295a8ba9caf5c75d25a31a3c0,train,val,straight,data/processed/waymo_e2e/val/07f5a2d295a8ba9caf5c75d25a31a3c0_9.npz
1102,513c9aa7340155f7a37e4865396bb00b,train,training,right-turn,data/processed/waymo_e2e/training/513c9aa7340155f7a37e4865396bb00b_130.npz
1103,8eee9cd3d2e8dc19360498e180c84dcc,train,training,right-turn,data/processed/waymo_e2e/training/8eee9cd3d2e8dc19360498e180c84dcc_133.npz
1104,66e81ed7af1554420a0e2ebd57756906,train,training,left-turn,data/processed/waymo_e2e/training/66e81ed7af1554420a0e2ebd57756906_39.npz
1105,c4e9789c828ebc6ab33d0c7c7788016b,train,training,straight,data/processed/waymo_e2e/training/c4e9789c828ebc6ab33d0c7c7788016b_29.npz
1106,e0b3a651f727595bc0d15a77c70de992,train,training,straight,data/processed/waymo_e2e/training/e0b3a651f727595bc0d15a77c70de992_30.npz
1107,86901a5262d98f52b3ea7cde02d1e9f5,train,training,left-turn,data/processed/waymo_e2e/training/86901a5262d98f52b3ea7cde02d1e9f5_31.npz
1108,30b4531ddf40e82433a4261725d2498a,train,training,right-turn,data/processed/waymo_e2e/training/30b4531ddf40e82433a4261725d2498a_131.npz
1109,a989dc58541bbaff4cceba5bd87dee01,train,training,straight,data/processed/waymo_e2e/training/a989dc58541bbaff4cceba5bd87dee01_10.npz
1110,acd945011ee53bf6eccc983566206fa4,train,training,left-turn,data/processed/waymo_e2e/training/acd945011ee53bf6eccc983566206fa4_190.npz
1111,6490e84a1296de6e49aa008023e40ebb,train,val,right-turn,data/processed/waymo_e2e/val/6490e84a1296de6e49aa008023e40ebb_213.npz
1112,a32a2ff0ab66bfa7bb0c546fe4b684db,train,val,right-turn,data/processed/waymo_e2e/val/a32a2ff0ab66bfa7bb0c546fe4b684db_103.npz
1113,2e85208e9450e97ffc7ef71879691295,train,training,straight,data/processed/waymo_e2e/training/2e85208e9450e97ffc7ef71879691295_31.npz
1114,75ee2a404ae4ea895e487c5c4e1b8e29,train,training,right-turn,data/processed/waymo_e2e/training/75ee2a404ae4ea895e487c5c4e1b8e29_135.npz
1115,386ab3ea618efe54e7a714d4cb1c26d0,train,training,right-turn,data/processed/waymo_e2e/training/386ab3ea618efe54e7a714d4cb1c26d0_30.npz
1116,6b91e7d3471b70637f17cd8c0c953a09,train,val,left-turn,data/processed/waymo_e2e/val/6b91e7d3471b70637f17cd8c0c953a09_32.npz
1117,389d3da3535b3d3320bc004466426775,train,training,right-turn,data/processed/waymo_e2e/training/389d3da3535b3d3320bc004466426775_130.npz
1118,5cd71037af37016b012e7b7da24dde52,train,training,straight,data/processed/waymo_e2e/training/5cd71037af37016b012e7b7da24dde52_30.npz
1119,9d775e3bcb97e1220262a9e07c66f737,train,training,left-turn,data/processed/waymo_e2e/training/9d775e3bcb97e1220262a9e07c66f737_62.npz
1120,8ab934bd32f678757450b658a13706ca,train,training,straight,data/processed/waymo_e2e/training/8ab934bd32f678757450b658a13706ca_30.npz
1121,7f520c7a75e8e9b8ab885a2a0a7ab5b4,train,val,left-turn,data/processed/waymo_e2e/val/7f520c7a75e8e9b8ab885a2a0a7ab5b4_21.npz
1122,44ba4fa0579084ba64f738b927fcd280,train,val,left-turn,data/processed/waymo_e2e/val/44ba4fa0579084ba64f738b927fcd280_11.npz
1123,a5ab98bdd03b40cd2f1e2ad78b76cea1,train,training,right-turn,data/processed/waymo_e2e/training/a5ab98bdd03b40cd2f1e2ad78b76cea1_206.npz
1124,2fe32b2cddf4f6e328e294fca52e482f,train,val,straight,data/processed/waymo_e2e/val/2fe32b2cddf4f6e328e294fca52e482f_10.npz
1125,708fd6fff7559c92a921221e280a0d99,train,training,straight,data/processed/waymo_e2e/training/708fd6fff7559c92a921221e280a0d99_30.npz
1126,c5e1902f13153becbe379e93c779ebad,train,training,straight,data/processed/waymo_e2e/training/c5e1902f13153becbe379e93c779ebad_30.npz
1127,7800be1ecf5c2473a0032792b127f838,train,training,right-turn,data/processed/waymo_e2e/training/7800be1ecf5c2473a0032792b127f838_77.npz
1128,bda8a58fbd768b8b8e761d38558b1dff,train,training,right-turn,data/processed/waymo_e2e/training/bda8a58fbd768b8b8e761d38558b1dff_200.npz
1129,64442bc0f0558da6a7bcb9c47f96a386,train,training,straight,data/processed/waymo_e2e/training/64442bc0f0558da6a7bcb9c47f96a386_78.npz
1130,223c1abbda237d792f63d345c9f6cd0a,train,val,right-turn,data/processed/waymo_e2e/val/223c1abbda237d792f63d345c9f6cd0a_147.npz
1131,ffe20ef8b99860d4a210701c042c5f27,train,training,straight,data/processed/waymo_e2e/training/ffe20ef8b99860d4a210701c042c5f27_10.npz
1132,d9f93c184a1ea1e8caac57b499a620e9,train,training,right-turn,data/processed/waymo_e2e/training/d9f93c184a1ea1e8caac57b499a620e9_176.npz
1133,6885080ed502631a89e44c0ee1bb7e20,train,training,left-turn,data/processed/waymo_e2e/training/6885080ed502631a89e44c0ee1bb7e20_218.npz
1134,c652f18c87a3479cad2915a81cdec04c,train,training,right-turn,data/processed/waymo_e2e/training/c652f18c87a3479cad2915a81cdec04c_139.npz
1135,a9b8ec84e1b76473251e4f53b7a46969,train,training,straight,data/processed/waymo_e2e/training/a9b8ec84e1b76473251e4f53b7a46969_108.npz
1136,70376c7f15ed290399d179d04aa10742,train,training,straight,data/processed/waymo_e2e/training/70376c7f15ed290399d179d04aa10742_29.npz
1137,89212074486ee1018d6e9b2c6df4ed9c,train,training,straight,data/processed/waymo_e2e/training/89212074486ee1018d6e9b2c6df4ed9c_29.npz
1138,7d76efb2c9ebecd842e252c59c35fcc4,train,training,right-turn,data/processed/waymo_e2e/training/7d76efb2c9ebecd842e252c59c35fcc4_105.npz
1139,ab1a4d77a623edb849af9d7402f7a70f,train,training,left-turn,data/processed/waymo_e2e/training/ab1a4d77a623edb849af9d7402f7a70f_92.npz
1140,af1d9cde52b27eb292669fe8c10553b5,train,training,right-turn,data/processed/waymo_e2e/training/af1d9cde52b27eb292669fe8c10553b5_29.npz
1141,f6222dc6ba43632c76552c2545a084fc,train,training,straight,data/processed/waymo_e2e/training/f6222dc6ba43632c76552c2545a084fc_29.npz
1142,5aa56cc7c1494d8815342cff4ee3efd4,train,training,left-turn,data/processed/waymo_e2e/training/5aa56cc7c1494d8815342cff4ee3efd4_146.npz
1143,e7ea3d6ef63a08d3b675f1249c76a895,train,training,right-turn,data/processed/waymo_e2e/training/e7ea3d6ef63a08d3b675f1249c76a895_29.npz
1144,ef3f39aaad990ddc1ba295c86c3dcd00,train,training,straight,data/processed/waymo_e2e/training/ef3f39aaad990ddc1ba295c86c3dcd00_29.npz
1145,57f1aae142798503bbf227be1848f6dd,train,training,right-turn,data/processed/waymo_e2e/training/57f1aae142798503bbf227be1848f6dd_144.npz
1146,e4e6b217323eb6f5a983de8e836d5d32,train,training,right-turn,data/processed/waymo_e2e/training/e4e6b217323eb6f5a983de8e836d5d32_30.npz
1147,9a2eea9e922615ac5225b0b648f8ccc7,train,training,left-turn,data/processed/waymo_e2e/training/9a2eea9e922615ac5225b0b648f8ccc7_59.npz
1148,1c3d50949247baa54eae139fdddb9c53,train,training,straight,data/processed/waymo_e2e/training/1c3d50949247baa54eae139fdddb9c53_30.npz
1149,c9d2a78b01bd6bc67fffe3f007e24bc1,train,training,straight,data/processed/waymo_e2e/training/c9d2a78b01bd6bc67fffe3f007e24bc1_119.npz
1150,2309a00883455023beb77b1a36d1cdf0,train,val,right-turn,data/processed/waymo_e2e/val/2309a00883455023beb77b1a36d1cdf0_154.npz
1151,0bdcc1da851d8d3741b7c20b60e7e6c6,train,training,right-turn,data/processed/waymo_e2e/training/0bdcc1da851d8d3741b7c20b60e7e6c6_169.npz
1152,0eaf6f08eb7b83df35994a057433b60f,train,training,straight,data/processed/waymo_e2e/training/0eaf6f08eb7b83df35994a057433b60f_28.npz
1153,c8285d4afeb095d5879838ca1d01b57f,train,training,right-turn,data/processed/waymo_e2e/training/c8285d4afeb095d5879838ca1d01b57f_94.npz
1154,bf616e937f7ab25c2563e117ca137cb1,train,val,straight,data/processed/waymo_e2e/val/bf616e937f7ab25c2563e117ca137cb1_10.npz
1155,c4ba35b02f647591ad13fbbee598360e,train,training,right-turn,data/processed/waymo_e2e/training/c4ba35b02f647591ad13fbbee598360e_138.npz
1156,ccb549ca44c133b04b3b162bbe86e1c0,train,training,straight,data/processed/waymo_e2e/training/ccb549ca44c133b04b3b162bbe86e1c0_30.npz
1157,30465d51196f9f8020f3b01ada513e4f,train,training,right-turn,data/processed/waymo_e2e/training/30465d51196f9f8020f3b01ada513e4f_154.npz
1158,bb8adff265f560c907fddba3d4688244,train,training,straight,data/processed/waymo_e2e/training/bb8adff265f560c907fddba3d4688244_31.npz
1159,9509cbe2a02be5555c4c4e25b5156ab9,train,training,right-turn,data/processed/waymo_e2e/training/9509cbe2a02be5555c4c4e25b5156ab9_54.npz
1160,9f925894dc30b0eed436fe0393890ca3,train,training,right-turn,data/processed/waymo_e2e/training/9f925894dc30b0eed436fe0393890ca3_153.npz
1161,2e9c18b832f91f2cc04e6856cb664d1c,train,training,right-turn,data/processed/waymo_e2e/training/2e9c18b832f91f2cc04e6856cb664d1c_153.npz
1162,a3080155712515f80fd765c97370d428,train,training,right-turn,data/processed/waymo_e2e/training/a3080155712515f80fd765c97370d428_112.npz
1163,2be138e5e95d41d3b28503df943ad05f,train,training,straight,data/processed/waymo_e2e/training/2be138e5e95d41d3b28503df943ad05f_30.npz
1164,b0b186a3a6e23839eb3bd89b9287ebb2,train,training,right-turn,data/processed/waymo_e2e/training/b0b186a3a6e23839eb3bd89b9287ebb2_30.npz
1165,e020af0753ce80caf68da49e097bb784,train,training,straight,data/processed/waymo_e2e/training/e020af0753ce80caf68da49e097bb784_121.npz
1166,bff795a5e9d1f1eefa247769cccb0175,train,val,right-turn,data/processed/waymo_e2e/val/bff795a5e9d1f1eefa247769cccb0175_45.npz
1167,f052a157eda6ddeb45dea65b39612bc2,train,training,straight,data/processed/waymo_e2e/training/f052a157eda6ddeb45dea65b39612bc2_9.npz
1168,62502fb60c74f34c9edf8ad3c7461776,train,val,straight,data/processed/waymo_e2e/val/62502fb60c74f34c9edf8ad3c7461776_9.npz
1169,95eae57ec59f712a467679da5a855bc4,train,training,straight,data/processed/waymo_e2e/training/95eae57ec59f712a467679da5a855bc4_30.npz
1170,62b67666791605074bbbbe60dad987f2,train,val,left-turn,data/processed/waymo_e2e/val/62b67666791605074bbbbe60dad987f2_81.npz
1171,6f09e2bc670232f67d3628f7dcc37f0b,train,training,straight,data/processed/waymo_e2e/training/6f09e2bc670232f67d3628f7dcc37f0b_30.npz
1172,bc5349a05ccad4fa84bb74f6fdadc2e2,train,training,straight,data/processed/waymo_e2e/training/bc5349a05ccad4fa84bb74f6fdadc2e2_30.npz
1173,be988601654ec06821ed0903c1a7d5c7,train,training,right-turn,data/processed/waymo_e2e/training/be988601654ec06821ed0903c1a7d5c7_123.npz
1174,e288ca9a7a1670302270d66dd5ff60a2,train,val,right-turn,data/processed/waymo_e2e/val/e288ca9a7a1670302270d66dd5ff60a2_117.npz
1175,56fec8694cb8a12ad77f34c421a3387b,train,training,left-turn,data/processed/waymo_e2e/training/56fec8694cb8a12ad77f34c421a3387b_111.npz
1176,7e48ec16336b9dc510949dcd6e965a8d,train,val,straight,data/processed/waymo_e2e/val/7e48ec16336b9dc510949dcd6e965a8d_9.npz
1177,6cddaf0f5afd82d1f96d584d715be617,train,training,straight,data/processed/waymo_e2e/training/6cddaf0f5afd82d1f96d584d715be617_29.npz
1178,f0236dc2f2fb6612f8d6abda39369974,train,val,right-turn,data/processed/waymo_e2e/val/f0236dc2f2fb6612f8d6abda39369974_10.npz
1179,ff7374f87268cb00710da9fc503bc2c5,train,training,left-turn,data/processed/waymo_e2e/training/ff7374f87268cb00710da9fc503bc2c5_210.npz
1180,b614a9922abae26e2401da239898435b,train,val,right-turn,data/processed/waymo_e2e/val/b614a9922abae26e2401da239898435b_132.npz
1181,1f734e64cd6d2dd72a8ff9690b63778b,train,training,right-turn,data/processed/waymo_e2e/training/1f734e64cd6d2dd72a8ff9690b63778b_30.npz
1182,db47c7bda1c429068c924c90cc7c9628,train,training,right-turn,data/processed/waymo_e2e/training/db47c7bda1c429068c924c90cc7c9628_177.npz
1183,41e383fc34b18fb60649a1af71c2d963,train,training,straight,data/processed/waymo_e2e/training/41e383fc34b18fb60649a1af71c2d963_31.npz
1184,3509b7c543b5040670086ae767830d78,train,training,left-turn,data/processed/waymo_e2e/training/3509b7c543b5040670086ae767830d78_75.npz
1185,bd1ca437823f8aec03dba95a2dc731f8,train,training,right-turn,data/processed/waymo_e2e/training/bd1ca437823f8aec03dba95a2dc731f8_10.npz
1186,14d0a131a3a763bf8427d8da1a3be99b,train,training,straight,data/processed/waymo_e2e/training/14d0a131a3a763bf8427d8da1a3be99b_29.npz
1187,f389c72d7901053ee42ae901be13ade7,train,training,right-turn,data/processed/waymo_e2e/training/f389c72d7901053ee42ae901be13ade7_42.npz
1188,7ad8f335c9fef5efec345675d4518593,train,val,straight,data/processed/waymo_e2e/val/7ad8f335c9fef5efec345675d4518593_179.npz
1189,31b843d365f26e5c53005fa1e4893d1a,train,val,straight,data/processed/waymo_e2e/val/31b843d365f26e5c53005fa1e4893d1a_215.npz
1190,2dd7194b1086369b60bd803be3a5e218,train,training,straight,data/processed/waymo_e2e/training/2dd7194b1086369b60bd803be3a5e218_30.npz
1191,5ce0e858beba3147e65d6d4a2bc28e70,train,training,straight,data/processed/waymo_e2e/training/5ce0e858beba3147e65d6d4a2bc28e70_123.npz
1192,fd3f8d46962ab26a01244a558d41d56b,train,training,right-turn,data/processed/waymo_e2e/training/fd3f8d46962ab26a01244a558d41d56b_146.npz
1193,6894e7e07fc0431d2120e8f733872960,train,training,straight,data/processed/waymo_e2e/training/6894e7e07fc0431d2120e8f733872960_31.npz
1194,1e92a0d8ed3c16d6f18b2ae168804ea2,train,training,left-turn,data/processed/waymo_e2e/training/1e92a0d8ed3c16d6f18b2ae168804ea2_76.npz
1195,bbc4cd9d56abe2e034d416ec504db667,train,training,straight,data/processed/waymo_e2e/training/bbc4cd9d56abe2e034d416ec504db667_31.npz
1196,09e7f15270ce9c3ea038d36c67f8ecc9,train,val,left-turn,data/processed/waymo_e2e/val/09e7f15270ce9c3ea038d36c67f8ecc9_149.npz
1197,3c87e8251965c3ffbc95a320e49d20f6,train,val,right-turn,data/processed/waymo_e2e/val/3c87e8251965c3ffbc95a320e49d20f6_228.npz
1198,0b860fa8c13bc787e68cc44765b8064b,train,training,left-turn,data/processed/waymo_e2e/training/0b860fa8c13bc787e68cc44765b8064b_30.npz
1199,bc563437d88e4e40a216b39151c09f8c,train,training,straight,data/processed/waymo_e2e/training/bc563437d88e4e40a216b39151c09f8c_30.npz
1200,e9bc10d535da62710806f50d8c21b1ee,train,val,left-turn,data/processed/waymo_e2e/val/e9bc10d535da62710806f50d8c21b1ee_157.npz
1201,c278c85a17f972cd6f969ad7664b4aae,train,training,straight,data/processed/waymo_e2e/training/c278c85a17f972cd6f969ad7664b4aae_29.npz
1202,291acc4578630f6231a35e718de21523,train,val,straight,data/processed/waymo_e2e/val/291acc4578630f6231a35e718de21523_9.npz
1203,b0b2a38d6fd59d58922f783433dd100f,train,training,straight,data/processed/waymo_e2e/training/b0b2a38d6fd59d58922f783433dd100f_110.npz
1204,f553aef793ea96336ce91e261c842fe6,train,training,right-turn,data/processed/waymo_e2e/training/f553aef793ea96336ce91e261c842fe6_219.npz
1205,90f0dd7e6049d2d441b69208c2ba64c7,train,val,left-turn,data/processed/waymo_e2e/val/90f0dd7e6049d2d441b69208c2ba64c7_105.npz
1206,ef3d79e0c86e451425c9e9378474fee8,train,training,right-turn,data/processed/waymo_e2e/training/ef3d79e0c86e451425c9e9378474fee8_76.npz
1207,0414d4f697ebf7301d2ddfc1e578a6d9,train,val,straight,data/processed/waymo_e2e/val/0414d4f697ebf7301d2ddfc1e578a6d9_75.npz
1208,3595906d5579fe2e1a5aec728011630c,train,training,left-turn,data/processed/waymo_e2e/training/3595906d5579fe2e1a5aec728011630c_156.npz
1209,facd975a91c2968631debb9bf5139b6e,train,training,right-turn,data/processed/waymo_e2e/training/facd975a91c2968631debb9bf5139b6e_140.npz
1210,adba328ccd36b14cb2d1f2c777859861,train,val,left-turn,data/processed/waymo_e2e/val/adba328ccd36b14cb2d1f2c777859861_236.npz
1211,563d517deaff1a63cafb6774df9c2350,train,training,straight,data/processed/waymo_e2e/training/563d517deaff1a63cafb6774df9c2350_9.npz
1212,2902b032f19f1a8e587b3e3a38d66068,train,val,straight,data/processed/waymo_e2e/val/2902b032f19f1a8e587b3e3a38d66068_11.npz
1213,14422f0ae5fd5f08c4be6039493da2d8,train,val,straight,data/processed/waymo_e2e/val/14422f0ae5fd5f08c4be6039493da2d8_29.npz
1214,2bcd5e8b34840d58625026bca0e3b1fc,train,training,straight,data/processed/waymo_e2e/training/2bcd5e8b34840d58625026bca0e3b1fc_30.npz
1215,ab9786d9b1cb689da23ca287414ef726,train,training,straight,data/processed/waymo_e2e/training/ab9786d9b1cb689da23ca287414ef726_10.npz
1216,9a98c111e0e0ba2bd6e9f2e0a5b8f206,train,training,right-turn,data/processed/waymo_e2e/training/9a98c111e0e0ba2bd6e9f2e0a5b8f206_159.npz
1217,66cfc35624f896de4bad434f7ea8e36c,train,training,straight,data/processed/waymo_e2e/training/66cfc35624f896de4bad434f7ea8e36c_30.npz
1218,516c0bf487a017755921538a8914d5c3,train,training,straight,data/processed/waymo_e2e/training/516c0bf487a017755921538a8914d5c3_30.npz
1219,08720a9a33dba798129d79b0762e1206,train,training,straight,data/processed/waymo_e2e/training/08720a9a33dba798129d79b0762e1206_30.npz
1220,041c7207146c48031321b50a0308a469,train,training,right-turn,data/processed/waymo_e2e/training/041c7207146c48031321b50a0308a469_170.npz
1221,17f7af7110c6b393b4f477b4591beaaa,train,training,left-turn,data/processed/waymo_e2e/training/17f7af7110c6b393b4f477b4591beaaa_102.npz
1222,a5c5832d26ca937c9c859b207e420462,train,training,straight,data/processed/waymo_e2e/training/a5c5832d26ca937c9c859b207e420462_29.npz
1223,eb0b7e82148c232bb2813bb714a10459,train,training,left-turn,data/processed/waymo_e2e/training/eb0b7e82148c232bb2813bb714a10459_140.npz
1224,354085672f9cb5796990287f3b7604aa,train,val,left-turn,data/processed/waymo_e2e/val/354085672f9cb5796990287f3b7604aa_39.npz
1225,a76a3f5e3f18e5fbd41e7edbd0aba23f,train,val,right-turn,data/processed/waymo_e2e/val/a76a3f5e3f18e5fbd41e7edbd0aba23f_80.npz
1226,79bd95b39381b316b2fec3b4c974fb1d,train,training,straight,data/processed/waymo_e2e/training/79bd95b39381b316b2fec3b4c974fb1d_29.npz
1227,0df79613c3e4e81b6f5fa566f32b5c24,train,training,right-turn,data/processed/waymo_e2e/training/0df79613c3e4e81b6f5fa566f32b5c24_91.npz
1228,c46e804e9fcb887376492eae59663409,train,training,straight,data/processed/waymo_e2e/training/c46e804e9fcb887376492eae59663409_30.npz
1229,c2b03c2232cfe3b55fcd19fea1bb44c1,train,training,straight,data/processed/waymo_e2e/training/c2b03c2232cfe3b55fcd19fea1bb44c1_30.npz
1230,d851fd8c2b36dc5a06da14a19d103c41,train,val,right-turn,data/processed/waymo_e2e/val/d851fd8c2b36dc5a06da14a19d103c41_90.npz
1231,1fc2862de678ec89fa7f9b3ce1e5451b,train,training,straight,data/processed/waymo_e2e/training/1fc2862de678ec89fa7f9b3ce1e5451b_9.npz
1232,4493fef3ad6f9108d3f33db78932b207,train,training,right-turn,data/processed/waymo_e2e/training/4493fef3ad6f9108d3f33db78932b207_157.npz
1233,2debdc4fc91a505493ab4b647080e720,train,val,right-turn,data/processed/waymo_e2e/val/2debdc4fc91a505493ab4b647080e720_76.npz
1234,0042b483892db48907e04dbf69a049f6,train,training,left-turn,data/processed/waymo_e2e/training/0042b483892db48907e04dbf69a049f6_139.npz
1235,e0dd247c92d566815695c62e8e8f17d2,train,training,straight,data/processed/waymo_e2e/training/e0dd247c92d566815695c62e8e8f17d2_31.npz
1236,0d94d2a36405c21b1fc19601c41e8d23,train,val,straight,data/processed/waymo_e2e/val/0d94d2a36405c21b1fc19601c41e8d23_11.npz
1237,1fed79ef71913bf478caf28ba1251b07,train,training,straight,data/processed/waymo_e2e/training/1fed79ef71913bf478caf28ba1251b07_29.npz
1238,bcc5d960bb306001892a4acd78ee85cd,train,training,right-turn,data/processed/waymo_e2e/training/bcc5d960bb306001892a4acd78ee85cd_59.npz
1239,88e91cdc725fc9e7c01cf3b5f97a4d6d,train,training,right-turn,data/processed/waymo_e2e/training/88e91cdc725fc9e7c01cf3b5f97a4d6d_79.npz
1240,d174b05452e517f01571954b98e5e91d,train,val,right-turn,data/processed/waymo_e2e/val/d174b05452e517f01571954b98e5e91d_137.npz
1241,f12b82eaa7acaeb7dacc9d945606a46a,train,training,straight,data/processed/waymo_e2e/training/f12b82eaa7acaeb7dacc9d945606a46a_29.npz
1242,6928c602c72f1be12c34bba95bb22a37,train,training,left-turn,data/processed/waymo_e2e/training/6928c602c72f1be12c34bba95bb22a37_157.npz
1243,0bd5fa653c6a1443f3a6efe08412506e,train,training,straight,data/processed/waymo_e2e/training/0bd5fa653c6a1443f3a6efe08412506e_30.npz
1244,f728d48b0af90ea21d7aa1c959380f38,train,training,straight,data/processed/waymo_e2e/training/f728d48b0af90ea21d7aa1c959380f38_136.npz
1245,21ea350a1c7627681357d34fdf1fa74f,train,training,left-turn,data/processed/waymo_e2e/training/21ea350a1c7627681357d34fdf1fa74f_30.npz
1246,063ad136f168a4e7f34c9210250612e7,train,training,straight,data/processed/waymo_e2e/training/063ad136f168a4e7f34c9210250612e7_30.npz
1247,845032ecea8502abc8bcfb630d05513e,train,val,left-turn,data/processed/waymo_e2e/val/845032ecea8502abc8bcfb630d05513e_175.npz
1248,d77fbf1c01740642dd79f2626e1ecd60,train,training,right-turn,data/processed/waymo_e2e/training/d77fbf1c01740642dd79f2626e1ecd60_29.npz
1249,83203ee5895f0b012395c882be0bdb85,train,training,straight,data/processed/waymo_e2e/training/83203ee5895f0b012395c882be0bdb85_30.npz
1250,9c461c130e4772a3cfa5f52b1407109f,train,training,straight,data/processed/waymo_e2e/training/9c461c130e4772a3cfa5f52b1407109f_30.npz
1251,5a72519cde3d4ae1fd2b308ddc09cbbd,train,training,right-turn,data/processed/waymo_e2e/training/5a72519cde3d4ae1fd2b308ddc09cbbd_135.npz
1252,522da28d44bc0301f435f80a94962687,train,training,right-turn,data/processed/waymo_e2e/training/522da28d44bc0301f435f80a94962687_227.npz
1253,52a64e46a41cab4ab2a31802851ffb40,train,training,straight,data/processed/waymo_e2e/training/52a64e46a41cab4ab2a31802851ffb40_31.npz
1254,8cf69f39bffb9bc4d34f491757e412f8,train,training,left-turn,data/processed/waymo_e2e/training/8cf69f39bffb9bc4d34f491757e412f8_126.npz
1255,146e7868f8cbeb04642fb2ddae19d5cd,train,training,left-turn,data/processed/waymo_e2e/training/146e7868f8cbeb04642fb2ddae19d5cd_230.npz
1256,986c3caf451c856314ba9c6a5ed5b7bf,train,training,straight,data/processed/waymo_e2e/training/986c3caf451c856314ba9c6a5ed5b7bf_30.npz
1257,2bd56ad18f3aa9e1c12d0637c5841b78,train,training,straight,data/processed/waymo_e2e/training/2bd56ad18f3aa9e1c12d0637c5841b78_29.npz
1258,26a537f685e2e6ab411c855043991b3d,train,training,straight,data/processed/waymo_e2e/training/26a537f685e2e6ab411c855043991b3d_30.npz
1259,9526b433b10847e33db125af036acd94,train,val,straight,data/processed/waymo_e2e/val/9526b433b10847e33db125af036acd94_31.npz
1260,609a245346eae6b23c1d3626c0c64eaa,train,training,straight,data/processed/waymo_e2e/training/609a245346eae6b23c1d3626c0c64eaa_29.npz
1261,9c9ee8383e068988d8e1a2228bbf200b,train,training,straight,data/processed/waymo_e2e/training/9c9ee8383e068988d8e1a2228bbf200b_30.npz
1262,b3fd754081977185b314c83a1211a26d,train,training,straight,data/processed/waymo_e2e/training/b3fd754081977185b314c83a1211a26d_30.npz
1263,c5fe7ce6fbd912f519737e45b7fbfbb7,train,training,left-turn,data/processed/waymo_e2e/training/c5fe7ce6fbd912f519737e45b7fbfbb7_64.npz
1264,541eec327aa648ae18e1748ca9e72254,train,training,left-turn,data/processed/waymo_e2e/training/541eec327aa648ae18e1748ca9e72254_122.npz
1265,edd75a8835f26225f7034074a0c8f574,train,training,right-turn,data/processed/waymo_e2e/training/edd75a8835f26225f7034074a0c8f574_134.npz
1266,8e3c3e2e983b46611a624067398b4c95,train,training,straight,data/processed/waymo_e2e/training/8e3c3e2e983b46611a624067398b4c95_31.npz
1267,8a9a879d8cdf3ffe9f7e9aa2b8b57db5,train,training,right-turn,data/processed/waymo_e2e/training/8a9a879d8cdf3ffe9f7e9aa2b8b57db5_128.npz
1268,40a06e079b7cef1ef9d45a63a1105815,train,training,straight,data/processed/waymo_e2e/training/40a06e079b7cef1ef9d45a63a1105815_30.npz
1269,101593606ff680773376c83e67dfd085,train,val,straight,data/processed/waymo_e2e/val/101593606ff680773376c83e67dfd085_10.npz
1270,a6822a70447af4569b0f988f666eabb2,train,training,left-turn,data/processed/waymo_e2e/training/a6822a70447af4569b0f988f666eabb2_125.npz
1271,90ea03080e0d0926fc7c46182ada68ee,train,training,right-turn,data/processed/waymo_e2e/training/90ea03080e0d0926fc7c46182ada68ee_70.npz
1272,80d911b579aea359e12b28cce5ed8700,train,training,straight,data/processed/waymo_e2e/training/80d911b579aea359e12b28cce5ed8700_112.npz
1273,1c5fb2c33eab29d9f262ab6a85e9caa2,train,training,straight,data/processed/waymo_e2e/training/1c5fb2c33eab29d9f262ab6a85e9caa2_30.npz
1274,8069aca81e4e489772112abbc731f42d,train,training,right-turn,data/processed/waymo_e2e/training/8069aca81e4e489772112abbc731f42d_11.npz
1275,262e00554925cca1cf924ed5ea430d66,train,val,right-turn,data/processed/waymo_e2e/val/262e00554925cca1cf924ed5ea430d66_137.npz
1276,28e5ed641cf8cedb115607af063c0bae,train,training,straight,data/processed/waymo_e2e/training/28e5ed641cf8cedb115607af063c0bae_110.npz
1277,1ef64de69cd77d33bb1a394ac1a8856c,train,training,straight,data/processed/waymo_e2e/training/1ef64de69cd77d33bb1a394ac1a8856c_29.npz
1278,79a3f6fac6431688c4d16c3d1a257c82,train,training,straight,data/processed/waymo_e2e/training/79a3f6fac6431688c4d16c3d1a257c82_9.npz
1279,c6ef053617317dbef9e494bf2704cd1b,train,training,right-turn,data/processed/waymo_e2e/training/c6ef053617317dbef9e494bf2704cd1b_197.npz
1280,5cc285613c15ac5d461d3bdcdb2654a4,train,val,left-turn,data/processed/waymo_e2e/val/5cc285613c15ac5d461d3bdcdb2654a4_29.npz
1281,2b9682854a8be54819ec219c4091cea9,train,training,right-turn,data/processed/waymo_e2e/training/2b9682854a8be54819ec219c4091cea9_160.npz
1282,9480ffccbcaa26d0edb7b69ac32f7ac5,train,training,straight,data/processed/waymo_e2e/training/9480ffccbcaa26d0edb7b69ac32f7ac5_29.npz
1283,0debfe98b7d0c1bf95e1da39245fa525,train,training,straight,data/processed/waymo_e2e/training/0debfe98b7d0c1bf95e1da39245fa525_30.npz
1284,53ce363ce589d19f746a296cd8d81dff,train,val,right-turn,data/processed/waymo_e2e/val/53ce363ce589d19f746a296cd8d81dff_103.npz
1285,138efd1466bd62f96844133e6036d252,train,training,straight,data/processed/waymo_e2e/training/138efd1466bd62f96844133e6036d252_10.npz
1286,442f2f5e995b6052b507794269250831,train,training,right-turn,data/processed/waymo_e2e/training/442f2f5e995b6052b507794269250831_30.npz
1287,e19100097ddae853c0e110e2c452401b,train,training,right-turn,data/processed/waymo_e2e/training/e19100097ddae853c0e110e2c452401b_191.npz
1288,d770776e1cd749fc16f774784f54aa08,train,training,straight,data/processed/waymo_e2e/training/d770776e1cd749fc16f774784f54aa08_29.npz
1289,9e5138b436e6ad7ad49cc3273947a1c7,train,val,right-turn,data/processed/waymo_e2e/val/9e5138b436e6ad7ad49cc3273947a1c7_188.npz
1290,83bea2efd2273085eed62d065d964093,train,training,straight,data/processed/waymo_e2e/training/83bea2efd2273085eed62d065d964093_30.npz
1291,91363d23ce6a357eb20517e511f06307,train,training,straight,data/processed/waymo_e2e/training/91363d23ce6a357eb20517e511f06307_30.npz
1292,ac60422fa8ff502073e4d149e34dbfe7,train,val,right-turn,data/processed/waymo_e2e/val/ac60422fa8ff502073e4d149e34dbfe7_141.npz
1293,5aeb93f84ecb94f5fd79873fc2baef92,train,training,right-turn,data/processed/waymo_e2e/training/5aeb93f84ecb94f5fd79873fc2baef92_120.npz
1294,7b8156ca7461a6a47ce795f742c675ff,train,training,straight,data/processed/waymo_e2e/training/7b8156ca7461a6a47ce795f742c675ff_63.npz
1295,b85e1d056c25eef736b428d6a56c3338,train,training,straight,data/processed/waymo_e2e/training/b85e1d056c25eef736b428d6a56c3338_57.npz
1296,6da6d10808633154702c238b489579f2,train,val,right-turn,data/processed/waymo_e2e/val/6da6d10808633154702c238b489579f2_78.npz
1297,f40ac895f1a209ff29ac4fc06b43b8eb,train,training,straight,data/processed/waymo_e2e/training/f40ac895f1a209ff29ac4fc06b43b8eb_10.npz
1298,d708ae19b947725fa73209b1d6167879,train,val,straight,data/processed/waymo_e2e/val/d708ae19b947725fa73209b1d6167879_11.npz
1299,a9531d2b707f75a117280553930f312d,train,val,straight,data/processed/waymo_e2e/val/a9531d2b707f75a117280553930f312d_10.npz
1300,b3c4404e2b76451cc481788af624b78d,train,training,straight,data/processed/waymo_e2e/training/b3c4404e2b76451cc481788af624b78d_30.npz
1301,48828a351d15b812bfcf5405d9ec995d,train,training,straight,data/processed/waymo_e2e/training/48828a351d15b812bfcf5405d9ec995d_30.npz
1302,f10b33b8f7a608f78650f27a2552f1f1,train,training,straight,data/processed/waymo_e2e/training/f10b33b8f7a608f78650f27a2552f1f1_29.npz
1303,ad58476e67ef355a35f3e5e3530587f2,train,training,right-turn,data/processed/waymo_e2e/training/ad58476e67ef355a35f3e5e3530587f2_31.npz
1304,fedb5012a62e2baa63e1261be3c44f72,train,training,straight,data/processed/waymo_e2e/training/fedb5012a62e2baa63e1261be3c44f72_120.npz
1305,9b2ed83be4604830b0071e6da3412b46,train,training,right-turn,data/processed/waymo_e2e/training/9b2ed83be4604830b0071e6da3412b46_137.npz
1306,3f7814ab09f452ef42c958a1531b1ef4,train,training,straight,data/processed/waymo_e2e/training/3f7814ab09f452ef42c958a1531b1ef4_10.npz
1307,e307a9702be541141aacff5db0945de5,train,training,left-turn,data/processed/waymo_e2e/training/e307a9702be541141aacff5db0945de5_71.npz
1308,4e92684362c838dc0a690421f3046c66,train,training,straight,data/processed/waymo_e2e/training/4e92684362c838dc0a690421f3046c66_30.npz
1309,3991d50b91f302c55197eea33fc8bb71,train,training,left-turn,data/processed/waymo_e2e/training/3991d50b91f302c55197eea33fc8bb71_174.npz
1310,43fe05892988e26b99aef92b4ec32df0,train,training,straight,data/processed/waymo_e2e/training/43fe05892988e26b99aef92b4ec32df0_11.npz
1311,c6364ff29aee952c064907f8c689a86b,train,training,straight,data/processed/waymo_e2e/training/c6364ff29aee952c064907f8c689a86b_102.npz
1312,f0655b6a579d085bd5725e90ab98ad0c,train,training,straight,data/processed/waymo_e2e/training/f0655b6a579d085bd5725e90ab98ad0c_43.npz
1313,6f193add639f9687274ca7f5228415d3,train,training,left-turn,data/processed/waymo_e2e/training/6f193add639f9687274ca7f5228415d3_167.npz
1314,b08d55fd1c041741a487b77aac7da208,train,training,straight,data/processed/waymo_e2e/training/b08d55fd1c041741a487b77aac7da208_10.npz
1315,f91c1390c644dae7cc98356ca5bdc2d0,train,training,straight,data/processed/waymo_e2e/training/f91c1390c644dae7cc98356ca5bdc2d0_109.npz
1316,10bb8abfbe70eb12ab188d994f4e6150,train,val,left-turn,data/processed/waymo_e2e/val/10bb8abfbe70eb12ab188d994f4e6150_163.npz
1317,6d16c986acb4a164091375c3038c9d12,train,training,right-turn,data/processed/waymo_e2e/training/6d16c986acb4a164091375c3038c9d12_65.npz
1318,49eb73682e180aff9f960761ec27e62b,train,training,right-turn,data/processed/waymo_e2e/training/49eb73682e180aff9f960761ec27e62b_178.npz
1319,7123a45605c1ca347202c04d645026ba,train,training,straight,data/processed/waymo_e2e/training/7123a45605c1ca347202c04d645026ba_9.npz
1320,0490105184974595c9190e853f0c93f2,train,training,left-turn,data/processed/waymo_e2e/training/0490105184974595c9190e853f0c93f2_222.npz
1321,67752cd18ac39229622bde7e9cefaece,train,training,straight,data/processed/waymo_e2e/training/67752cd18ac39229622bde7e9cefaece_11.npz
1322,fca8dbfb6468d96a5e1d4fb784dc2954,train,training,right-turn,data/processed/waymo_e2e/training/fca8dbfb6468d96a5e1d4fb784dc2954_29.npz
1323,1d5dfc6bb3736d71351720ae0b58a21c,train,val,straight,data/processed/waymo_e2e/val/1d5dfc6bb3736d71351720ae0b58a21c_11.npz
1324,a856bc86b25e5fe7da3ec082d4b406c4,train,training,straight,data/processed/waymo_e2e/training/a856bc86b25e5fe7da3ec082d4b406c4_137.npz
1325,3a0614e01e50c8ab796043e6dd266e77,train,training,left-turn,data/processed/waymo_e2e/training/3a0614e01e50c8ab796043e6dd266e77_159.npz
1326,a7ff119946fec688ae28ced6dd3771c4,train,training,right-turn,data/processed/waymo_e2e/training/a7ff119946fec688ae28ced6dd3771c4_30.npz
1327,4cc72794cfb0f4d1eff06bb3c3ab3e54,train,training,left-turn,data/processed/waymo_e2e/training/4cc72794cfb0f4d1eff06bb3c3ab3e54_161.npz
1328,600f3f2645ec8a40d8328aaeed7922ea,train,training,straight,data/processed/waymo_e2e/training/600f3f2645ec8a40d8328aaeed7922ea_30.npz
1329,269c1f34e1a6c83a80e0f85244b31656,train,training,straight,data/processed/waymo_e2e/training/269c1f34e1a6c83a80e0f85244b31656_29.npz
1330,a62e300f60147160412c8788bf15a617,train,training,straight,data/processed/waymo_e2e/training/a62e300f60147160412c8788bf15a617_30.npz
1331,a53176b07ad432affda912ef26737f02,train,val,right-turn,data/processed/waymo_e2e/val/a53176b07ad432affda912ef26737f02_148.npz
1332,fd764f285b1a8f4b3e5840c76636a1fe,train,training,right-turn,data/processed/waymo_e2e/training/fd764f285b1a8f4b3e5840c76636a1fe_154.npz
1333,04fcff6d002a8cc76666a30f7bde20b2,train,val,straight,data/processed/waymo_e2e/val/04fcff6d002a8cc76666a30f7bde20b2_30.npz
1334,e7e3db0d08bfc7dfb93af489a5a5686c,train,training,straight,data/processed/waymo_e2e/training/e7e3db0d08bfc7dfb93af489a5a5686c_31.npz
1335,1598bb20a14310904c47a379f7d8e31f,train,training,straight,data/processed/waymo_e2e/training/1598bb20a14310904c47a379f7d8e31f_197.npz
1336,8da82d06e0e498667dcfeb84bddc4d4e,train,training,straight,data/processed/waymo_e2e/training/8da82d06e0e498667dcfeb84bddc4d4e_31.npz
1337,dee9a4f6bc504f8e72b045700dac104e,train,training,straight,data/processed/waymo_e2e/training/dee9a4f6bc504f8e72b045700dac104e_30.npz
1338,74b03f6fa2507d6561b87eaab3661624,train,training,left-turn,data/processed/waymo_e2e/training/74b03f6fa2507d6561b87eaab3661624_81.npz
1339,47bd067ea4b3398b0cd5a32eb2188633,train,training,left-turn,data/processed/waymo_e2e/training/47bd067ea4b3398b0cd5a32eb2188633_199.npz
1340,c7b8cf508e356aead64a5c6e22502879,train,training,straight,data/processed/waymo_e2e/training/c7b8cf508e356aead64a5c6e22502879_29.npz
1341,4abdd8c60e93fee54de18179a7f632f1,train,training,straight,data/processed/waymo_e2e/training/4abdd8c60e93fee54de18179a7f632f1_9.npz
1342,40edca27477839f1b5b80a3ce4ba4327,train,training,left-turn,data/processed/waymo_e2e/training/40edca27477839f1b5b80a3ce4ba4327_137.npz
1343,0ff9ae47296712107b1d9d70ea1ca5be,train,training,right-turn,data/processed/waymo_e2e/training/0ff9ae47296712107b1d9d70ea1ca5be_195.npz
1344,4c0dbe21ee85e541ccb13bc49436c6c1,train,training,left-turn,data/processed/waymo_e2e/training/4c0dbe21ee85e541ccb13bc49436c6c1_31.npz
1345,cadeb147d4bb3a4bff34104d765c82e2,train,val,right-turn,data/processed/waymo_e2e/val/cadeb147d4bb3a4bff34104d765c82e2_188.npz
1346,06a7410008b8aac7b106df7252a983f0,train,training,straight,data/processed/waymo_e2e/training/06a7410008b8aac7b106df7252a983f0_11.npz
1347,e15d7ca56ee6f7889216a557995fe44c,train,training,straight,data/processed/waymo_e2e/training/e15d7ca56ee6f7889216a557995fe44c_30.npz
1348,dc14ebcb0f831fed5c89547aa7049bac,train,val,right-turn,data/processed/waymo_e2e/val/dc14ebcb0f831fed5c89547aa7049bac_202.npz
1349,1c606b71cbbb08251345d152bd5d4d4b,train,val,straight,data/processed/waymo_e2e/val/1c606b71cbbb08251345d152bd5d4d4b_114.npz
1350,57357cc6cd69dcdb82ff8772cf876a3e,train,training,straight,data/processed/waymo_e2e/training/57357cc6cd69dcdb82ff8772cf876a3e_30.npz
1351,69ecee9c4ae3c6d867fab574c6b38d8a,train,training,straight,data/processed/waymo_e2e/training/69ecee9c4ae3c6d867fab574c6b38d8a_120.npz
1352,0ca277981df684ccbd640b318348ad9e,train,training,straight,data/processed/waymo_e2e/training/0ca277981df684ccbd640b318348ad9e_31.npz
1353,7431bf0aeb77803637d15badb5eebc2f,train,training,right-turn,data/processed/waymo_e2e/training/7431bf0aeb77803637d15badb5eebc2f_138.npz
1354,b1d4355dcf23772c4eb6f19ba185e42e,train,training,left-turn,data/processed/waymo_e2e/training/b1d4355dcf23772c4eb6f19ba185e42e_156.npz
1355,051b4464459ec44e35fe60785ee16a85,train,training,straight,data/processed/waymo_e2e/training/051b4464459ec44e35fe60785ee16a85_29.npz
1356,3e14f2dfc6c268c2755dfc48722b0e0d,train,training,left-turn,data/processed/waymo_e2e/training/3e14f2dfc6c268c2755dfc48722b0e0d_166.npz
1357,bf6f7bf6aefa799e4daa947ed0eeb7fb,train,training,straight,data/processed/waymo_e2e/training/bf6f7bf6aefa799e4daa947ed0eeb7fb_125.npz
1358,ced048a8b0eb7e6ddf6791c4fc4f9640,train,training,straight,data/processed/waymo_e2e/training/ced048a8b0eb7e6ddf6791c4fc4f9640_29.npz
1359,df9b1e04ea8bff3601841004148f0e97,train,training,left-turn,data/processed/waymo_e2e/training/df9b1e04ea8bff3601841004148f0e97_31.npz
1360,e106f1afddfcba8823e719e55fd54242,train,training,straight,data/processed/waymo_e2e/training/e106f1afddfcba8823e719e55fd54242_30.npz
1361,0bffa59f2a5d4141f6ea1a34d4bd029e,train,training,straight,data/processed/waymo_e2e/training/0bffa59f2a5d4141f6ea1a34d4bd029e_9.npz
1362,9046d9fa368f5c7fd790cd2593a01109,train,training,right-turn,data/processed/waymo_e2e/training/9046d9fa368f5c7fd790cd2593a01109_139.npz
1363,ba0ec06f7a59663e92b831099154a32b,train,training,straight,data/processed/waymo_e2e/training/ba0ec06f7a59663e92b831099154a32b_30.npz
1364,58c5a51c73384f9c0f1b91df77959bdf,train,training,right-turn,data/processed/waymo_e2e/training/58c5a51c73384f9c0f1b91df77959bdf_197.npz
1365,4b390f75983c892cbb4144d5af260054,train,val,straight,data/processed/waymo_e2e/val/4b390f75983c892cbb4144d5af260054_9.npz
1366,ca9e48f90861b986fa028943e0fe4ca1,train,training,straight,data/processed/waymo_e2e/training/ca9e48f90861b986fa028943e0fe4ca1_29.npz
1367,dfd6e5dccb25fed9d20ec0b2c94bef13,train,val,right-turn,data/processed/waymo_e2e/val/dfd6e5dccb25fed9d20ec0b2c94bef13_163.npz
1368,eb674b2f2ce258f53e2024535677f9c9,train,training,left-turn,data/processed/waymo_e2e/training/eb674b2f2ce258f53e2024535677f9c9_199.npz
1369,6b684ef0d4179b9367a55bf9b7cdc55d,train,val,left-turn,data/processed/waymo_e2e/val/6b684ef0d4179b9367a55bf9b7cdc55d_11.npz
1370,ea521034d81c263866938b5e8e0dd279,train,training,left-turn,data/processed/waymo_e2e/training/ea521034d81c263866938b5e8e0dd279_145.npz
1371,899a93c5e7a584b7903a16d4d1133c3a,train,training,straight,data/processed/waymo_e2e/training/899a93c5e7a584b7903a16d4d1133c3a_30.npz
1372,f70628a3233d1a6f2e992cb1c7190308,train,training,right-turn,data/processed/waymo_e2e/training/f70628a3233d1a6f2e992cb1c7190308_121.npz
1373,be8984758fc6fd263206d42e57b83cce,train,training,straight,data/processed/waymo_e2e/training/be8984758fc6fd263206d42e57b83cce_11.npz
1374,b2639a5cad2274a6df14516510d5b730,train,training,straight,data/processed/waymo_e2e/training/b2639a5cad2274a6df14516510d5b730_30.npz
1375,18c0ae126c6652d0ba9e03dbc2043046,train,training,straight,data/processed/waymo_e2e/training/18c0ae126c6652d0ba9e03dbc2043046_30.npz
1376,1cedf70d27f8efaa2881587849d7134a,val,training,left-turn,data/processed/waymo_e2e/training/1cedf70d27f8efaa2881587849d7134a_172.npz
1377,eb76b10c25148e0587398b9bdbb78871,val,training,right-turn,data/processed/waymo_e2e/training/eb76b10c25148e0587398b9bdbb78871_115.npz
1378,afd7afd2fd7fe02b65210917a8b65da5,val,training,straight,data/processed/waymo_e2e/training/afd7afd2fd7fe02b65210917a8b65da5_30.npz
1379,37ba76345836e5566857780c1b14b006,val,training,straight,data/processed/waymo_e2e/training/37ba76345836e5566857780c1b14b006_29.npz
1380,11d68b183960928432c0ab7af24ac86d,val,val,right-turn,data/processed/waymo_e2e/val/11d68b183960928432c0ab7af24ac86d_9.npz
1381,365f7bc85a59c58b7f3e0b6782750e7e,val,training,straight,data/processed/waymo_e2e/training/365f7bc85a59c58b7f3e0b6782750e7e_30.npz
1382,d640ac99d81542102f2a9f82f494cbf2,val,training,straight,data/processed/waymo_e2e/training/d640ac99d81542102f2a9f82f494cbf2_20.npz
1383,824b0c2b064079ffb7cee6c862e3109b,val,training,straight,data/processed/waymo_e2e/training/824b0c2b064079ffb7cee6c862e3109b_121.npz
1384,4259b098211c82350826ffa4ef42dba8,val,training,straight,data/processed/waymo_e2e/training/4259b098211c82350826ffa4ef42dba8_30.npz
1385,807a4d340b634681cd9d8043617a0a6a,val,training,right-turn,data/processed/waymo_e2e/training/807a4d340b634681cd9d8043617a0a6a_165.npz
1386,e7e0e015c535051158fc49b2a7fd4d42,val,training,left-turn,data/processed/waymo_e2e/training/e7e0e015c535051158fc49b2a7fd4d42_173.npz
1387,50346569068d0af2d9999b9d77740a0f,val,training,right-turn,data/processed/waymo_e2e/training/50346569068d0af2d9999b9d77740a0f_159.npz
1388,052646693411c39c146d51b5cb35de04,val,training,straight,data/processed/waymo_e2e/training/052646693411c39c146d51b5cb35de04_30.npz
1389,9418432e8e7fb5dfc34d6517e4e5a41e,val,val,straight,data/processed/waymo_e2e/val/9418432e8e7fb5dfc34d6517e4e5a41e_9.npz
1390,850898ae0bd1bcd555d297d34594bdae,val,training,right-turn,data/processed/waymo_e2e/training/850898ae0bd1bcd555d297d34594bdae_143.npz
1391,f00d6654ccb04eb03e6bebea1eb55218,val,training,straight,data/processed/waymo_e2e/training/f00d6654ccb04eb03e6bebea1eb55218_127.npz
1392,7d2869e8e38f056fd9781b0be049a10a,val,training,straight,data/processed/waymo_e2e/training/7d2869e8e38f056fd9781b0be049a10a_11.npz
1393,54a8d79d034d3de050a3f29351499731,val,val,right-turn,data/processed/waymo_e2e/val/54a8d79d034d3de050a3f29351499731_9.npz
1394,6fb27873b1c3fc99ed1c7572f5b5b9a1,val,training,straight,data/processed/waymo_e2e/training/6fb27873b1c3fc99ed1c7572f5b5b9a1_29.npz
1395,38abb0d354833b6b4ba4f6078bdb617d,val,training,right-turn,data/processed/waymo_e2e/training/38abb0d354833b6b4ba4f6078bdb617d_164.npz
1396,57d945efa763cb25af76b7b692c8da42,val,training,left-turn,data/processed/waymo_e2e/training/57d945efa763cb25af76b7b692c8da42_164.npz
1397,fb9b418bd431a53ce572d2d8f1e686d5,val,training,left-turn,data/processed/waymo_e2e/training/fb9b418bd431a53ce572d2d8f1e686d5_164.npz
1398,f2ab14c1f44a47795333b84d59b1a480,val,training,straight,data/processed/waymo_e2e/training/f2ab14c1f44a47795333b84d59b1a480_30.npz
1399,5944f9503867cbee2ede698e984d5e83,val,training,straight,data/processed/waymo_e2e/training/5944f9503867cbee2ede698e984d5e83_29.npz
1400,a281a9404dc88cd2b6d808e672e38411,val,training,right-turn,data/processed/waymo_e2e/training/a281a9404dc88cd2b6d808e672e38411_155.npz
1401,79aa0b7be0fe0a3b3f1345008d50f130,val,training,left-turn,data/processed/waymo_e2e/training/79aa0b7be0fe0a3b3f1345008d50f130_134.npz
1402,98aa96d0d85f74519fa48b4f306c66f9,val,training,straight,data/processed/waymo_e2e/training/98aa96d0d85f74519fa48b4f306c66f9_10.npz
1403,ad93d2e7c1f090736f3b0d9553ca7d84,val,training,straight,data/processed/waymo_e2e/training/ad93d2e7c1f090736f3b0d9553ca7d84_31.npz
1404,1902b2eddb83a40e264d3c72d2ee5861,val,training,straight,data/processed/waymo_e2e/training/1902b2eddb83a40e264d3c72d2ee5861_30.npz
1405,a295990d8c6fff16256d5dc1c44a7847,val,training,straight,data/processed/waymo_e2e/training/a295990d8c6fff16256d5dc1c44a7847_30.npz
1406,e61a9d3335a326f9244fa42800cbe907,val,training,left-turn,data/processed/waymo_e2e/training/e61a9d3335a326f9244fa42800cbe907_111.npz
1407,278d52342ba4898111f2ec0512a7a400,val,val,straight,data/processed/waymo_e2e/val/278d52342ba4898111f2ec0512a7a400_30.npz
1408,0de6fc5f7806174865415b024ff53dee,val,training,right-turn,data/processed/waymo_e2e/training/0de6fc5f7806174865415b024ff53dee_182.npz
1409,328ed314bdaee3b398e88c97a55c7172,val,training,straight,data/processed/waymo_e2e/training/328ed314bdaee3b398e88c97a55c7172_30.npz
1410,9ce7b71abce590697765a7cced245b89,val,val,right-turn,data/processed/waymo_e2e/val/9ce7b71abce590697765a7cced245b89_147.npz
1411,26c27b746c3ee0d1a76e04f8138fea3e,val,training,right-turn,data/processed/waymo_e2e/training/26c27b746c3ee0d1a76e04f8138fea3e_129.npz
1412,ef234de08b3b558f26331892e2d49802,val,training,straight,data/processed/waymo_e2e/training/ef234de08b3b558f26331892e2d49802_31.npz
1413,2453fa3b055c1fe5b06555e1efb66afa,val,training,straight,data/processed/waymo_e2e/training/2453fa3b055c1fe5b06555e1efb66afa_31.npz
1414,5e3a372b4f2d0f56cd6870bc8905a498,val,training,left-turn,data/processed/waymo_e2e/training/5e3a372b4f2d0f56cd6870bc8905a498_58.npz
1415,71dee7324da8bb9db22471dcccaf79da,val,training,straight,data/processed/waymo_e2e/training/71dee7324da8bb9db22471dcccaf79da_29.npz
1416,776eb5e2804f9718190efdfb4e8fa680,val,training,straight,data/processed/waymo_e2e/training/776eb5e2804f9718190efdfb4e8fa680_10.npz
1417,09dce07c16adc23fd7ea2c4282587489,val,val,right-turn,data/processed/waymo_e2e/val/09dce07c16adc23fd7ea2c4282587489_10.npz
1418,a98593b5f1acd078694542614ac5d55b,val,val,right-turn,data/processed/waymo_e2e/val/a98593b5f1acd078694542614ac5d55b_86.npz
1419,27729c149f08557d0bee5443ecf91e54,val,training,left-turn,data/processed/waymo_e2e/training/27729c149f08557d0bee5443ecf91e54_60.npz
1420,61f9387ee5b77c75868e058b6c3b201a,val,training,straight,data/processed/waymo_e2e/training/61f9387ee5b77c75868e058b6c3b201a_104.npz
1421,2e6afee0ca92865fb6c62a70ebb9b585,val,training,straight,data/processed/waymo_e2e/training/2e6afee0ca92865fb6c62a70ebb9b585_11.npz
1422,571245afe3f9e14d601fa879d6399f78,val,training,right-turn,data/processed/waymo_e2e/training/571245afe3f9e14d601fa879d6399f78_222.npz
1423,cde61894a2404363ce0d955036eede9a,val,training,left-turn,data/processed/waymo_e2e/training/cde61894a2404363ce0d955036eede9a_156.npz
1424,95d5b62454366d5c86c21338889d397b,val,val,right-turn,data/processed/waymo_e2e/val/95d5b62454366d5c86c21338889d397b_138.npz
1425,d0476628b8e70af838f6a186c04c0264,val,training,left-turn,data/processed/waymo_e2e/training/d0476628b8e70af838f6a186c04c0264_115.npz
1426,94e7b78ef566545091c7baa264569cc7,val,training,left-turn,data/processed/waymo_e2e/training/94e7b78ef566545091c7baa264569cc7_165.npz
1427,851eb1ba391495a18cf3d7371e32924b,val,training,left-turn,data/processed/waymo_e2e/training/851eb1ba391495a18cf3d7371e32924b_153.npz
1428,9a94195c5920767a594ba401db476493,val,training,straight,data/processed/waymo_e2e/training/9a94195c5920767a594ba401db476493_31.npz
1429,55d985cefcd4d23075fb40381d021f4a,val,training,right-turn,data/processed/waymo_e2e/training/55d985cefcd4d23075fb40381d021f4a_125.npz
1430,8f8d0a6d38a096c93301d38ec509e1fd,val,val,right-turn,data/processed/waymo_e2e/val/8f8d0a6d38a096c93301d38ec509e1fd_74.npz
1431,f4ff3730f823c402a3db17cca374f400,val,training,straight,data/processed/waymo_e2e/training/f4ff3730f823c402a3db17cca374f400_95.npz
1432,41b9d9675d8be0f31dbb71d399472369,val,training,left-turn,data/processed/waymo_e2e/training/41b9d9675d8be0f31dbb71d399472369_148.npz
1433,1a83990d75dfae47d52f0dfb029ac7ed,val,training,straight,data/processed/waymo_e2e/training/1a83990d75dfae47d52f0dfb029ac7ed_29.npz
1434,a5ba29a4926f72fd0c0af6deb83dd19e,val,val,straight,data/processed/waymo_e2e/val/a5ba29a4926f72fd0c0af6deb83dd19e_106.npz
1435,4869a00441283625e8e35c90ffc17f35,val,training,straight,data/processed/waymo_e2e/training/4869a00441283625e8e35c90ffc17f35_30.npz
1436,6c1968916f97cf11f599d7a2f87827d0,val,training,right-turn,data/processed/waymo_e2e/training/6c1968916f97cf11f599d7a2f87827d0_138.npz
1437,01b9b90b0f7980a89e552db1796366db,val,training,straight,data/processed/waymo_e2e/training/01b9b90b0f7980a89e552db1796366db_10.npz
1438,3158a007c7369bd8306176cd7fbdaeb5,val,training,straight,data/processed/waymo_e2e/training/3158a007c7369bd8306176cd7fbdaeb5_30.npz
1439,068cc278d6233a3dc18967eac693015c,val,training,right-turn,data/processed/waymo_e2e/training/068cc278d6233a3dc18967eac693015c_167.npz
1440,d44c735c39a2d7be642feeb44ba63f58,val,training,straight,data/processed/waymo_e2e/training/d44c735c39a2d7be642feeb44ba63f58_103.npz
1441,8c59d32c7e833e82fcd8989807751717,val,training,right-turn,data/processed/waymo_e2e/training/8c59d32c7e833e82fcd8989807751717_30.npz
1442,ded51faa896f83eda0e08bea7c8754e6,val,training,right-turn,data/processed/waymo_e2e/training/ded51faa896f83eda0e08bea7c8754e6_26.npz
1443,d67888e6a581bc1e107849649a321668,val,training,straight,data/processed/waymo_e2e/training/d67888e6a581bc1e107849649a321668_30.npz
1444,af389c6a978f47f8a686731131d6e48d,val,training,straight,data/processed/waymo_e2e/training/af389c6a978f47f8a686731131d6e48d_29.npz
1445,e1cc1421ce4e0a2317bc34a3957a1eb0,val,training,straight,data/processed/waymo_e2e/training/e1cc1421ce4e0a2317bc34a3957a1eb0_31.npz
1446,6c7431d34c6773ef83e31d1938e2a256,val,training,right-turn,data/processed/waymo_e2e/training/6c7431d34c6773ef83e31d1938e2a256_134.npz
1447,bec283b8c2ae2f27383c32417a09d386,val,training,right-turn,data/processed/waymo_e2e/training/bec283b8c2ae2f27383c32417a09d386_89.npz
1448,23144ff88cc96b7622b5f47ed542b51c,val,training,straight,data/processed/waymo_e2e/training/23144ff88cc96b7622b5f47ed542b51c_9.npz
1449,37c2b40d8b7866ba75a633f0d3d9c1b9,val,training,straight,data/processed/waymo_e2e/training/37c2b40d8b7866ba75a633f0d3d9c1b9_29.npz
1450,100319677a54bfbac8b95afecfa306eb,val,training,straight,data/processed/waymo_e2e/training/100319677a54bfbac8b95afecfa306eb_30.npz
1451,93dfbc9ce57bbf20fce54edd0e4bc23b,val,training,left-turn,data/processed/waymo_e2e/training/93dfbc9ce57bbf20fce54edd0e4bc23b_31.npz
1452,bab690b7f4d0fedc60106b731754b6ec,val,training,left-turn,data/processed/waymo_e2e/training/bab690b7f4d0fedc60106b731754b6ec_39.npz
1453,b59261e0ee034e857bcc13fc7f07acc8,val,training,right-turn,data/processed/waymo_e2e/training/b59261e0ee034e857bcc13fc7f07acc8_41.npz
1454,08e117dde1161b59e021d9a7f6d182e4,val,training,right-turn,data/processed/waymo_e2e/training/08e117dde1161b59e021d9a7f6d182e4_127.npz
1455,d345c2db7a86ef74e747001b234d4d62,val,training,left-turn,data/processed/waymo_e2e/training/d345c2db7a86ef74e747001b234d4d62_157.npz
1456,f7f1aac198c7080e1196d69b15262259,val,training,straight,data/processed/waymo_e2e/training/f7f1aac198c7080e1196d69b15262259_30.npz
1457,b3c53b14746cce13a1ade988378276b7,val,val,right-turn,data/processed/waymo_e2e/val/b3c53b14746cce13a1ade988378276b7_181.npz
1458,dabf8b9da830f1ab1556178a056a976d,val,val,straight,data/processed/waymo_e2e/val/dabf8b9da830f1ab1556178a056a976d_9.npz
1459,0f4659cb60eb67782862440c2009806c,val,training,right-turn,data/processed/waymo_e2e/training/0f4659cb60eb67782862440c2009806c_10.npz
1460,dc4023e648118b4be2bc3fd284e94a55,val,training,right-turn,data/processed/waymo_e2e/training/dc4023e648118b4be2bc3fd284e94a55_145.npz
1461,2be37a03c653b55bf6db7e0701313015,val,training,straight,data/processed/waymo_e2e/training/2be37a03c653b55bf6db7e0701313015_30.npz
1462,dc495d6f805300f0b33440a31387812b,val,training,right-turn,data/processed/waymo_e2e/training/dc495d6f805300f0b33440a31387812b_151.npz
1463,3008bcb2457bb5625988469c49e5cbef,val,training,right-turn,data/processed/waymo_e2e/training/3008bcb2457bb5625988469c49e5cbef_74.npz
1464,cb8b8994cca163459de6e77c23873ace,val,training,straight,data/processed/waymo_e2e/training/cb8b8994cca163459de6e77c23873ace_30.npz
1465,4845950d22ecca0828ca7371af78ae7a,val,training,straight,data/processed/waymo_e2e/training/4845950d22ecca0828ca7371af78ae7a_10.npz
1466,9f5e2afdb4c2e07b539064d29a2b11b6,val,training,left-turn,data/processed/waymo_e2e/training/9f5e2afdb4c2e07b539064d29a2b11b6_130.npz
1467,5839bca2902ce3143304e9960316e1b4,val,training,right-turn,data/processed/waymo_e2e/training/5839bca2902ce3143304e9960316e1b4_73.npz
1468,69a0a14a81c5bb776963749d2b632825,val,training,straight,data/processed/waymo_e2e/training/69a0a14a81c5bb776963749d2b632825_30.npz
1469,508be8ec1854ec7d7182bb4e554def31,val,training,right-turn,data/processed/waymo_e2e/training/508be8ec1854ec7d7182bb4e554def31_30.npz
1470,6c72aef9bd1f4dc77c4073730204366d,val,training,right-turn,data/processed/waymo_e2e/training/6c72aef9bd1f4dc77c4073730204366d_29.npz
1471,33082709eb027227a35b30f4190e0e0f,val,training,straight,data/processed/waymo_e2e/training/33082709eb027227a35b30f4190e0e0f_30.npz
1472,81c1ca6b646fb029f70eb6ecfc7221a7,val,training,right-turn,data/processed/waymo_e2e/training/81c1ca6b646fb029f70eb6ecfc7221a7_72.npz
1473,63ca72786d681923b7019f239187419a,val,training,right-turn,data/processed/waymo_e2e/training/63ca72786d681923b7019f239187419a_152.npz
1474,4641b2464046b34e9c2a1716a1e8c2db,val,training,straight,data/processed/waymo_e2e/training/4641b2464046b34e9c2a1716a1e8c2db_30.npz
1475,2640f9488737de42bd020ffa712c4e56,val,training,left-turn,data/processed/waymo_e2e/training/2640f9488737de42bd020ffa712c4e56_69.npz
1476,abff31233e93b7b72a9cf9bdb6bd90b6,val,training,left-turn,data/processed/waymo_e2e/training/abff31233e93b7b72a9cf9bdb6bd90b6_163.npz
1477,191ed6f62a0f4d1c23107f8f4939f153,val,training,straight,data/processed/waymo_e2e/training/191ed6f62a0f4d1c23107f8f4939f153_30.npz
1478,1b633bce0a073f7dcb362c26285ee3e0,val,training,left-turn,data/processed/waymo_e2e/training/1b633bce0a073f7dcb362c26285ee3e0_146.npz
1479,adb2130fe01fe90730816f9c8a973b2b,val,training,left-turn,data/processed/waymo_e2e/training/adb2130fe01fe90730816f9c8a973b2b_77.npz
1480,4b5bcff2268cd976db4400270c75e2bf,val,training,right-turn,data/processed/waymo_e2e/training/4b5bcff2268cd976db4400270c75e2bf_150.npz
1481,b133d00cefd6165ea927fdbaa8db5e54,val,val,straight,data/processed/waymo_e2e/val/b133d00cefd6165ea927fdbaa8db5e54_10.npz
1482,a69fbdf070cc06c0ff14e5f2117fba0b,val,training,left-turn,data/processed/waymo_e2e/training/a69fbdf070cc06c0ff14e5f2117fba0b_83.npz
1483,70fb08ecc8b64d4755130319dd5e4151,val,training,straight,data/processed/waymo_e2e/training/70fb08ecc8b64d4755130319dd5e4151_30.npz
1484,10fa32ccd61d791a8bd8b33fcae2189c,val,training,right-turn,data/processed/waymo_e2e/training/10fa32ccd61d791a8bd8b33fcae2189c_22.npz
1485,fa3deaf57d0df0e3057722177a5e27fc,val,val,right-turn,data/processed/waymo_e2e/val/fa3deaf57d0df0e3057722177a5e27fc_10.npz
1486,2172e29e7d46d8281562f33376b2171a,val,training,right-turn,data/processed/waymo_e2e/training/2172e29e7d46d8281562f33376b2171a_90.npz
1487,3b0db7279d0e346cd3a71f5e55969ac0,val,training,left-turn,data/processed/waymo_e2e/training/3b0db7279d0e346cd3a71f5e55969ac0_29.npz
1488,43c8aaf2870a7d5864dbc57e83749a11,val,training,straight,data/processed/waymo_e2e/training/43c8aaf2870a7d5864dbc57e83749a11_31.npz
1489,9881619cce29255300626157a1a5b032,val,training,straight,data/processed/waymo_e2e/training/9881619cce29255300626157a1a5b032_61.npz
1490,6499f70efeb6f46147f2026a7dd79069,val,training,straight,data/processed/waymo_e2e/training/6499f70efeb6f46147f2026a7dd79069_10.npz
1491,44c94c0119f575d93542ddbce114e4e9,val,val,left-turn,data/processed/waymo_e2e/val/44c94c0119f575d93542ddbce114e4e9_147.npz
1492,6c96c45f414e3570f93d29c9c2117d80,val,val,right-turn,data/processed/waymo_e2e/val/6c96c45f414e3570f93d29c9c2117d80_175.npz
1493,cbf26d3d1f79e82aaadccc1de8035892,val,training,straight,data/processed/waymo_e2e/training/cbf26d3d1f79e82aaadccc1de8035892_30.npz
1494,b998f24ead4a6fddb7a4f3a109b6e77a,val,training,left-turn,data/processed/waymo_e2e/training/b998f24ead4a6fddb7a4f3a109b6e77a_105.npz
1495,4283302e5ea09d4075326c691bb64425,val,training,straight,data/processed/waymo_e2e/training/4283302e5ea09d4075326c691bb64425_120.npz
1496,b40eb656c0a2765e0c21fc39d7a85c3a,val,training,straight,data/processed/waymo_e2e/training/b40eb656c0a2765e0c21fc39d7a85c3a_30.npz
1497,e60a31d12b71e88329f5596545818027,val,training,straight,data/processed/waymo_e2e/training/e60a31d12b71e88329f5596545818027_130.npz
1498,eb3f134344b631229335bff69e700218,val,training,right-turn,data/processed/waymo_e2e/training/eb3f134344b631229335bff69e700218_138.npz
1499,d77883ffa3c476ffe71f1694ae982ebe,val,training,right-turn,data/processed/waymo_e2e/training/d77883ffa3c476ffe71f1694ae982ebe_81.npz
1500,b1401c1371c532f96fe11678e636efa1,val,training,straight,data/processed/waymo_e2e/training/b1401c1371c532f96fe11678e636efa1_9.npz
1501,68a724de5d8c65882e1d2a1537231b10,val,training,right-turn,data/processed/waymo_e2e/training/68a724de5d8c65882e1d2a1537231b10_159.npz
1502,64a2e582201ccd3b06b683ca6e3332dd,val,training,straight,data/processed/waymo_e2e/training/64a2e582201ccd3b06b683ca6e3332dd_111.npz
1503,1f0a3239a30e49f83c8c984fcd27a733,val,training,left-turn,data/processed/waymo_e2e/training/1f0a3239a30e49f83c8c984fcd27a733_54.npz
1504,1bd3a510a00a6764f2ca0c08d2635c92,val,val,left-turn,data/processed/waymo_e2e/val/1bd3a510a00a6764f2ca0c08d2635c92_38.npz
1505,5049033e08a7c00b0d77ffabf8181837,val,training,right-turn,data/processed/waymo_e2e/training/5049033e08a7c00b0d77ffabf8181837_128.npz
1506,4d279c1e6f3220a3b594bd085b91e7cf,val,val,straight,data/processed/waymo_e2e/val/4d279c1e6f3220a3b594bd085b91e7cf_11.npz
1507,4fbf3445fba58dc61068d6ce29b4bba1,val,training,straight,data/processed/waymo_e2e/training/4fbf3445fba58dc61068d6ce29b4bba1_30.npz
1508,5d36c48a0b7f2e0feefc27c7d8efbf9f,val,training,right-turn,data/processed/waymo_e2e/training/5d36c48a0b7f2e0feefc27c7d8efbf9f_142.npz
1509,947f6fe3e8c4c6ad4805e1017655e6a0,val,training,left-turn,data/processed/waymo_e2e/training/947f6fe3e8c4c6ad4805e1017655e6a0_117.npz
1510,66f8fecc2fa9a42feeb7617bced04b0c,val,training,left-turn,data/processed/waymo_e2e/training/66f8fecc2fa9a42feeb7617bced04b0c_135.npz
1511,b9f6c1e72bc6fc25b67e1501aefa8126,val,training,straight,data/processed/waymo_e2e/training/b9f6c1e72bc6fc25b67e1501aefa8126_30.npz
1512,abb17f0dedb9a1524daba6685e97ae59,val,training,left-turn,data/processed/waymo_e2e/training/abb17f0dedb9a1524daba6685e97ae59_210.npz
1513,0fe905bcab227d1939f372e1d0badd4e,val,training,left-turn,data/processed/waymo_e2e/training/0fe905bcab227d1939f372e1d0badd4e_28.npz
1514,7d6dae9cb89ff102a48699b2d817cbb2,val,training,right-turn,data/processed/waymo_e2e/training/7d6dae9cb89ff102a48699b2d817cbb2_229.npz
1515,938fcfcff7d05958e956bfefabff0f42,val,training,left-turn,data/processed/waymo_e2e/training/938fcfcff7d05958e956bfefabff0f42_31.npz
1516,94bef9fb3ff97dbb5353f7e825cb22cf,val,training,straight,data/processed/waymo_e2e/training/94bef9fb3ff97dbb5353f7e825cb22cf_20.npz
1517,8b999e0ead4c0944f58ad648e1d7ca3f,val,training,straight,data/processed/waymo_e2e/training/8b999e0ead4c0944f58ad648e1d7ca3f_30.npz
1518,fe64be81fe42f8a9a901da26ba0179c1,val,val,left-turn,data/processed/waymo_e2e/val/fe64be81fe42f8a9a901da26ba0179c1_199.npz
1519,d8e15a46d508599b71f95cc838a0940f,val,training,right-turn,data/processed/waymo_e2e/training/d8e15a46d508599b71f95cc838a0940f_60.npz
1520,7d9554c1aaf6fc56fc754fc8ddf76ea5,val,training,straight,data/processed/waymo_e2e/training/7d9554c1aaf6fc56fc754fc8ddf76ea5_31.npz
1521,211d8a56f423918c49b838a544050064,val,training,straight,data/processed/waymo_e2e/training/211d8a56f423918c49b838a544050064_11.npz
1522,6d2556548b36274db8d073ef6c240ace,val,val,left-turn,data/processed/waymo_e2e/val/6d2556548b36274db8d073ef6c240ace_135.npz
1523,2977e07f20cd30de8a2359a5ace8cfd8,val,training,straight,data/processed/waymo_e2e/training/2977e07f20cd30de8a2359a5ace8cfd8_31.npz
1524,7404ea2577fa188f35f43a3e0713f717,val,training,left-turn,data/processed/waymo_e2e/training/7404ea2577fa188f35f43a3e0713f717_94.npz
1525,05e1f9ef75f7e47d67f096e05d167dcb,val,val,straight,data/processed/waymo_e2e/val/05e1f9ef75f7e47d67f096e05d167dcb_10.npz
1526,75a45f53c35b417dc8d59eb5a9dbd5a1,val,training,right-turn,data/processed/waymo_e2e/training/75a45f53c35b417dc8d59eb5a9dbd5a1_186.npz
1527,5b26936d795b16f5283c2385d9b891cc,val,training,right-turn,data/processed/waymo_e2e/training/5b26936d795b16f5283c2385d9b891cc_76.npz
1528,beaf6bb3abc12debe17dfc52cd8f4ec4,val,training,straight,data/processed/waymo_e2e/training/beaf6bb3abc12debe17dfc52cd8f4ec4_30.npz
1529,ca4c6bfb5353b4f501e74c9883d13d3a,val,training,left-turn,data/processed/waymo_e2e/training/ca4c6bfb5353b4f501e74c9883d13d3a_40.npz
1530,933effd47d45111d816bc815be505761,val,training,left-turn,data/processed/waymo_e2e/training/933effd47d45111d816bc815be505761_30.npz
1531,545c2fe62ab8e234a93a36dbf48440ee,val,training,straight,data/processed/waymo_e2e/training/545c2fe62ab8e234a93a36dbf48440ee_10.npz
1532,f154a9a535109b972a58a169bbfa1a41,val,val,straight,data/processed/waymo_e2e/val/f154a9a535109b972a58a169bbfa1a41_29.npz
1533,d5f5142bc3eb8c87eb2ee25c97601c79,val,training,right-turn,data/processed/waymo_e2e/training/d5f5142bc3eb8c87eb2ee25c97601c79_15.npz
1534,36cbc84552200f0982d853310d68506b,val,training,left-turn,data/processed/waymo_e2e/training/36cbc84552200f0982d853310d68506b_113.npz
1535,815561360bf3731eb6382bae61aa0951,val,training,right-turn,data/processed/waymo_e2e/training/815561360bf3731eb6382bae61aa0951_30.npz
1536,2309be55d6d08e8d7ee28b702dcb2050,val,training,left-turn,data/processed/waymo_e2e/training/2309be55d6d08e8d7ee28b702dcb2050_129.npz
1537,47d66149c4407b0a70d0c926de7fb142,val,training,left-turn,data/processed/waymo_e2e/training/47d66149c4407b0a70d0c926de7fb142_75.npz
1538,517edb9d2be14368685cc9f6184e9afe,val,val,straight,data/processed/waymo_e2e/val/517edb9d2be14368685cc9f6184e9afe_10.npz
1539,a747983d83d7aa6d985de219a3984a12,val,training,straight,data/processed/waymo_e2e/training/a747983d83d7aa6d985de219a3984a12_110.npz
1540,cd160d27605d872eb7850224e0f66a68,val,training,straight,data/processed/waymo_e2e/training/cd160d27605d872eb7850224e0f66a68_31.npz
1541,241e6e041eacfe34b21cde7b630c270c,val,val,straight,data/processed/waymo_e2e/val/241e6e041eacfe34b21cde7b630c270c_9.npz
1542,c449ffdae97cba80dd23c73e3d68fe3e,val,training,straight,data/processed/waymo_e2e/training/c449ffdae97cba80dd23c73e3d68fe3e_30.npz
1543,e8b25925011d4dffe7b23758da22a807,val,training,left-turn,data/processed/waymo_e2e/training/e8b25925011d4dffe7b23758da22a807_68.npz
1544,a9d28c43ea1d48e94fce413ecf10d17c,val,val,straight,data/processed/waymo_e2e/val/a9d28c43ea1d48e94fce413ecf10d17c_10.npz
1545,3c7bc646ab9da9db9219330d23d8ba9f,val,training,right-turn,data/processed/waymo_e2e/training/3c7bc646ab9da9db9219330d23d8ba9f_155.npz
1546,650600741684c633369b61e2aa2cf40e,val,training,right-turn,data/processed/waymo_e2e/training/650600741684c633369b61e2aa2cf40e_193.npz
1547,8ea4ba08f5582f3010f50e7fd9b52603,val,training,right-turn,data/processed/waymo_e2e/training/8ea4ba08f5582f3010f50e7fd9b52603_179.npz
1548,84176c12e42e81a20ebf80779ce39657,val,training,left-turn,data/processed/waymo_e2e/training/84176c12e42e81a20ebf80779ce39657_150.npz
1549,1d3ef1b55232db82707cac69547c65ff,val,training,straight,data/processed/waymo_e2e/training/1d3ef1b55232db82707cac69547c65ff_30.npz
1550,2267328650d42a2ad8ed7fb162512c15,val,training,left-turn,data/processed/waymo_e2e/training/2267328650d42a2ad8ed7fb162512c15_152.npz
1551,f8e6c441856e3e6cec334e8b17ba451d,val,training,straight,data/processed/waymo_e2e/training/f8e6c441856e3e6cec334e8b17ba451d_30.npz
1552,098b425586b45f255163e72284636aac,val,training,left-turn,data/processed/waymo_e2e/training/098b425586b45f255163e72284636aac_9.npz
1553,282f018e914e96fa3336d75ef304b750,val,training,straight,data/processed/waymo_e2e/training/282f018e914e96fa3336d75ef304b750_30.npz
1554,739995ffe7e93704a67c13b280195052,val,val,left-turn,data/processed/waymo_e2e/val/739995ffe7e93704a67c13b280195052_155.npz
1555,a1a8bf2ad677fe2b594e447affccf186,val,val,straight,data/processed/waymo_e2e/val/a1a8bf2ad677fe2b594e447affccf186_29.npz
1556,ec90d1e468f84f2c6392a4dd983bad09,val,training,straight,data/processed/waymo_e2e/training/ec90d1e468f84f2c6392a4dd983bad09_29.npz
1557,099d23d258b298bb20e46a12dd21d7d3,val,training,straight,data/processed/waymo_e2e/training/099d23d258b298bb20e46a12dd21d7d3_11.npz
1558,e76895cdbef0dbeda92be0ac7b345a0c,val,training,right-turn,data/processed/waymo_e2e/training/e76895cdbef0dbeda92be0ac7b345a0c_147.npz
1559,8b6660a0653c8339753d8db89299e308,val,val,left-turn,data/processed/waymo_e2e/val/8b6660a0653c8339753d8db89299e308_147.npz
1560,9b61a09fbe9461c2ab3109bfd920481c,val,training,left-turn,data/processed/waymo_e2e/training/9b61a09fbe9461c2ab3109bfd920481c_145.npz
1561,15fbc8d29c7874eceef3710d8da455a1,val,training,straight,data/processed/waymo_e2e/training/15fbc8d29c7874eceef3710d8da455a1_126.npz
1562,b97fcd76b1463610788909801a971eaa,val,training,straight,data/processed/waymo_e2e/training/b97fcd76b1463610788909801a971eaa_31.npz
1563,4c6d1f08f74e4db1a494ccf73279d5f2,val,training,straight,data/processed/waymo_e2e/training/4c6d1f08f74e4db1a494ccf73279d5f2_132.npz
1564,92b3a73baf39affe02df7c62fc105f47,val,val,left-turn,data/processed/waymo_e2e/val/92b3a73baf39affe02df7c62fc105f47_140.npz
1565,fb4fdcdf21a04aa3531df3df83e7d711,val,training,right-turn,data/processed/waymo_e2e/training/fb4fdcdf21a04aa3531df3df83e7d711_82.npz
1566,183fa0374e66a39d551e6336115aedf6,val,val,straight,data/processed/waymo_e2e/val/183fa0374e66a39d551e6336115aedf6_10.npz
1567,6dc9d9519644766bea21dc5549437466,val,training,right-turn,data/processed/waymo_e2e/training/6dc9d9519644766bea21dc5549437466_29.npz
1568,a4a9b131ce4bec4b2bc8f43547295bfb,val,training,right-turn,data/processed/waymo_e2e/training/a4a9b131ce4bec4b2bc8f43547295bfb_155.npz
1569,b7283b3228bb456a05573bb74c1411d1,val,val,right-turn,data/processed/waymo_e2e/val/b7283b3228bb456a05573bb74c1411d1_140.npz
1570,2f7f1d5b53fae5fd643c0ada046d7f3a,val,val,left-turn,data/processed/waymo_e2e/val/2f7f1d5b53fae5fd643c0ada046d7f3a_142.npz
1571,d172e48d29f1d3b1b0c2f371545051fc,val,training,straight,data/processed/waymo_e2e/training/d172e48d29f1d3b1b0c2f371545051fc_30.npz
1572,e33c1184c95b28e881f136535562e765,val,training,straight,data/processed/waymo_e2e/training/e33c1184c95b28e881f136535562e765_29.npz
1573,5934e42d9ea6a90094eff972eb6d7e4d,val,val,straight,data/processed/waymo_e2e/val/5934e42d9ea6a90094eff972eb6d7e4d_11.npz
1574,de4b707a9123afae541c420c5edd5842,val,training,straight,data/processed/waymo_e2e/training/de4b707a9123afae541c420c5edd5842_93.npz
1575,a72707e8b188cea7d5724aaf76dda5f3,val,val,left-turn,data/processed/waymo_e2e/val/a72707e8b188cea7d5724aaf76dda5f3_144.npz
1576,e6ee24773c31dd8e32c0e07785f4c02b,val,training,straight,data/processed/waymo_e2e/training/e6ee24773c31dd8e32c0e07785f4c02b_31.npz
1577,23f709721e947abbce80b1f972ae2e34,val,training,right-turn,data/processed/waymo_e2e/training/23f709721e947abbce80b1f972ae2e34_10.npz
1578,9a347edd750b8d6d42c5344630f31c34,val,training,right-turn,data/processed/waymo_e2e/training/9a347edd750b8d6d42c5344630f31c34_166.npz
1579,3d998d6cebac60243a63ecb4bf2baf2e,val,training,straight,data/processed/waymo_e2e/training/3d998d6cebac60243a63ecb4bf2baf2e_30.npz
1580,0271d4de361e98d810da73f755daa4e0,val,training,straight,data/processed/waymo_e2e/training/0271d4de361e98d810da73f755daa4e0_124.npz
1581,55109072557e312d5d61e6c778fd014f,val,training,left-turn,data/processed/waymo_e2e/training/55109072557e312d5d61e6c778fd014f_180.npz
1582,e8dfcc593f0120cb77a255d5b43bb320,val,training,right-turn,data/processed/waymo_e2e/training/e8dfcc593f0120cb77a255d5b43bb320_31.npz
1583,3b0ae1df17333ccb8dd1e9bd24825de9,val,training,right-turn,data/processed/waymo_e2e/training/3b0ae1df17333ccb8dd1e9bd24825de9_29.npz
1584,6ce40e45638c50f276bee2648c74b608,val,val,straight,data/processed/waymo_e2e/val/6ce40e45638c50f276bee2648c74b608_30.npz
1585,dd6bd18815e5700bbcea8f0f93868f9e,val,training,straight,data/processed/waymo_e2e/training/dd6bd18815e5700bbcea8f0f93868f9e_31.npz
1586,ff009fdec78b5305453664e3c5174460,val,training,right-turn,data/processed/waymo_e2e/training/ff009fdec78b5305453664e3c5174460_67.npz
1587,1cfa05b3a650cb7d9ac39219d7df121d,val,training,straight,data/processed/waymo_e2e/training/1cfa05b3a650cb7d9ac39219d7df121d_30.npz
1588,05880d1cc5c996ae371bd53bb8a941c3,val,training,right-turn,data/processed/waymo_e2e/training/05880d1cc5c996ae371bd53bb8a941c3_216.npz
1589,3863d816ff1b1aa7a40de54c4ba821eb,val,val,left-turn,data/processed/waymo_e2e/val/3863d816ff1b1aa7a40de54c4ba821eb_52.npz
1590,3efb1579d38812e51084594aaf867cf4,val,training,straight,data/processed/waymo_e2e/training/3efb1579d38812e51084594aaf867cf4_74.npz
1591,3c243f1b8d4b859587b48377893a7512,val,val,right-turn,data/processed/waymo_e2e/val/3c243f1b8d4b859587b48377893a7512_84.npz
1592,d5a542df464004d76568e3ea694133bf,val,val,right-turn,data/processed/waymo_e2e/val/d5a542df464004d76568e3ea694133bf_10.npz
1593,0c7a4d13870e35461a22112db12d425b,val,training,left-turn,data/processed/waymo_e2e/training/0c7a4d13870e35461a22112db12d425b_115.npz
1594,4f9d8f8e37d3fbb5cf6d101aff958f27,val,val,straight,data/processed/waymo_e2e/val/4f9d8f8e37d3fbb5cf6d101aff958f27_9.npz
1595,4ae58eefdc84c8644518fced9f5eb2d0,val,training,straight,data/processed/waymo_e2e/training/4ae58eefdc84c8644518fced9f5eb2d0_31.npz
1596,1bd1ad820a990c950cef9aaf2f68c843,val,training,right-turn,data/processed/waymo_e2e/training/1bd1ad820a990c950cef9aaf2f68c843_219.npz
1597,47e3d70005cb1e8a7ec489b28b55ba8b,val,training,left-turn,data/processed/waymo_e2e/training/47e3d70005cb1e8a7ec489b28b55ba8b_31.npz
1598,385689c856ea095253c84f4eeb9dc6f5,val,training,straight,data/processed/waymo_e2e/training/385689c856ea095253c84f4eeb9dc6f5_10.npz
1599,6721e108761f2234ab1c5c3058849892,val,training,straight,data/processed/waymo_e2e/training/6721e108761f2234ab1c5c3058849892_30.npz
1600,2310c70858fbfedec4e126e1ac06f4b6,val,training,straight,data/processed/waymo_e2e/training/2310c70858fbfedec4e126e1ac06f4b6_9.npz
1601,6c8b31ec351e58a4148d404ad95b110c,val,training,straight,data/processed/waymo_e2e/training/6c8b31ec351e58a4148d404ad95b110c_30.npz
1602,d903220fc93d2d3fa647d49e0e6a5844,val,training,straight,data/processed/waymo_e2e/training/d903220fc93d2d3fa647d49e0e6a5844_29.npz
1603,dfce31eddd186ed13efa86446b6671c9,val,val,right-turn,data/processed/waymo_e2e/val/dfce31eddd186ed13efa86446b6671c9_165.npz
1604,83d76ae8fc7fb5089bd355fa5a1cade9,val,val,straight,data/processed/waymo_e2e/val/83d76ae8fc7fb5089bd355fa5a1cade9_31.npz
1605,05d15eac0d51c16c8eb6bf43c23c705e,val,training,straight,data/processed/waymo_e2e/training/05d15eac0d51c16c8eb6bf43c23c705e_10.npz
1606,90567bc808eff2209e116c2160df08dd,val,training,right-turn,data/processed/waymo_e2e/training/90567bc808eff2209e116c2160df08dd_171.npz
1607,c2c371419a54d38d3e7b7fd36e95ab31,val,training,straight,data/processed/waymo_e2e/training/c2c371419a54d38d3e7b7fd36e95ab31_29.npz
1608,f09efb42934c6c14170004b74e6a54f3,val,training,right-turn,data/processed/waymo_e2e/training/f09efb42934c6c14170004b74e6a54f3_181.npz
1609,a592a1e4ce0911a0defda98a53b549fe,val,training,straight,data/processed/waymo_e2e/training/a592a1e4ce0911a0defda98a53b549fe_30.npz
1610,48b423002fd1b8726ba21dba82bd1e75,val,training,straight,data/processed/waymo_e2e/training/48b423002fd1b8726ba21dba82bd1e75_120.npz
1611,a1fb37e8cacbbdaaf3136109f7998c11,val,training,right-turn,data/processed/waymo_e2e/training/a1fb37e8cacbbdaaf3136109f7998c11_30.npz
1612,886e67d0373bd803094d1fa840651695,val,val,straight,data/processed/waymo_e2e/val/886e67d0373bd803094d1fa840651695_9.npz
1613,c8aedd82b4e1c74c9f3451c6e1e882f4,val,training,left-turn,data/processed/waymo_e2e/training/c8aedd82b4e1c74c9f3451c6e1e882f4_171.npz
1614,4fe50a077365cafbfd8cc0778110391c,val,val,right-turn,data/processed/waymo_e2e/val/4fe50a077365cafbfd8cc0778110391c_193.npz
1615,2e8e82bb03417bb953b44e1e345447a5,val,training,left-turn,data/processed/waymo_e2e/training/2e8e82bb03417bb953b44e1e345447a5_11.npz
1616,64790e5b45cd368a61ea0984ad4f1a41,val,training,left-turn,data/processed/waymo_e2e/training/64790e5b45cd368a61ea0984ad4f1a41_162.npz
1617,f5fbde703de95a5b9f373190f5d8c52b,val,training,right-turn,data/processed/waymo_e2e/training/f5fbde703de95a5b9f373190f5d8c52b_60.npz
1618,845e7da1fdfbd8c8d758a373ed55f029,val,training,left-turn,data/processed/waymo_e2e/training/845e7da1fdfbd8c8d758a373ed55f029_40.npz
1619,1a7fc894c7a149d01cc35f977c8c2f15,val,training,straight,data/processed/waymo_e2e/training/1a7fc894c7a149d01cc35f977c8c2f15_30.npz
1620,1d3625f54dfa3fd2b5ca90718dce0500,val,training,right-turn,data/processed/waymo_e2e/training/1d3625f54dfa3fd2b5ca90718dce0500_32.npz
1621,38d06fbd3ccc7b1862282c0f3132affb,val,training,right-turn,data/processed/waymo_e2e/training/38d06fbd3ccc7b1862282c0f3132affb_58.npz
1622,633acd4421856b5f46c775bd53d4502a,val,training,straight,data/processed/waymo_e2e/training/633acd4421856b5f46c775bd53d4502a_30.npz
1623,f9c40b3c806bee54feb87c27c49731e3,val,training,right-turn,data/processed/waymo_e2e/training/f9c40b3c806bee54feb87c27c49731e3_187.npz
1624,4378fa311cf180d23b06cad6eab55f46,val,training,left-turn,data/processed/waymo_e2e/training/4378fa311cf180d23b06cad6eab55f46_30.npz
1625,d177eff65b31ea921e47ca589385c22e,val,training,straight,data/processed/waymo_e2e/training/d177eff65b31ea921e47ca589385c22e_29.npz
1626,31f7b999608bfbe741b736a6bd8f0a66,val,training,straight,data/processed/waymo_e2e/training/31f7b999608bfbe741b736a6bd8f0a66_130.npz
1627,b2f2a214153b352e9da4dd4c46762815,val,training,right-turn,data/processed/waymo_e2e/training/b2f2a214153b352e9da4dd4c46762815_9.npz
1628,c0e9ce84e72ef0d3a0b5dd57960f8cce,val,training,right-turn,data/processed/waymo_e2e/training/c0e9ce84e72ef0d3a0b5dd57960f8cce_167.npz
1629,cdddf84b377b74ba8446e79aa221b75a,val,training,straight,data/processed/waymo_e2e/training/cdddf84b377b74ba8446e79aa221b75a_30.npz
1630,1970cd837e32cfe066096766ad569cf1,val,training,straight,data/processed/waymo_e2e/training/1970cd837e32cfe066096766ad569cf1_30.npz
1631,e08da8763b91fdf7af93a2e546b6d8a2,val,training,left-turn,data/processed/waymo_e2e/training/e08da8763b91fdf7af93a2e546b6d8a2_125.npz
1632,2bf8a58be87bb47c9fbe45b12b84b4ea,val,val,left-turn,data/processed/waymo_e2e/val/2bf8a58be87bb47c9fbe45b12b84b4ea_189.npz
1633,d6dd84e36f1cf0db4cce7e131385489d,val,val,straight,data/processed/waymo_e2e/val/d6dd84e36f1cf0db4cce7e131385489d_9.npz
1634,f5c835e8c74b712a68a09e9a776885e4,val,val,straight,data/processed/waymo_e2e/val/f5c835e8c74b712a68a09e9a776885e4_30.npz
1635,53436dd61ddab1df89314cecbd23995a,val,training,straight,data/processed/waymo_e2e/training/53436dd61ddab1df89314cecbd23995a_30.npz
1636,15ae1d98c512c1d6e8e1b71c57da8a97,val,val,straight,data/processed/waymo_e2e/val/15ae1d98c512c1d6e8e1b71c57da8a97_9.npz
1637,7854e250a1043af72519707e793680b1,val,val,right-turn,data/processed/waymo_e2e/val/7854e250a1043af72519707e793680b1_179.npz
1638,0e705b208e3a6c0f0be042f89fc071d9,val,training,straight,data/processed/waymo_e2e/training/0e705b208e3a6c0f0be042f89fc071d9_11.npz
1639,f338e5b5fc9732c0d541bbc315250106,val,training,left-turn,data/processed/waymo_e2e/training/f338e5b5fc9732c0d541bbc315250106_142.npz
1640,61347e9ed6061cd0955cb515f2fac982,val,val,straight,data/processed/waymo_e2e/val/61347e9ed6061cd0955cb515f2fac982_106.npz
1641,f865fe1912b55283213c666356df7685,val,val,straight,data/processed/waymo_e2e/val/f865fe1912b55283213c666356df7685_10.npz
1642,2ba01032ca35dfbf69f80a2b07d13910,val,training,right-turn,data/processed/waymo_e2e/training/2ba01032ca35dfbf69f80a2b07d13910_218.npz
1643,6f6deb21db493a017da18133c8813c46,val,training,left-turn,data/processed/waymo_e2e/training/6f6deb21db493a017da18133c8813c46_56.npz
1644,c0955bb3ebe5b1d45769017c5207b8a2,val,training,right-turn,data/processed/waymo_e2e/training/c0955bb3ebe5b1d45769017c5207b8a2_165.npz
1645,a65530e0270f99a74bb7fe7ac29e416e,val,training,straight,data/processed/waymo_e2e/training/a65530e0270f99a74bb7fe7ac29e416e_30.npz
1646,57e3f4d557f856f3b40d35329670f58f,val,val,right-turn,data/processed/waymo_e2e/val/57e3f4d557f856f3b40d35329670f58f_11.npz
1647,5f0d91d9bebc6af381629682682edcf8,val,val,straight,data/processed/waymo_e2e/val/5f0d91d9bebc6af381629682682edcf8_10.npz
1648,cec3066b4609cd0dcb119539fedfbad2,val,training,straight,data/processed/waymo_e2e/training/cec3066b4609cd0dcb119539fedfbad2_31.npz
1649,c146994dc689dc15785929ee5c09052d,val,training,straight,data/processed/waymo_e2e/training/c146994dc689dc15785929ee5c09052d_30.npz
1650,eb97c54fb06d7ff463058acf42abc982,val,training,straight,data/processed/waymo_e2e/training/eb97c54fb06d7ff463058acf42abc982_9.npz
1651,e099540f7bebcbf8d00283b11653bd1f,val,training,right-turn,data/processed/waymo_e2e/training/e099540f7bebcbf8d00283b11653bd1f_153.npz
1652,42802ff1ea764b1e8ff1d50d19de9115,val,training,right-turn,data/processed/waymo_e2e/training/42802ff1ea764b1e8ff1d50d19de9115_30.npz
1653,5ea58c8c2fb10923193ec01997c48735,val,val,straight,data/processed/waymo_e2e/val/5ea58c8c2fb10923193ec01997c48735_10.npz
1654,88c040c00b8b648c9f39bcc185232b6d,val,training,straight,data/processed/waymo_e2e/training/88c040c00b8b648c9f39bcc185232b6d_111.npz
1655,2dbc566c1eac3d661b78f299a9c5727b,val,training,left-turn,data/processed/waymo_e2e/training/2dbc566c1eac3d661b78f299a9c5727b_30.npz
1656,e7280feed123ce025747f1c080848e3b,val,training,straight,data/processed/waymo_e2e/training/e7280feed123ce025747f1c080848e3b_95.npz
1657,0d3c12a8a1ab7c29cfe9ddffcfe28551,val,training,right-turn,data/processed/waymo_e2e/training/0d3c12a8a1ab7c29cfe9ddffcfe28551_125.npz
1658,ced494e111084c218f25672bffef1756,val,training,left-turn,data/processed/waymo_e2e/training/ced494e111084c218f25672bffef1756_31.npz
1659,c8f45de1e780c6bb2a3eb6ea58c9d32e,val,training,left-turn,data/processed/waymo_e2e/training/c8f45de1e780c6bb2a3eb6ea58c9d32e_74.npz
1660,29db47fb69617c02d44f2b858151cd09,val,training,straight,data/processed/waymo_e2e/training/29db47fb69617c02d44f2b858151cd09_31.npz
1661,68e61e0fb93ce1ab657c7c4a6c789311,val,training,right-turn,data/processed/waymo_e2e/training/68e61e0fb93ce1ab657c7c4a6c789311_159.npz
1662,d72caf20cf993a736f9b0de8a847f29c,val,training,left-turn,data/processed/waymo_e2e/training/d72caf20cf993a736f9b0de8a847f29c_209.npz
1663,a02d9c1da351c67dd2a8ce85a235ac2b,val,training,left-turn,data/processed/waymo_e2e/training/a02d9c1da351c67dd2a8ce85a235ac2b_196.npz
1664,9521f296d2d30681059eadddfc8d9c78,val,training,right-turn,data/processed/waymo_e2e/training/9521f296d2d30681059eadddfc8d9c78_208.npz
1665,c813a7b0498907d60229889726e582a1,val,training,left-turn,data/processed/waymo_e2e/training/c813a7b0498907d60229889726e582a1_154.npz
1666,014d03dc9441ee1e2a5d06f9c187792b,val,training,right-turn,data/processed/waymo_e2e/training/014d03dc9441ee1e2a5d06f9c187792b_84.npz
1667,7b5b0644dfebf2ff6d84c85df707203d,val,training,left-turn,data/processed/waymo_e2e/training/7b5b0644dfebf2ff6d84c85df707203d_192.npz
1668,03aa16b749340a29daf2564e772eec4a,val,training,straight,data/processed/waymo_e2e/training/03aa16b749340a29daf2564e772eec4a_82.npz
1669,0e871c9836cb94ce7adaf502567b2b35,val,val,straight,data/processed/waymo_e2e/val/0e871c9836cb94ce7adaf502567b2b35_10.npz
1670,4e66102cbbb2eb66b0462cd3b09012c6,val,val,straight,data/processed/waymo_e2e/val/4e66102cbbb2eb66b0462cd3b09012c6_29.npz
1671,0e69043c6d9a6ae5570362335af687b1,test,training,straight,data/processed/waymo_e2e/training/0e69043c6d9a6ae5570362335af687b1_30.npz
1672,b5ecbce156107d4e77da21631df2fc77,test,training,straight,data/processed/waymo_e2e/training/b5ecbce156107d4e77da21631df2fc77_30.npz
1673,2c7b8af36bf729f5ba07b726ccd39d3f,test,training,right-turn,data/processed/waymo_e2e/training/2c7b8af36bf729f5ba07b726ccd39d3f_138.npz
1674,62a89c9ad9483815c6ac3d2257e371b3,test,training,right-turn,data/processed/waymo_e2e/training/62a89c9ad9483815c6ac3d2257e371b3_46.npz
1675,1f4f28e83c40d27675ed1eb4f4e4dacf,test,val,straight,data/processed/waymo_e2e/val/1f4f28e83c40d27675ed1eb4f4e4dacf_29.npz
1676,2eb33d56475b01c9bb9c8dc640009f1a,test,training,straight,data/processed/waymo_e2e/training/2eb33d56475b01c9bb9c8dc640009f1a_30.npz
1677,0573fd7234396291f2218b58551973a8,test,training,straight,data/processed/waymo_e2e/training/0573fd7234396291f2218b58551973a8_11.npz
1678,d94835eb4eef5ba201eb8c2b78b12b90,test,training,left-turn,data/processed/waymo_e2e/training/d94835eb4eef5ba201eb8c2b78b12b90_148.npz
1679,79855ab9d8129a8fa40d5918219b9503,test,training,straight,data/processed/waymo_e2e/training/79855ab9d8129a8fa40d5918219b9503_122.npz
1680,cdd68cd0c02d83badc60fa7116b67dc2,test,training,straight,data/processed/waymo_e2e/training/cdd68cd0c02d83badc60fa7116b67dc2_29.npz
1681,3eec7f1c19356a3403ec40817c67248b,test,training,straight,data/processed/waymo_e2e/training/3eec7f1c19356a3403ec40817c67248b_30.npz
1682,198ad837b966ee6aa94040711775ce5d,test,training,right-turn,data/processed/waymo_e2e/training/198ad837b966ee6aa94040711775ce5d_155.npz
1683,22fe0c6fde62bfb5a4d43d5c1f4101d0,test,val,straight,data/processed/waymo_e2e/val/22fe0c6fde62bfb5a4d43d5c1f4101d0_10.npz
1684,88f857aecabb3515d12f85b2c4f96643,test,training,left-turn,data/processed/waymo_e2e/training/88f857aecabb3515d12f85b2c4f96643_166.npz
1685,c75c8bb4d955059b7894932b38381643,test,training,straight,data/processed/waymo_e2e/training/c75c8bb4d955059b7894932b38381643_10.npz
1686,83a0cd05513dad28023ad844cfca35e7,test,training,left-turn,data/processed/waymo_e2e/training/83a0cd05513dad28023ad844cfca35e7_49.npz
1687,236c2807178ac2c97b32b8a7c3a82f3a,test,training,left-turn,data/processed/waymo_e2e/training/236c2807178ac2c97b32b8a7c3a82f3a_149.npz
1688,fcd4b67a36c2c197ac04fe32a4807201,test,training,left-turn,data/processed/waymo_e2e/training/fcd4b67a36c2c197ac04fe32a4807201_29.npz
1689,98cfaaa6e93db4bcab7d19ff8edf01cb,test,training,straight,data/processed/waymo_e2e/training/98cfaaa6e93db4bcab7d19ff8edf01cb_29.npz
1690,4758699520985474f05538b7856de1b7,test,val,right-turn,data/processed/waymo_e2e/val/4758699520985474f05538b7856de1b7_31.npz
1691,e5d918360a637f679c9cc6e3b6bd03d5,test,training,left-turn,data/processed/waymo_e2e/training/e5d918360a637f679c9cc6e3b6bd03d5_49.npz
1692,a94d0d8b289073ba791e35dc84461ea4,test,training,left-turn,data/processed/waymo_e2e/training/a94d0d8b289073ba791e35dc84461ea4_68.npz
1693,33a1c9ee348f40c2a68dc5869b03e586,test,training,straight,data/processed/waymo_e2e/training/33a1c9ee348f40c2a68dc5869b03e586_119.npz
1694,2e9a8a05bbe6ef1e53fc140d875c0500,test,training,straight,data/processed/waymo_e2e/training/2e9a8a05bbe6ef1e53fc140d875c0500_10.npz
1695,cb6aab476e2d24703b0707a46e7b9f21,test,training,right-turn,data/processed/waymo_e2e/training/cb6aab476e2d24703b0707a46e7b9f21_139.npz
1696,61217e824857a73cc428f04384150afe,test,training,right-turn,data/processed/waymo_e2e/training/61217e824857a73cc428f04384150afe_103.npz
1697,a9e086df6d0beecd017d4d292d7f5fe6,test,training,right-turn,data/processed/waymo_e2e/training/a9e086df6d0beecd017d4d292d7f5fe6_152.npz
1698,2ba23bf2b09948ce9e2f7edf08cf3bd8,test,val,right-turn,data/processed/waymo_e2e/val/2ba23bf2b09948ce9e2f7edf08cf3bd8_154.npz
1699,800692ff67909e7d79fadbb2849c71ce,test,val,right-turn,data/processed/waymo_e2e/val/800692ff67909e7d79fadbb2849c71ce_9.npz
1700,08a0e63da36bd3fade24514337eca65c,test,training,straight,data/processed/waymo_e2e/training/08a0e63da36bd3fade24514337eca65c_31.npz
1701,5236918f176e326ea0f988234cf12c92,test,training,right-turn,data/processed/waymo_e2e/training/5236918f176e326ea0f988234cf12c92_52.npz
1702,ee1dbeb108509ebade4fa3da7320927e,test,training,right-turn,data/processed/waymo_e2e/training/ee1dbeb108509ebade4fa3da7320927e_76.npz
1703,e1b0ce9c767753d7285a3d4cc8d465cb,test,training,right-turn,data/processed/waymo_e2e/training/e1b0ce9c767753d7285a3d4cc8d465cb_87.npz
1704,d8658487e2edbcb71c2316f7badb8a57,test,training,straight,data/processed/waymo_e2e/training/d8658487e2edbcb71c2316f7badb8a57_31.npz
1705,577a51942e9ff88f992e0d123f5781d2,test,val,left-turn,data/processed/waymo_e2e/val/577a51942e9ff88f992e0d123f5781d2_10.npz
1706,9419db226e2ca04abab07e3b5fea5547,test,training,right-turn,data/processed/waymo_e2e/training/9419db226e2ca04abab07e3b5fea5547_174.npz
1707,793ccc4f629b89ad4810e8ec71041099,test,training,straight,data/processed/waymo_e2e/training/793ccc4f629b89ad4810e8ec71041099_124.npz
1708,f4ff3664c7a3103dfcffd9fe6bb10187,test,training,right-turn,data/processed/waymo_e2e/training/f4ff3664c7a3103dfcffd9fe6bb10187_118.npz
1709,10ed6676b902da9c0463f0e6a299ab6e,test,training,straight,data/processed/waymo_e2e/training/10ed6676b902da9c0463f0e6a299ab6e_110.npz
1710,e077ba17e5415754cc69244070598cc2,test,training,right-turn,data/processed/waymo_e2e/training/e077ba17e5415754cc69244070598cc2_30.npz
1711,b957b6206c11b3ae0d1a63af6a315e3e,test,val,left-turn,data/processed/waymo_e2e/val/b957b6206c11b3ae0d1a63af6a315e3e_209.npz
1712,7b93fb8b05a6af728c22267d75911052,test,training,right-turn,data/processed/waymo_e2e/training/7b93fb8b05a6af728c22267d75911052_134.npz
1713,671560d3c7e812fcd74cfa0e60da3984,test,training,straight,data/processed/waymo_e2e/training/671560d3c7e812fcd74cfa0e60da3984_11.npz
1714,3af2f9c169b9bd2c6029e0585815293f,test,training,left-turn,data/processed/waymo_e2e/training/3af2f9c169b9bd2c6029e0585815293f_30.npz
1715,d685dfde5f8da32f88d3e6a3e8a51c8c,test,training,right-turn,data/processed/waymo_e2e/training/d685dfde5f8da32f88d3e6a3e8a51c8c_184.npz
1716,d66e4f871b7f136795a8f9c7f77daf5f,test,training,straight,data/processed/waymo_e2e/training/d66e4f871b7f136795a8f9c7f77daf5f_10.npz
1717,047ac5eb5a49120be3f5ef8f41a840ad,test,training,left-turn,data/processed/waymo_e2e/training/047ac5eb5a49120be3f5ef8f41a840ad_30.npz
1718,d5447440141fbf814c5e9a281585faa6,test,training,right-turn,data/processed/waymo_e2e/training/d5447440141fbf814c5e9a281585faa6_71.npz
1719,ce92c6c99ecccc7b83417b6034ec9743,test,training,left-turn,data/processed/waymo_e2e/training/ce92c6c99ecccc7b83417b6034ec9743_45.npz
1720,fd52a15b681dc3920df93665305231f5,test,val,right-turn,data/processed/waymo_e2e/val/fd52a15b681dc3920df93665305231f5_10.npz
1721,855ded48da96a5e438341cb7d54764e6,test,val,right-turn,data/processed/waymo_e2e/val/855ded48da96a5e438341cb7d54764e6_88.npz
1722,a22f0c917f783534abcd19be105ba66b,test,training,left-turn,data/processed/waymo_e2e/training/a22f0c917f783534abcd19be105ba66b_29.npz
1723,c37e747b8b4db17e9937f91be2e994fa,test,training,right-turn,data/processed/waymo_e2e/training/c37e747b8b4db17e9937f91be2e994fa_221.npz
1724,9961edf4dbcdb57cc9b080453cb33b49,test,training,straight,data/processed/waymo_e2e/training/9961edf4dbcdb57cc9b080453cb33b49_30.npz
1725,bf8ad2a3172a3e3f8410d46791a46d14,test,training,straight,data/processed/waymo_e2e/training/bf8ad2a3172a3e3f8410d46791a46d14_29.npz
1726,d952cd76ed361078b62ec6ba8323e2a2,test,training,right-turn,data/processed/waymo_e2e/training/d952cd76ed361078b62ec6ba8323e2a2_130.npz
1727,834524fa8c7db08a52e196f548493618,test,val,straight,data/processed/waymo_e2e/val/834524fa8c7db08a52e196f548493618_11.npz
1728,c52a6d8e4c741761298ac04f335f9f4b,test,training,left-turn,data/processed/waymo_e2e/training/c52a6d8e4c741761298ac04f335f9f4b_106.npz
1729,a31ce9573483a6bcb13fa74ff6a5dcb3,test,training,left-turn,data/processed/waymo_e2e/training/a31ce9573483a6bcb13fa74ff6a5dcb3_105.npz
1730,e265dbb6b94dfcf869e8b2e42ba483b7,test,val,left-turn,data/processed/waymo_e2e/val/e265dbb6b94dfcf869e8b2e42ba483b7_157.npz
1731,4a7e646a0432bf9bb3f253b6495a6597,test,training,straight,data/processed/waymo_e2e/training/4a7e646a0432bf9bb3f253b6495a6597_33.npz
1732,63649a0e956e6c583d5942f292c617b9,test,training,straight,data/processed/waymo_e2e/training/63649a0e956e6c583d5942f292c617b9_30.npz
1733,3cac1ce268b0f297d916677489b0b0ec,test,training,straight,data/processed/waymo_e2e/training/3cac1ce268b0f297d916677489b0b0ec_30.npz
1734,83e7141b826051844adc3e6372d67ad1,test,val,right-turn,data/processed/waymo_e2e/val/83e7141b826051844adc3e6372d67ad1_144.npz
1735,622e0fc649b4053ecfd9f35962a55107,test,val,right-turn,data/processed/waymo_e2e/val/622e0fc649b4053ecfd9f35962a55107_198.npz
1736,02a177b78e01f1b4addacfaaba40287e,test,training,straight,data/processed/waymo_e2e/training/02a177b78e01f1b4addacfaaba40287e_30.npz
1737,259c6bd1af780891fe7655e69617b81a,test,training,straight,data/processed/waymo_e2e/training/259c6bd1af780891fe7655e69617b81a_29.npz
1738,a965371322fbbbdfc1ef436ba0fd86ba,test,training,right-turn,data/processed/waymo_e2e/training/a965371322fbbbdfc1ef436ba0fd86ba_65.npz
1739,60c8a525e98c62eaa8e358a590b81621,test,training,straight,data/processed/waymo_e2e/training/60c8a525e98c62eaa8e358a590b81621_30.npz
1740,2f4fbf5d5b06636a6ed5ccd994bd6158,test,training,straight,data/processed/waymo_e2e/training/2f4fbf5d5b06636a6ed5ccd994bd6158_31.npz
1741,cebae2c5032c3a89f91b562c8a6910fb,test,val,straight,data/processed/waymo_e2e/val/cebae2c5032c3a89f91b562c8a6910fb_10.npz
1742,d9a78162235f20ee0551bb03735f36b0,test,training,straight,data/processed/waymo_e2e/training/d9a78162235f20ee0551bb03735f36b0_31.npz
1743,007083e22896d1fc775a6107ccd0b73e,test,training,left-turn,data/processed/waymo_e2e/training/007083e22896d1fc775a6107ccd0b73e_209.npz
1744,2fc69fa104c27722f4062b28cd144011,test,training,right-turn,data/processed/waymo_e2e/training/2fc69fa104c27722f4062b28cd144011_189.npz
1745,c915f39617f62ec72eda769e337731bd,test,val,straight,data/processed/waymo_e2e/val/c915f39617f62ec72eda769e337731bd_11.npz
1746,43e54e929c62f3aab7ed77e9df8ed9a7,test,training,straight,data/processed/waymo_e2e/training/43e54e929c62f3aab7ed77e9df8ed9a7_30.npz
1747,354ffd59eb921c9592b2303f531c9c05,test,training,left-turn,data/processed/waymo_e2e/training/354ffd59eb921c9592b2303f531c9c05_10.npz
1748,3234e63425994d2ec05fcacd6d7df5e3,test,training,straight,data/processed/waymo_e2e/training/3234e63425994d2ec05fcacd6d7df5e3_10.npz
1749,6f87d93f603ffd755e3cb1b2c407be48,test,training,left-turn,data/processed/waymo_e2e/training/6f87d93f603ffd755e3cb1b2c407be48_165.npz
1750,5e61404cdfb88a1ebb21d3ed21ca02e0,test,val,right-turn,data/processed/waymo_e2e/val/5e61404cdfb88a1ebb21d3ed21ca02e0_118.npz
1751,5c4e6054bd529633e5aacc032caae2f8,test,training,right-turn,data/processed/waymo_e2e/training/5c4e6054bd529633e5aacc032caae2f8_219.npz
1752,859cf93d01347552c6973eb464f58167,test,training,straight,data/processed/waymo_e2e/training/859cf93d01347552c6973eb464f58167_30.npz
1753,5797efecead06d225229cce167fd7873,test,training,right-turn,data/processed/waymo_e2e/training/5797efecead06d225229cce167fd7873_154.npz
1754,715c94054aa04562ce283a1863d1956a,test,training,straight,data/processed/waymo_e2e/training/715c94054aa04562ce283a1863d1956a_31.npz
1755,99dc1a0ccab5acb7c14e16293d3702aa,test,val,straight,data/processed/waymo_e2e/val/99dc1a0ccab5acb7c14e16293d3702aa_29.npz
1756,dec3e431cffb74418c9fabf76df54762,test,training,straight,data/processed/waymo_e2e/training/dec3e431cffb74418c9fabf76df54762_10.npz
1757,493017885990698147ed936640aee3f8,test,val,straight,data/processed/waymo_e2e/val/493017885990698147ed936640aee3f8_29.npz
1758,ea2ca633ffc3bdfa14f4a6c3890e12bc,test,training,straight,data/processed/waymo_e2e/training/ea2ca633ffc3bdfa14f4a6c3890e12bc_41.npz
1759,bc15e1bb160b41af351da70059997398,test,training,right-turn,data/processed/waymo_e2e/training/bc15e1bb160b41af351da70059997398_140.npz
1760,b9957ecf45ce8bb08af824b713b10ed4,test,training,right-turn,data/processed/waymo_e2e/training/b9957ecf45ce8bb08af824b713b10ed4_130.npz
1761,5396b7c810bfcf48dceccbdc565e3a38,test,training,right-turn,data/processed/waymo_e2e/training/5396b7c810bfcf48dceccbdc565e3a38_220.npz
1762,7912dc22830e509d6ac19608bfbf69e8,test,training,left-turn,data/processed/waymo_e2e/training/7912dc22830e509d6ac19608bfbf69e8_147.npz
1763,7cf7155d82597244b81510dbf403e7a2,test,training,straight,data/processed/waymo_e2e/training/7cf7155d82597244b81510dbf403e7a2_30.npz
1764,9f0296931c4977472fcd23f9ba56d042,test,val,straight,data/processed/waymo_e2e/val/9f0296931c4977472fcd23f9ba56d042_11.npz
1765,e3934bcfef01b4f0ca46fc265b5f6f08,test,val,straight,data/processed/waymo_e2e/val/e3934bcfef01b4f0ca46fc265b5f6f08_10.npz
1766,fba3675090613903c85ee06d007ef8c0,test,training,straight,data/processed/waymo_e2e/training/fba3675090613903c85ee06d007ef8c0_31.npz
1767,dfe61be00627270e1d3c63659b1634e7,test,training,straight,data/processed/waymo_e2e/training/dfe61be00627270e1d3c63659b1634e7_29.npz
1768,2299640ad1404420aae953c4a4473946,test,training,straight,data/processed/waymo_e2e/training/2299640ad1404420aae953c4a4473946_30.npz
1769,d890a01a758fb837f5caa4b392abbab1,test,training,straight,data/processed/waymo_e2e/training/d890a01a758fb837f5caa4b392abbab1_30.npz
1770,eda6536d434680a2ea5a0f09c6b5d239,test,training,left-turn,data/processed/waymo_e2e/training/eda6536d434680a2ea5a0f09c6b5d239_31.npz
1771,a0c84c254c3fece635c2719db188f125,test,training,right-turn,data/processed/waymo_e2e/training/a0c84c254c3fece635c2719db188f125_134.npz
1772,e8dd4b927e761d20b76b90f44a9df86a,test,training,right-turn,data/processed/waymo_e2e/training/e8dd4b927e761d20b76b90f44a9df86a_35.npz
1773,fa09d27b8189c4a401a80d32fe01d4c2,test,training,left-turn,data/processed/waymo_e2e/training/fa09d27b8189c4a401a80d32fe01d4c2_188.npz
1774,cf6d7845b69ab9a1a48ff48f9065a427,test,training,left-turn,data/processed/waymo_e2e/training/cf6d7845b69ab9a1a48ff48f9065a427_85.npz
1775,06df79aee12a29cd02a8bafe1e1e06eb,test,training,straight,data/processed/waymo_e2e/training/06df79aee12a29cd02a8bafe1e1e06eb_11.npz
1776,d18e70bd37a91303ce6b0aeced8b7ce0,test,training,right-turn,data/processed/waymo_e2e/training/d18e70bd37a91303ce6b0aeced8b7ce0_82.npz
1777,30a225c600d51a26b13f56c1ee2ec140,test,training,straight,data/processed/waymo_e2e/training/30a225c600d51a26b13f56c1ee2ec140_124.npz
1778,765acc0b1eb861ad34441c1d873688b9,test,val,right-turn,data/processed/waymo_e2e/val/765acc0b1eb861ad34441c1d873688b9_168.npz
1779,3dc3cfe6b453120dd97c298a3e3ab421,test,training,right-turn,data/processed/waymo_e2e/training/3dc3cfe6b453120dd97c298a3e3ab421_45.npz
1780,2477ae9cb3381dca2828b3aa9fb74e7a,test,training,left-turn,data/processed/waymo_e2e/training/2477ae9cb3381dca2828b3aa9fb74e7a_137.npz
1781,e6ee90e767fe8dc7d26967bf91fa73e2,test,training,right-turn,data/processed/waymo_e2e/training/e6ee90e767fe8dc7d26967bf91fa73e2_148.npz
1782,96a32246f60cdda70213e2a1296a6a8b,test,training,straight,data/processed/waymo_e2e/training/96a32246f60cdda70213e2a1296a6a8b_30.npz
1783,f9e127d1889a24db09f5513ebfa051fe,test,training,straight,data/processed/waymo_e2e/training/f9e127d1889a24db09f5513ebfa051fe_31.npz
1784,bbaa7f64d17a4f25f26d1ef21b5048ca,test,val,right-turn,data/processed/waymo_e2e/val/bbaa7f64d17a4f25f26d1ef21b5048ca_152.npz
1785,849e55cf3d8ae4bad178c618aba06179,test,training,straight,data/processed/waymo_e2e/training/849e55cf3d8ae4bad178c618aba06179_126.npz
1786,85fee823d4b998f5c966e756355a4477,test,val,right-turn,data/processed/waymo_e2e/val/85fee823d4b998f5c966e756355a4477_171.npz
1787,b843f4d12a304b6fc8d9e66872f2b494,test,training,straight,data/processed/waymo_e2e/training/b843f4d12a304b6fc8d9e66872f2b494_29.npz
1788,68503f559b4bdc0f537be00af353593f,test,val,straight,data/processed/waymo_e2e/val/68503f559b4bdc0f537be00af353593f_10.npz
1789,6119f0a9d1f677d1e30d989a974fa1d4,test,training,straight,data/processed/waymo_e2e/training/6119f0a9d1f677d1e30d989a974fa1d4_29.npz
1790,85cf81308c2afac5c0e88dbcb8ee1286,test,training,straight,data/processed/waymo_e2e/training/85cf81308c2afac5c0e88dbcb8ee1286_29.npz
1791,0cfd11bbd1e1e85c0962e7dc1e7c307c,test,training,straight,data/processed/waymo_e2e/training/0cfd11bbd1e1e85c0962e7dc1e7c307c_31.npz
1792,3e654b6e24d6a00637a1478452ee6b3f,test,training,right-turn,data/processed/waymo_e2e/training/3e654b6e24d6a00637a1478452ee6b3f_164.npz
1793,a490e2f1a963a17f277295f208742cce,test,training,straight,data/processed/waymo_e2e/training/a490e2f1a963a17f277295f208742cce_29.npz
1794,deeb98a44ce67465bdbacd2d5ba2d054,test,training,left-turn,data/processed/waymo_e2e/training/deeb98a44ce67465bdbacd2d5ba2d054_148.npz
1795,2bac7d1320ed2a3af74f3f2febe5e310,test,training,straight,data/processed/waymo_e2e/training/2bac7d1320ed2a3af74f3f2febe5e310_29.npz
1796,7c47402203e6943ab1a73f4cbbec71a7,test,training,straight,data/processed/waymo_e2e/training/7c47402203e6943ab1a73f4cbbec71a7_30.npz
1797,7b5eba756503112e9eea25b4753e30d1,test,training,right-turn,data/processed/waymo_e2e/training/7b5eba756503112e9eea25b4753e30d1_122.npz
1798,c4d2a1c09c65ea95a5e1b484a4fa4760,test,training,right-turn,data/processed/waymo_e2e/training/c4d2a1c09c65ea95a5e1b484a4fa4760_237.npz
1799,155c466015696f7d5b11cf838422f5a9,test,val,left-turn,data/processed/waymo_e2e/val/155c466015696f7d5b11cf838422f5a9_204.npz
1800,00f755ca895493997db24f66b4ea7e24,test,val,right-turn,data/processed/waymo_e2e/val/00f755ca895493997db24f66b4ea7e24_9.npz
1801,4e47621186cd9908268bb7497707374e,test,training,right-turn,data/processed/waymo_e2e/training/4e47621186cd9908268bb7497707374e_148.npz
1802,9a988569b4a2cdc9d78b97148d17accc,test,training,straight,data/processed/waymo_e2e/training/9a988569b4a2cdc9d78b97148d17accc_10.npz
1803,0d070f368c421acfe849400e7fb15038,test,training,left-turn,data/processed/waymo_e2e/training/0d070f368c421acfe849400e7fb15038_139.npz
1804,2766004f867c306d95eac05d9b70fefb,test,training,straight,data/processed/waymo_e2e/training/2766004f867c306d95eac05d9b70fefb_119.npz
1805,0e131aa012965758190cf4ffb7f55203,test,training,straight,data/processed/waymo_e2e/training/0e131aa012965758190cf4ffb7f55203_30.npz
1806,e7d8db7bd526db3f58926ebdbd645471,test,training,straight,data/processed/waymo_e2e/training/e7d8db7bd526db3f58926ebdbd645471_9.npz
1807,b32f70cb1f3cf28127ac460615031f40,test,val,left-turn,data/processed/waymo_e2e/val/b32f70cb1f3cf28127ac460615031f40_212.npz
1808,6fb8e37b733965362c06adc79843e1a2,test,training,right-turn,data/processed/waymo_e2e/training/6fb8e37b733965362c06adc79843e1a2_140.npz
1809,12a6bf38f129fd612291f2fe25113cad,test,val,straight,data/processed/waymo_e2e/val/12a6bf38f129fd612291f2fe25113cad_50.npz
1810,9be1166986ba2e46069224e25ff57bea,test,training,right-turn,data/processed/waymo_e2e/training/9be1166986ba2e46069224e25ff57bea_154.npz
1811,3522a012d4039fb280e39eeddc22b50b,test,val,right-turn,data/processed/waymo_e2e/val/3522a012d4039fb280e39eeddc22b50b_229.npz
1812,ac3fea5bb9b237b5c24e164e61700eef,test,training,straight,data/processed/waymo_e2e/training/ac3fea5bb9b237b5c24e164e61700eef_29.npz
1813,f5afcadcce4487bf85e2464e67c5b871,test,val,straight,data/processed/waymo_e2e/val/f5afcadcce4487bf85e2464e67c5b871_29.npz
1814,ffc4c3c85df527c28416b8e0136a79ae,test,training,left-turn,data/processed/waymo_e2e/training/ffc4c3c85df527c28416b8e0136a79ae_90.npz
1815,42021beac19cfe790632491f66ac9b11,test,training,left-turn,data/processed/waymo_e2e/training/42021beac19cfe790632491f66ac9b11_30.npz
1816,b7809634e9e5b79defa9336572fef620,test,training,straight,data/processed/waymo_e2e/training/b7809634e9e5b79defa9336572fef620_30.npz
1817,efd68ee6e7bd15d706a245a91467d30e,test,training,straight,data/processed/waymo_e2e/training/efd68ee6e7bd15d706a245a91467d30e_126.npz
1818,25247b4f76114340220f0152999e1beb,test,training,straight,data/processed/waymo_e2e/training/25247b4f76114340220f0152999e1beb_30.npz
1819,83af70dee36d655ace457c6d2a9ad841,test,training,right-turn,data/processed/waymo_e2e/training/83af70dee36d655ace457c6d2a9ad841_70.npz
1820,3d26da8b683472ee3002d3f27f4337e5,test,training,left-turn,data/processed/waymo_e2e/training/3d26da8b683472ee3002d3f27f4337e5_153.npz
1821,8c63574069fe98049aa858fac7b4fd66,test,training,left-turn,data/processed/waymo_e2e/training/8c63574069fe98049aa858fac7b4fd66_138.npz
1822,fa1a4ebbbfa36b0a4527d8890e9aaefc,test,training,right-turn,data/processed/waymo_e2e/training/fa1a4ebbbfa36b0a4527d8890e9aaefc_134.npz
1823,37171c697a664747c5633335480bf364,test,val,straight,data/processed/waymo_e2e/val/37171c697a664747c5633335480bf364_9.npz
1824,cb402282bda6c6dc3398ccb3b1d990b6,test,training,left-turn,data/processed/waymo_e2e/training/cb402282bda6c6dc3398ccb3b1d990b6_75.npz
1825,f13fbfd6a820bc93fba9fd494307a062,test,val,left-turn,data/processed/waymo_e2e/val/f13fbfd6a820bc93fba9fd494307a062_9.npz
1826,7d7009968e9c09b199a8a1fed7e711aa,test,training,right-turn,data/processed/waymo_e2e/training/7d7009968e9c09b199a8a1fed7e711aa_141.npz
1827,1d7c0f5b0a95b13950c8c9e66cd3f546,test,training,right-turn,data/processed/waymo_e2e/training/1d7c0f5b0a95b13950c8c9e66cd3f546_209.npz
1828,37a594f0070a57373d913a0670dfcdc9,test,training,straight,data/processed/waymo_e2e/training/37a594f0070a57373d913a0670dfcdc9_29.npz
1829,df3fb153cc7ea1cd577006eca2c40a29,test,training,right-turn,data/processed/waymo_e2e/training/df3fb153cc7ea1cd577006eca2c40a29_154.npz
1830,d337138a56fdadb552b5f5aa9f38f65c,test,training,straight,data/processed/waymo_e2e/training/d337138a56fdadb552b5f5aa9f38f65c_29.npz
1831,237823c728e1c321a5579e8ca770d6fb,test,training,right-turn,data/processed/waymo_e2e/training/237823c728e1c321a5579e8ca770d6fb_128.npz
1832,b3bf57a4be30501736cc86829a8d3bfd,test,training,left-turn,data/processed/waymo_e2e/training/b3bf57a4be30501736cc86829a8d3bfd_154.npz
1833,6996d41c17c2fa5e910d121ee9782c17,test,val,left-turn,data/processed/waymo_e2e/val/6996d41c17c2fa5e910d121ee9782c17_130.npz
1834,57eb09dd89a06aef337a36c620b270e6,test,training,straight,data/processed/waymo_e2e/training/57eb09dd89a06aef337a36c620b270e6_29.npz
1835,1bbb0008698212719802e03983c052d7,test,val,straight,data/processed/waymo_e2e/val/1bbb0008698212719802e03983c052d7_10.npz
1836,83adcd95fbe56e9859b14315d34ca356,test,val,straight,data/processed/waymo_e2e/val/83adcd95fbe56e9859b14315d34ca356_1.npz
1837,eef3f461ca48276de01c1e048ca7b99f,test,training,right-turn,data/processed/waymo_e2e/training/eef3f461ca48276de01c1e048ca7b99f_30.npz
1838,a6b75c5c9059d7ca0288a14fcdb0f504,test,training,right-turn,data/processed/waymo_e2e/training/a6b75c5c9059d7ca0288a14fcdb0f504_137.npz
1839,77049e82bea72f3d4179774c8ed58279,test,training,right-turn,data/processed/waymo_e2e/training/77049e82bea72f3d4179774c8ed58279_143.npz
1840,b4719fbc4a81ae1378b4103cb6479620,test,training,straight,data/processed/waymo_e2e/training/b4719fbc4a81ae1378b4103cb6479620_30.npz
1841,413f1773509db7d3eda2aaad7cdc9659,test,training,left-turn,data/processed/waymo_e2e/training/413f1773509db7d3eda2aaad7cdc9659_154.npz
1842,ae125fcf6bc997b2cead481d581f72cc,test,training,left-turn,data/processed/waymo_e2e/training/ae125fcf6bc997b2cead481d581f72cc_219.npz
1843,31ead8a9dd905ab2f3b836e8a4accf89,test,training,straight,data/processed/waymo_e2e/training/31ead8a9dd905ab2f3b836e8a4accf89_31.npz
1844,2f3a8f019bbb8b48e8e46c6f7bcca3fd,test,training,right-turn,data/processed/waymo_e2e/training/2f3a8f019bbb8b48e8e46c6f7bcca3fd_151.npz
1845,7662f1efa522d9474d75fb6a7cdb6509,test,training,right-turn,data/processed/waymo_e2e/training/7662f1efa522d9474d75fb6a7cdb6509_30.npz
1846,a7564255559ac692c80a1750a071abb9,test,training,left-turn,data/processed/waymo_e2e/training/a7564255559ac692c80a1750a071abb9_82.npz
1847,b3c67f8d4ac491f9627f16c802b20541,test,training,left-turn,data/processed/waymo_e2e/training/b3c67f8d4ac491f9627f16c802b20541_154.npz
1848,cf09a98629eb814eca0c72651b0e7f3f,test,training,right-turn,data/processed/waymo_e2e/training/cf09a98629eb814eca0c72651b0e7f3f_138.npz
1849,0f781b40dbfa470c4de513fdff575386,test,training,straight,data/processed/waymo_e2e/training/0f781b40dbfa470c4de513fdff575386_30.npz
1850,6946c502b36d439236948ebe25d405e5,test,val,left-turn,data/processed/waymo_e2e/val/6946c502b36d439236948ebe25d405e5_226.npz
1851,9cfa7e1fd7780b4513c0129f61c32132,test,training,left-turn,data/processed/waymo_e2e/training/9cfa7e1fd7780b4513c0129f61c32132_31.npz
1852,959030398c3807e58ff0bd04f1ee83b5,test,training,straight,data/processed/waymo_e2e/training/959030398c3807e58ff0bd04f1ee83b5_29.npz
1853,2919bc133b16ce87d6899fc351feb8fa,test,training,straight,data/processed/waymo_e2e/training/2919bc133b16ce87d6899fc351feb8fa_30.npz
1854,0b8097d37ac2cc7a832e2978f431f843,test,training,straight,data/processed/waymo_e2e/training/0b8097d37ac2cc7a832e2978f431f843_10.npz
1855,c08e1ea57e1c19b0737e6817382501f8,test,val,straight,data/processed/waymo_e2e/val/c08e1ea57e1c19b0737e6817382501f8_31.npz
1856,7dbb56e9ffca01a22a2c889765400b39,test,training,right-turn,data/processed/waymo_e2e/training/7dbb56e9ffca01a22a2c889765400b39_215.npz
1857,a9bb2399fc4c29f47b79472b75d6b724,test,training,left-turn,data/processed/waymo_e2e/training/a9bb2399fc4c29f47b79472b75d6b724_149.npz
1858,e2019664f2bccf6f5a19de01c353f25b,test,training,straight,data/processed/waymo_e2e/training/e2019664f2bccf6f5a19de01c353f25b_31.npz
1859,a755d4b9d7685f5ed9a36ccc3127be51,test,training,straight,data/processed/waymo_e2e/training/a755d4b9d7685f5ed9a36ccc3127be51_29.npz
1860,331f556a23df09444499b03435dcf752,test,training,straight,data/processed/waymo_e2e/training/331f556a23df09444499b03435dcf752_30.npz
1861,d5fa64f6a8c44c60aaec7b07776e23c4,test,val,right-turn,data/processed/waymo_e2e/val/d5fa64f6a8c44c60aaec7b07776e23c4_135.npz
1862,e4ec12bcecaee7039146c56dbc02d083,test,training,straight,data/processed/waymo_e2e/training/e4ec12bcecaee7039146c56dbc02d083_30.npz
1863,0b332b2cd3f8e82327d98aa7c9a04c5e,test,training,straight,data/processed/waymo_e2e/training/0b332b2cd3f8e82327d98aa7c9a04c5e_108.npz
1864,06f8dc6ed52ddeba0ee8a6811924dcb6,test,training,straight,data/processed/waymo_e2e/training/06f8dc6ed52ddeba0ee8a6811924dcb6_30.npz
1865,b5bd0f950a41798f60df26863b17a39c,test,training,straight,data/processed/waymo_e2e/training/b5bd0f950a41798f60df26863b17a39c_30.npz
1866,e8f63d05c060648228adaaa351f3b392,test,training,straight,data/processed/waymo_e2e/training/e8f63d05c060648228adaaa351f3b392_30.npz
1867,d42445e3d27558f8d2ed5f4e5a4138c0,test,val,straight,data/processed/waymo_e2e/val/d42445e3d27558f8d2ed5f4e5a4138c0_10.npz
1868,7a64702de398f2b7dd7b5f4712aaf750,test,training,right-turn,data/processed/waymo_e2e/training/7a64702de398f2b7dd7b5f4712aaf750_72.npz
1869,0b2a5e3955c976230320ea4802a316f0,test,training,right-turn,data/processed/waymo_e2e/training/0b2a5e3955c976230320ea4802a316f0_139.npz
1870,ed87b1d2265c714a0e39f09daf9a6013,test,training,right-turn,data/processed/waymo_e2e/training/ed87b1d2265c714a0e39f09daf9a6013_28.npz
1871,a74f33d8e0fb09596367b0ca43075fb3,test,val,straight,data/processed/waymo_e2e/val/a74f33d8e0fb09596367b0ca43075fb3_9.npz
1872,6075ed15ead9656b23cd00a3eecef5cf,test,training,straight,data/processed/waymo_e2e/training/6075ed15ead9656b23cd00a3eecef5cf_29.npz
1873,ffe25643a2fdd9e0de7979bec097f4eb,test,training,left-turn,data/processed/waymo_e2e/training/ffe25643a2fdd9e0de7979bec097f4eb_217.npz
1874,8aa80fbe5c2a953f42e708b1b8fd0c43,test,training,straight,data/processed/waymo_e2e/training/8aa80fbe5c2a953f42e708b1b8fd0c43_30.npz
1875,07e88a49162f5d90210bd0dc59c1eb70,test,training,straight,data/processed/waymo_e2e/training/07e88a49162f5d90210bd0dc59c1eb70_10.npz
1876,ec1956f75849a0a5532b597dd7cc216b,test,training,left-turn,data/processed/waymo_e2e/training/ec1956f75849a0a5532b597dd7cc216b_139.npz
1877,67326f1fe036c632fd20b4516d165773,test,val,left-turn,data/processed/waymo_e2e/val/67326f1fe036c632fd20b4516d165773_9.npz
1878,d89e83580e5cb1c4b91bbe6fd10e41ee,test,training,left-turn,data/processed/waymo_e2e/training/d89e83580e5cb1c4b91bbe6fd10e41ee_76.npz
1879,46b378860c66284914bb4879a128842a,test,training,right-turn,data/processed/waymo_e2e/training/46b378860c66284914bb4879a128842a_191.npz
1880,21ac31137e2913f0228b9b6beca337e2,test,training,right-turn,data/processed/waymo_e2e/training/21ac31137e2913f0228b9b6beca337e2_181.npz
1881,6c1656abc818898ccbf2bacb461ad0cb,test,training,left-turn,data/processed/waymo_e2e/training/6c1656abc818898ccbf2bacb461ad0cb_144.npz
1882,f8af7b57e4867a282dd7c52043566c1d,test,val,right-turn,data/processed/waymo_e2e/val/f8af7b57e4867a282dd7c52043566c1d_66.npz
1883,6840a321050f34329ef8bafd12b9ff27,test,training,right-turn,data/processed/waymo_e2e/training/6840a321050f34329ef8bafd12b9ff27_71.npz
1884,7908c88bccf53bd2fa83c19a949b2f82,test,training,straight,data/processed/waymo_e2e/training/7908c88bccf53bd2fa83c19a949b2f82_10.npz
1885,2a3a47579431312cec081bb1fc0f03b3,test,training,left-turn,data/processed/waymo_e2e/training/2a3a47579431312cec081bb1fc0f03b3_157.npz
1886,387a1ca95b93735047e41f0cf2580d15,test,training,straight,data/processed/waymo_e2e/training/387a1ca95b93735047e41f0cf2580d15_29.npz
1887,364364876c9f91198517e5661775a2dc,test,training,right-turn,data/processed/waymo_e2e/training/364364876c9f91198517e5661775a2dc_191.npz
1888,7fea97ea9925fa30eac073cb0fff6d9a,test,val,right-turn,data/processed/waymo_e2e/val/7fea97ea9925fa30eac073cb0fff6d9a_48.npz
1889,d70424285435825fb640a16dcc61fe63,test,val,left-turn,data/processed/waymo_e2e/val/d70424285435825fb640a16dcc61fe63_65.npz
1890,ea419eaaef77d64ed33d8f63f5179af6,test,training,right-turn,data/processed/waymo_e2e/training/ea419eaaef77d64ed33d8f63f5179af6_87.npz
1891,103dc9084754b71ee5fd40168f1fe289,test,training,left-turn,data/processed/waymo_e2e/training/103dc9084754b71ee5fd40168f1fe289_154.npz
1892,003b62820d0e9345eb025de35b046999,test,training,straight,data/processed/waymo_e2e/training/003b62820d0e9345eb025de35b046999_10.npz
1893,89d30a05004e7e9bfd2a3bbc6b445f2b,test,training,left-turn,data/processed/waymo_e2e/training/89d30a05004e7e9bfd2a3bbc6b445f2b_31.npz
1894,e0cf2ced180ef390c7ee81e617556aff,test,training,right-turn,data/processed/waymo_e2e/training/e0cf2ced180ef390c7ee81e617556aff_141.npz
1895,1dc6cd2a5c5e8e6571525fa142887b75,test,training,straight,data/processed/waymo_e2e/training/1dc6cd2a5c5e8e6571525fa142887b75_29.npz
1896,5b726a71365d8990b9db0f5333d7daa6,test,training,left-turn,data/processed/waymo_e2e/training/5b726a71365d8990b9db0f5333d7daa6_31.npz
1897,cccd6b5049ee1a657cd5935a198f124f,test,training,right-turn,data/processed/waymo_e2e/training/cccd6b5049ee1a657cd5935a198f124f_132.npz
1898,af4eaf01ec1f673a72cf01ab8a40d7b0,test,training,straight,data/processed/waymo_e2e/training/af4eaf01ec1f673a72cf01ab8a40d7b0_61.npz
1899,a6c31e1f5671bd43ec4ca644aa304277,test,training,straight,data/processed/waymo_e2e/training/a6c31e1f5671bd43ec4ca644aa304277_30.npz
1900,e653c66413770e8aa05129abacbf7d87,test,training,left-turn,data/processed/waymo_e2e/training/e653c66413770e8aa05129abacbf7d87_30.npz
1901,fc9aa7a016420317dae6d3fc3903f401,test,val,straight,data/processed/waymo_e2e/val/fc9aa7a016420317dae6d3fc3903f401_10.npz
1902,0d2c9f2db36834c3574331cf181f7d76,test,training,straight,data/processed/waymo_e2e/training/0d2c9f2db36834c3574331cf181f7d76_10.npz
1903,ea0aca0d962a2e66684545d8a6e30fce,test,val,straight,data/processed/waymo_e2e/val/ea0aca0d962a2e66684545d8a6e30fce_9.npz
1904,9285ef829980760b883aa58cd6e890b1,test,training,left-turn,data/processed/waymo_e2e/training/9285ef829980760b883aa58cd6e890b1_68.npz
1905,0ea2bf041f84948fe577815f8c67bc55,test,training,straight,data/processed/waymo_e2e/training/0ea2bf041f84948fe577815f8c67bc55_30.npz
1906,05bbca2efe4f891f6302a06312c59196,test,training,straight,data/processed/waymo_e2e/training/05bbca2efe4f891f6302a06312c59196_10.npz
1907,5bb652edff7975f7bdf078e00614338f,test,training,left-turn,data/processed/waymo_e2e/training/5bb652edff7975f7bdf078e00614338f_31.npz
1908,99ddef6583934e40137d5386a5e743b9,test,training,right-turn,data/processed/waymo_e2e/training/99ddef6583934e40137d5386a5e743b9_93.npz
1909,a24a5553f5101062a5cb2afc9c81c657,test,training,straight,data/processed/waymo_e2e/training/a24a5553f5101062a5cb2afc9c81c657_29.npz
1910,b1ec7c8dee037cd7f2a84c1b5a7901a6,test,training,left-turn,data/processed/waymo_e2e/training/b1ec7c8dee037cd7f2a84c1b5a7901a6_67.npz
1911,1f8ab676f3dbc2fc091d8534e59c8a53,test,training,right-turn,data/processed/waymo_e2e/training/1f8ab676f3dbc2fc091d8534e59c8a53_83.npz
1912,9184ba2d24d84b767274779894a096b8,test,training,straight,data/processed/waymo_e2e/training/9184ba2d24d84b767274779894a096b8_30.npz
1913,2381518f9fb9172740ca489fca44761e,test,training,straight,data/processed/waymo_e2e/training/2381518f9fb9172740ca489fca44761e_30.npz
1914,7be20c8a6404be9f7c50667866ee005b,test,training,straight,data/processed/waymo_e2e/training/7be20c8a6404be9f7c50667866ee005b_30.npz
1915,65b0ca6cf5aee3a75a53a01d2d17f832,test,training,straight,data/processed/waymo_e2e/training/65b0ca6cf5aee3a75a53a01d2d17f832_31.npz
1916,6a7fbc68e30ab710e70e48f7b1361bcd,test,training,straight,data/processed/waymo_e2e/training/6a7fbc68e30ab710e70e48f7b1361bcd_29.npz
1917,7081b41a970d0ee5585638c76ef686e7,test,training,left-turn,data/processed/waymo_e2e/training/7081b41a970d0ee5585638c76ef686e7_208.npz
1918,1526ef0170494ac205fa6c1444f4a007,test,training,straight,data/processed/waymo_e2e/training/1526ef0170494ac205fa6c1444f4a007_30.npz
1919,2052ea465cf9717bd1bb97b2f03c6e3c,test,training,straight,data/processed/waymo_e2e/training/2052ea465cf9717bd1bb97b2f03c6e3c_29.npz
1920,47fe807509a8aa6afaf7b7b5f1da814a,test,training,straight,data/processed/waymo_e2e/training/47fe807509a8aa6afaf7b7b5f1da814a_30.npz
1921,8b16f219ceb4188dc4410620c606a260,test,val,straight,data/processed/waymo_e2e/val/8b16f219ceb4188dc4410620c606a260_10.npz
1922,8e23d3241ba27a31d9b87330ab627011,test,training,right-turn,data/processed/waymo_e2e/training/8e23d3241ba27a31d9b87330ab627011_147.npz
1923,6a4714318d9658148f2769dbf8537c1f,test,training,right-turn,data/processed/waymo_e2e/training/6a4714318d9658148f2769dbf8537c1f_83.npz
1924,21ca1edf853eaff7cc5dad48b04cf186,test,val,straight,data/processed/waymo_e2e/val/21ca1edf853eaff7cc5dad48b04cf186_29.npz
1925,ef6123ded27bb784e7de6dbf9415859c,test,training,left-turn,data/processed/waymo_e2e/training/ef6123ded27bb784e7de6dbf9415859c_221.npz
1926,c1b0b0fa74e3f6d13afdb591a0a6a8e9,test,training,right-turn,data/processed/waymo_e2e/training/c1b0b0fa74e3f6d13afdb591a0a6a8e9_152.npz
1927,b7686c4e2e09d6179a94a698a3a00c07,test,training,left-turn,data/processed/waymo_e2e/training/b7686c4e2e09d6179a94a698a3a00c07_79.npz
1928,908c1ec127011f344f305d0112ab7257,test,training,straight,data/processed/waymo_e2e/training/908c1ec127011f344f305d0112ab7257_30.npz
1929,d94e5cf01882f7c955f0aeb32d697309,test,training,straight,data/processed/waymo_e2e/training/d94e5cf01882f7c955f0aeb32d697309_30.npz
1930,259811fdb7f77fde856981c665e0b17c,test,training,left-turn,data/processed/waymo_e2e/training/259811fdb7f77fde856981c665e0b17c_122.npz
1931,9ae16327d2657a4be7efa06c7b3421bc,test,training,right-turn,data/processed/waymo_e2e/training/9ae16327d2657a4be7efa06c7b3421bc_115.npz
1932,8dd697642db29331611711a27ae1861f,test,training,left-turn,data/processed/waymo_e2e/training/8dd697642db29331611711a27ae1861f_146.npz
1933,dcdf78a96626816f99fb52316764f550,test,training,right-turn,data/processed/waymo_e2e/training/dcdf78a96626816f99fb52316764f550_143.npz
1934,63df8d1b5af7c9e654a10f1688277d74,test,training,right-turn,data/processed/waymo_e2e/training/63df8d1b5af7c9e654a10f1688277d74_142.npz
1935,64c3f8ce8c99d46f5ef849049cdc1141,test,val,straight,data/processed/waymo_e2e/val/64c3f8ce8c99d46f5ef849049cdc1141_117.npz
1936,5891ac2fdb48a9386b87754d2cc29996,test,training,left-turn,data/processed/waymo_e2e/training/5891ac2fdb48a9386b87754d2cc29996_169.npz
1937,731a84ba988e8b674972ed9dfc0595d8,test,training,straight,data/processed/waymo_e2e/training/731a84ba988e8b674972ed9dfc0595d8_30.npz
1938,450910c0dc4eded544737d693ee38b1b,test,training,straight,data/processed/waymo_e2e/training/450910c0dc4eded544737d693ee38b1b_31.npz
1939,0766fe2271f1c36b2a8d73885c913731,test,training,right-turn,data/processed/waymo_e2e/training/0766fe2271f1c36b2a8d73885c913731_118.npz
1940,7cde3eb1b5d878c0539cd4a6e42be8e9,test,training,straight,data/processed/waymo_e2e/training/7cde3eb1b5d878c0539cd4a6e42be8e9_31.npz
1941,1547f51d1ae311e2950ab0419b7c44e0,test,training,left-turn,data/processed/waymo_e2e/training/1547f51d1ae311e2950ab0419b7c44e0_29.npz
1942,d8556b6996449224380fb5ace9d44d6e,test,val,straight,data/processed/waymo_e2e/val/d8556b6996449224380fb5ace9d44d6e_31.npz
1943,9e4dd0eddc7504df3c354dd129fe2287,test,training,straight,data/processed/waymo_e2e/training/9e4dd0eddc7504df3c354dd129fe2287_29.npz
1944,a224251fcde057231c25a416cf078f5d,test,training,straight,data/processed/waymo_e2e/training/a224251fcde057231c25a416cf078f5d_30.npz
1945,5f6f402572300db82d03e488af74c251,test,training,right-turn,data/processed/waymo_e2e/training/5f6f402572300db82d03e488af74c251_88.npz
1946,d9f3e6a3e945367fb4fc780c413c871b,test,training,left-turn,data/processed/waymo_e2e/training/d9f3e6a3e945367fb4fc780c413c871b_30.npz
1947,22f8068e5d8350f9852ac1e637e41c09,test,training,left-turn,data/processed/waymo_e2e/training/22f8068e5d8350f9852ac1e637e41c09_11.npz
1948,f9f101f0a811d687d9c7c96bd53e41b9,test,training,straight,data/processed/waymo_e2e/training/f9f101f0a811d687d9c7c96bd53e41b9_31.npz
1949,6405e33c058ad9a32afb89318fedd66e,test,val,straight,data/processed/waymo_e2e/val/6405e33c058ad9a32afb89318fedd66e_9.npz
1950,f17e44388a430e099334c48f8df62601,test,training,right-turn,data/processed/waymo_e2e/training/f17e44388a430e099334c48f8df62601_30.npz
1951,ce714814d1ebe9318bf96f0e85d27d23,test,training,straight,data/processed/waymo_e2e/training/ce714814d1ebe9318bf96f0e85d27d23_30.npz
1952,174e64be320017d1895f82391434dce1,test,training,right-turn,data/processed/waymo_e2e/training/174e64be320017d1895f82391434dce1_177.npz
1953,20fb34b93a9451782c8ebcb043444a36,test,training,left-turn,data/processed/waymo_e2e/training/20fb34b93a9451782c8ebcb043444a36_44.npz
1954,f080f299ceb39381d9b76a49fc2a1aff,test,training,left-turn,data/processed/waymo_e2e/training/f080f299ceb39381d9b76a49fc2a1aff_219.npz
1955,c97cabae55d70167e869c17cac108576,test,training,straight,data/processed/waymo_e2e/training/c97cabae55d70167e869c17cac108576_10.npz
1956,83f003c5cca13447b36a3e23aceb3edd,test,training,left-turn,data/processed/waymo_e2e/training/83f003c5cca13447b36a3e23aceb3edd_137.npz
1957,9b0d28378699b1ab8bb8e3b65b7f066a,test,val,right-turn,data/processed/waymo_e2e/val/9b0d28378699b1ab8bb8e3b65b7f066a_221.npz
1958,6b922203a45410202bfdd90f5ea9674e,test,training,straight,data/processed/waymo_e2e/training/6b922203a45410202bfdd90f5ea9674e_121.npz
1959,928eb060aaf2c60f0ac65ef99d5f1703,test,training,straight,data/processed/waymo_e2e/training/928eb060aaf2c60f0ac65ef99d5f1703_30.npz
1960,bacdc4b568885cdb592539ea2ee8a766,test,training,straight,data/processed/waymo_e2e/training/bacdc4b568885cdb592539ea2ee8a766_31.npz
1961,bdc7e866a2b3b6872885d85ae891ba81,test,training,right-turn,data/processed/waymo_e2e/training/bdc7e866a2b3b6872885d85ae891ba81_143.npz
1962,0ff0c31f2673c84d4b2d5f60fcc55f11,test,val,left-turn,data/processed/waymo_e2e/val/0ff0c31f2673c84d4b2d5f60fcc55f11_164.npz
1963,6e73c2f589c607a008e4fd91932d36de,test,val,straight,data/processed/waymo_e2e/val/6e73c2f589c607a008e4fd91932d36de_31.npz
1964,9ab301015273c31edad2b3c6dd196d37,test,training,straight,data/processed/waymo_e2e/training/9ab301015273c31edad2b3c6dd196d37_114.npz
1965,c90a0552eff17d47f1fb4151e2c6334f,test,val,left-turn,data/processed/waymo_e2e/val/c90a0552eff17d47f1fb4151e2c6334f_19.npz
