seq_id,label,abs_heading_deg,abs_lateral_m
003b62820d0e9345eb025de35b046999,straight,0.6484701,0.17871094
0042b483892db48907e04dbf69a049f6,left-turn,32.003155,2.0651855
007083e22896d1fc775a6107ccd0b73e,left-turn,30.055601,10.7948
00a858a5e34819152ec72183524388c8,straight,0.2193129,0.001953125
00f20fd34a1ffd4ced354f04eea88494,straight,1.041948,1.1054688
014d03dc9441ee1e2a5d06f9c187792b,right-turn,30.665646,1.7125511
0193495a4e5ac512b09165d574247a20,lane-change-right,4.3356214,4.1621094
01a189e62a7f78c2e7ba9d7355ea0ed9,lane-change-right,7.423353,2.5915527
01b9b90b0f7980a89e552db1796366db,straight,0.16988203,0.49560547
01ea7ffe053360e23299f200ae571a2b,straight,0.260311,0.01171875
0264986e2919bc76c11438b12d0c5c58,straight,0.24974738,0.4375
0271d4de361e98d810da73f755daa4e0,straight,0.11016057,0.0038146973
02a177b78e01f1b4addacfaaba40287e,straight,1.2278881,0.48547006
02c97dc5bf4ec64f0a8a17d3c48a37d0,lane-change-left,12.365886,2.5114746
02e3dbba13732a15943f108b8de3634c,lane-change-left,8.350102,2.5078125
02f54c9ba4400eb41bc4602dbc2264d6,left-turn,30.614927,2.4389648
032e50866c794f199c62aa9ee17de3c6,right-turn,30.633883,1.1816406
03331cbc7ddbf767dc2fd374c2cc0684,straight,0.28587627,0.41796875
033e2967abfcd856bd82115ce8a078f7,lane-change-left,6.1376753,2.6191406
034fe280e4774e0c21db77baabf46a4f,straight,1.2889193,0.0211792
035a06187f561af78bda972fa8a85337,lane-change-left,1.3838409,3.7962036
037df340bf4b650fbb2cc036f9cab8be,lane-change-left,25.378717,9.5876465
0387cf79ac0e52893c1c44c0c9f54beb,lane-change-left,9.126582,2.6027832
03a45b0b1b4fa93d39c16dff004065f3,left-turn,30.275024,3.305664
03aa16b749340a29daf2564e772eec4a,straight,0.06448223,0.0031738281
03f7598e2e2d974de3031dab52643c36,right-turn,30.02985,2.4560547
041c7207146c48031321b50a0308a469,right-turn,30.333647,7.734497
047ac5eb5a49120be3f5ef8f41a840ad,left-turn,69.45868,16.000977
0490105184974595c9190e853f0c93f2,left-turn,32.349968,2.1113281
051438138504de2b3f7a5e00c82d1d93,straight,0.28887168,0.021484375
051b4464459ec44e35fe60785ee16a85,straight,0.0665586,0.0007324219
051ce5c30a4149e2e888f391cd01a211,straight,1.5978549,0.14648438
052646693411c39c146d51b5cb35de04,straight,0.22662951,0.14746094
053167f81996a833d06a5ff6973def32,straight,4.03373,0.5566406
0567a6190c726625fb02b1ee4379af38,lane-change-right,15.04244,2.6342773
0571eedb322b56343559983c6837c928,lane-change-right,18.02086,6.4257812
0573fd7234396291f2218b58551973a8,straight,0.24970722,0.018676758
05880d1cc5c996ae371bd53bb8a941c3,right-turn,30.494886,1.8330078
0599203ec8bf2f8d74924f6202673add,left-turn,30.384857,1.2878418
05a8f67d0b1d83191ca7334cbed19e66,right-turn,31.186956,1.3374023
05bbca2efe4f891f6302a06312c59196,straight,3.66815,0.5235596
05c8e9f423c12a6c2d49ec46f042abd9,lane-change-left,16.392776,3.2060547
05d15eac0d51c16c8eb6bf43c23c705e,straight,0.8700643,0.18310547
060668285a1bf0842660932dfbc7b135,lane-change-right,5.0409627,2.5332031
063ad136f168a4e7f34c9210250612e7,straight,4.9098105,2.2797852
066358b1dd3cfe763a7f71fb805833f8,straight,2.0583076,0.50927734
068cc278d6233a3dc18967eac693015c,right-turn,32.48419,3.3116875
06a7410008b8aac7b106df7252a983f0,straight,0.8566406,0.3017578
06df79aee12a29cd02a8bafe1e1e06eb,straight,0.05544566,0.028320312
06e105fe87768f913f1b3e9bda2895bc,straight,0.267105,0.024719238
06f8dc6ed52ddeba0ee8a6811924dcb6,straight,0.24195568,0.045532227
072ae5a4543eee1ed73e95bc93d8c243,right-turn,31.8156,0.83825684
0740a98ecd0fd75192ae56d8c86913da,straight,0.63627774,0.123535156
07536cb8f2c94b945b140531dfab6660,straight,1.5375682,0.7258301
0766fe2271f1c36b2a8d73885c913731,right-turn,31.443409,1.675293
078c12fa97e918d53e39a2b482ea3454,straight,0.9616955,0.08984375
078d73a8fff0d0e573dab5c0d27b2aed,lane-change-left,6.191215,2.632019
07ad36e096511357c816e555ce8cd6aa,right-turn,30.65134,4.2856445
07e88a49162f5d90210bd0dc59c1eb70,straight,0.074294895,0.11621094
08356abe36fdacc7c6402c18b633f886,lane-change-left,4.0870943,2.6496582
0853fafd01f5f063eacc2a41491cab9f,left-turn,30.568472,1.4543457
0856a3f1d05e3aa70d8284d5c67d5f03,right-turn,30.313354,3.5405273
08720a9a33dba798129d79b0762e1206,straight,0.696986,0.14794922
0886462cb259dd955aaa3e123c2516b5,lane-change-right,14.785839,19.872559
088b7a041cb2ca337d01497815e62813,straight,0.056296825,0.022491455
08a0e63da36bd3fade24514337eca65c,straight,1.2341188,0.15890503
08afa1b77e9acb1bec522a086d54310c,lane-change-right,6.409125,8.751953
08c8449ce47849cfe13f5e6f2bbb7ae5,lane-change-right,1.6762344,2.6191406
08e117dde1161b59e021d9a7f6d182e4,right-turn,31.046076,0.6465759
090bf2849b24bba653d15629e89557d1,straight,1.600364,0.11328125
09459557d8b2cbcf65607f171cb58541,right-turn,31.6501,1.6749268
098b425586b45f255163e72284636aac,left-turn,30.26759,5.7199707
099d23d258b298bb20e46a12dd21d7d3,straight,0.2352433,0.27148438
09a0015da9bb65d3a40ae5e0f01fc210,straight,0.17405045,0.0107421875
09a94ac4ad95bdc5a454cf9d8422c08f,straight,0.6604408,0.009765625
09b9e2833486794e620627fe91430157,left-turn,30.566658,3.9675293
09c15e52bcfb74a01a21e746c4b8125d,straight,4.8246765,1.4863281
09ce381ac908ffaaf48fb1447a9f6c32,straight,12.599053,0.77001953
09eb40901297db2745c2837e99a8f46d,lane-change-right,8.124303,2.761963
0a180b3d6dd4512c4e661844428ba2a2,straight,0.10556442,0.0013427734
0a1934340d114e3b393d61f5d519edab,lane-change-right,13.156846,2.6149902
0a1d91e45dc14f2d5e5f8492d62bfbec,lane-change-left,8.912742,2.616211
0a34a6c5210e3349c7b0c2564157826c,right-turn,30.68307,3.253418
0a74c27cf4e33634ee32825639fd4a83,lane-change-left,6.2413363,2.519287
0abbef08380d04c0a07e89ed3c132cd0,straight,4.163053,0.9277344
0b09b98fd05ef06fd26d638d017a643f,left-turn,30.657316,4.2314453
0b20898674e947547e253872f2a633d4,right-turn,30.573277,1.8232422
0b2a5e3955c976230320ea4802a316f0,right-turn,32.517586,2.337738
0b332b2cd3f8e82327d98aa7c9a04c5e,straight,0.41695583,0.013061523
0b5f55be89855c7caa9ce2e54fdfcda7,left-turn,30.95626,1.9799805
0b7df2d8edc6d5b92eb1d2cbf38c04a2,lane-change-left,5.724111,8.128418
0b8097d37ac2cc7a832e2978f431f843,straight,1.4835163,0.25231934
0b860fa8c13bc787e68cc44765b8064b,left-turn,88.51236,18.829102
0baab512943ef37ae2904b8c31d6b1d6,right-turn,30.075924,1.1743779
0bd5fa653c6a1443f3a6efe08412506e,straight,0.8150722,0.018554688
0bdcc1da851d8d3741b7c20b60e7e6c6,right-turn,30.92772,5.1757812
0bdf3d5fb2d9d813c8e8ea93efca1fb8,lane-change-right,4.6619225,2.5146484
0bec10cd3bb1618595b13440948602ad,lane-change-right,4.73669,16.820312
0bffa59f2a5d4141f6ea1a34d4bd029e,straight,0.103016384,0.2263546
0c48b1491f151d6460b4e565a7e3deef,lane-change-left,24.40308,2.6754303
0c7a4d13870e35461a22112db12d425b,left-turn,30.64826,1.6094971
0ca277981df684ccbd640b318348ad9e,straight,1.2186447,1.0769043
0ccbcc47f5d0920f6918be5b7148e05c,straight,2.1260374,0.58203125
0cd0152d77c319639de4da3d6ffd3ab5,lane-change-right,18.570316,2.5463867
0cfd11bbd1e1e85c0962e7dc1e7c307c,straight,2.4977942,0.99609375
0d070f368c421acfe849400e7fb15038,left-turn,30.432402,1.7480469
0d181081817683e5b95c9dc08ad8b064,straight,0.2801047,0.12451172
0d2c9f2db36834c3574331cf181f7d76,straight,0.056658242,0.44335938
0d3c12a8a1ab7c29cfe9ddffcfe28551,right-turn,30.306517,1.6025391
0d44fab3771e008b72f02651159a657f,right-turn,32.294796,1.3336945
0d5eddcaf8f134705cd2edf027af239b,right-turn,30.349371,2.0115967
0d9d56782714f2a3f411a79a69631d32,right-turn,30.815145,3.3881836
0db6f57c4c0a0592d2ba7616cc177acd,left-turn,31.667282,3.237793
0de6fc5f7806174865415b024ff53dee,right-turn,31.749067,1.3974609
0debfe98b7d0c1bf95e1da39245fa525,straight,0.15383337,0.034240723
0df79613c3e4e81b6f5fa566f32b5c24,right-turn,31.981638,1.9372559
0e131aa012965758190cf4ffb7f55203,straight,0.4315617,0.20947266
0e2370d987dc17db08d20392ba179388,straight,0.37644237,0.10644531
0e56ffb2ad3a3487d294e2eac09ade11,lane-change-left,1.8064659,2.5416794
0e69043c6d9a6ae5570362335af687b1,straight,0.11190267,0.08010864
0e705b208e3a6c0f0be042f89fc071d9,straight,0.17343776,0.11425781
0ea1fd5ec542ce5d980796ad13a769c7,left-turn,32.134663,2.5151367
0ea2bf041f84948fe577815f8c67bc55,straight,0.96863145,0.99936295
0eaf6f08eb7b83df35994a057433b60f,straight,0.74740976,0.05493164
0ec2897349e43bc659c6b0f8c2203c0e,left-turn,44.419243,27.839554
0eceeb4ab56cad84d824c1d7ac962990,straight,0.15518709,0.009521484
0ecf80a1ddbc850ee1c32bfcbb503c4c,lane-change-left,10.153547,2.5268555
0f39287c13adc2fd42f0d7af398ac253,left-turn,30.25902,0.18347168
0f436a589699c767c63efc6f993fcefa,straight,0.50255895,0.08203125
0f4659cb60eb67782862440c2009806c,right-turn,34.988167,5.2211914
0f6bdce16941d76efd0e722f27be84d4,left-turn,176.2536,0.018554688
0f781b40dbfa470c4de513fdff575386,straight,2.5672636,2.090332
0fa02d086dfd52bffdb1d854fe1a110c,straight,0.40419847,0.017578125
0faa4a35951b9d9a544c43982763a273,straight,0.055351883,0.091796875
0fc3877ee1ae9fdc68b149700bddfb3f,right-turn,32.47302,1.9416504
0fdba2bcc19c78417afbeecfd950bccc,right-turn,30.29183,1.8084717
0fe905bcab227d1939f372e1d0badd4e,left-turn,30.368946,4.9868164
0ff2a0b677059090b41b8339292c4c3c,straight,0.9884674,0.8828125
0ff9ae47296712107b1d9d70ea1ca5be,right-turn,31.92424,2.1230469
100319677a54bfbac8b95afecfa306eb,straight,0.681021,0.05419922
1007ae340e2f4f70f7b769a24e27a51d,straight,0.92817837,0.2644043
1009cba2a5cbd1c5ba50a205588df404,lane-change-left,7.590526,2.574524
100e52a4dd9d375e62d116271bcba077,straight,1.138826,1.0605469
101037a906ebe1e66490c97543462813,straight,0.041377056,0.0030517578
10216a7573b320c7479ecbedd9bddc85,straight,0.3500275,0.01171875
103dc9084754b71ee5fd40168f1fe289,left-turn,31.10194,4.7453613
1047dcd462a066534ea1f0745071c5f3,straight,3.1983573,0.23291016
10504facdf6447c5560d27f938640e62,lane-change-left,6.4120016,2.546875
106fda6d47094ecfb3572a165103e58f,lane-change-left,9.223671,2.5499268
10ed6676b902da9c0463f0e6a299ab6e,straight,0.044762317,0.00048828125
10fa32ccd61d791a8bd8b33fcae2189c,right-turn,30.998375,2.4648438
1197093242c6d610cc8349db6fcad5ab,straight,0.18018985,0.010498047
12164eac3d4d7f4e5b189b40275bdb4c,lane-change-right,11.247988,6.0180664
122caf776cc84da9212da9adec268a81,left-turn,31.087004,3.4814453
12340aa2af048e9ad8e080dc1ba6ed16,right-turn,31.520918,1.6289062
12663770f0360a2c0eb58225aea2d508,straight,1.2404494,0.3095703
12b43975d5ee9b414e1d9f42eb4853ae,right-turn,31.72358,1.8344727
12fa8358106a226910cc181bbdd6527e,right-turn,85.69808,14.199219
133bcb0e21bff4b1eadc6ac6f9a1a2d0,lane-change-left,5.351892,2.5009766
1377e90d8f93471565f05275c2977bce,left-turn,32.475468,3.1152344
138efd1466bd62f96844133e6036d252,straight,0.06409029,0.068847656
13a5527455f4e4a6bf8850188a5fac35,lane-change-left,6.685052,2.5766602
13f333c93516c300ba595f8b1f0c6cde,left-turn,73.223656,19.399414
143a2137dcdd1321600ca7e53515e17c,straight,1.1062868,0.9326172
146e7868f8cbeb04642fb2ddae19d5cd,left-turn,30.688452,1.5666504
148023fc437f474120fae06b1e35d6d6,right-turn,30.800947,2.418213
14c7e1fff8a921e9afb6fb37ca523aac,left-turn,30.201803,1.4472656
14d0a131a3a763bf8427d8da1a3be99b,straight,2.0240304,0.48632812
14f0bc6e5e44d533062cb530a04c359a,lane-change-left,4.7444506,3.1582031
1524c4e9c5042381c5c9b5f57f5168bc,right-turn,31.46342,1.3774414
1526ef0170494ac205fa6c1444f4a007,straight,0.07820925,0.012207031
1547f51d1ae311e2950ab0419b7c44e0,left-turn,53.75432,8.423279
15705ac06ef6d08d9e7a3ed96eba845b,straight,0.06070199,0.2512207
1598bb20a14310904c47a379f7d8e31f,straight,12.185843,0.37060547
15fbc8d29c7874eceef3710d8da455a1,straight,0.43249193,0.018676758
160b07ad7af32d3388baf4a0ba405937,lane-change-right,2.1948783,2.5283203
1694ed7e928a65c946477c15ef08caab,straight,2.649333,0.53515625
16b4eef5d7a47892e2342e6a83f5929f,lane-change-right,3.3534033,2.5195312
174e64be320017d1895f82391434dce1,right-turn,30.015162,11.045166
1757fd3eb6af59906669f8bcba13504c,straight,0.030258324,0.005859375
175efb9dc564dc20b677dc20eb4eab57,left-turn,30.181221,3.1293945
1761505e0c51287b3bac1d8b88a34a0c,lane-change-right,6.443181,4.928589
1778eaef28ee315648f99c9bd57f335f,lane-change-left,1.7714589,3.0514107
17f7af7110c6b393b4f477b4591beaaa,left-turn,32.545948,2.459961
1804ae265b7401e75becf5d2a8ba00de,left-turn,31.147738,4.8432617
1812536b3fda9a8a8ab7f6e8fb1c7fda,lane-change-left,3.0196838,2.5611572
18c0ae126c6652d0ba9e03dbc2043046,straight,0.19912796,0.052490234
18cd65b815d003889eb9598270825d9e,lane-change-right,4.972493,2.5507812
1902b2eddb83a40e264d3c72d2ee5861,straight,0.24121885,0.055664062
19053d854e5b90120e2817f43b50ac6d,straight,0.26238492,0.13183594
191ed6f62a0f4d1c23107f8f4939f153,straight,0.21427725,0.037231445
196e71cfec9ae702734c7fda930e7900,right-turn,30.586723,1.9155273
1970cd837e32cfe066096766ad569cf1,straight,0.07462721,0.016601562
198ad837b966ee6aa94040711775ce5d,right-turn,30.514507,1.9914551
19ab09823c6199e240dc0b8a0d9e77e6,straight,0.055214047,0.0078125
19c5b969e3642e154aba49123647fbcd,lane-change-right,0.9664919,3.7806396
1a0d9acd38dca8acd1b70f89a61bd2c5,right-turn,31.386923,1.6938477
1a7fc894c7a149d01cc35f977c8c2f15,straight,0.25392893,0.068359375
1a83990d75dfae47d52f0dfb029ac7ed,straight,0.06782037,0.009643555
1ab9a2ce575019750c83ea71a7124f78,left-turn,89.555855,3.8728027
1ad9342e6b49313e3985a28a0e642756,lane-change-right,10.3463125,2.5154722
1b1cab624824b4192fb2e660b711c0b3,straight,0.32725295,0.07324219
1b29aff02fa8db7837650e6b38358e13,lane-change-right,8.351183,2.5449219
1b633bce0a073f7dcb362c26285ee3e0,left-turn,30.22647,2.1452637
1bd1ad820a990c950cef9aaf2f68c843,right-turn,30.719276,6.899414
1bd3594ddcb2811c355c00db569327f8,right-turn,30.904572,1.605957
1c39c319d36a7033ad4ed58706c525a9,straight,5.0969934,0.07092285
1c3d50949247baa54eae139fdddb9c53,straight,0.978316,1.40625
1c494b573583a053542f4c238c3b11a1,lane-change-right,7.7385793,2.5867157
1c5cfc499913e9d56319442eec1a5233,right-turn,30.69175,2.0310059
1c5fb2c33eab29d9f262ab6a85e9caa2,straight,0.37231782,0.57141113
1c75a0843c4e17549d300985ca5c2d58,lane-change-left,9.540423,2.598877
1c78fa0e898230edb35e8d32eddf0b5b,left-turn,31.275244,2.6782227
1c80c8afdcdd472b6ca11bc44f0f370c,straight,2.4444802,1.2734375
1c986a4862f9bf107730d5637e178f84,straight,1.479865,0.90527344
1cb97f09982ee9a98cbb7755d917d71c,lane-change-left,4.715593,2.5107422
1cc0640e7c09665c196b5ba05ecdba6e,lane-change-left,7.4492626,2.5577393
1cedf70d27f8efaa2881587849d7134a,left-turn,30.365767,4.151367
1cfa05b3a650cb7d9ac39219d7df121d,straight,2.2455204,0.47577286
1d07df2803619c286b72b65039cef95d,lane-change-left,3.2722402,2.5524292
1d3625f54dfa3fd2b5ca90718dce0500,right-turn,31.901907,1.145813
1d3ef1b55232db82707cac69547c65ff,straight,0.23896584,0.006111145
1d732e8e41368d7dcf7daf5d8e8db245,left-turn,30.232561,1.2871094
1d75e15fc832adc6270dfbbe4b29f24b,left-turn,68.647316,19.788513
1d7c0f5b0a95b13950c8c9e66cd3f546,right-turn,31.120472,2.3120117
1d8e71407010d3766aa09112e4f8641b,left-turn,63.030846,5.1124268
1dc0dd10757270c34b550f09a383c5f4,lane-change-left,17.017136,11.272461
1dc6cd2a5c5e8e6571525fa142887b75,straight,0.4120672,0.005126953
1e01239e26ca34d4c0ba03610ccaf239,right-turn,42.673164,3.3845215
1e1643a9949f9a01bda8857b332284c2,lane-change-right,8.162329,2.5490417
1e202a92836b0fb03d52a424af821142,left-turn,31.619125,2.1054688
1e3013f651dd1f10c92e061153c56f29,right-turn,31.671131,2.2099304
1e5add3bbbc958089e3dc733978eb900,straight,0.45867562,0.011689901
1e6e79f716fa15cabf683caa5ee4e9cf,lane-change-left,2.561825,2.5536842
1e6ec4bc4ada213c5993bd94b37a75c3,straight,0.93166274,0.010253906
1e92a0d8ed3c16d6f18b2ae168804ea2,left-turn,32.70283,2.0836182
1ef64de69cd77d33bb1a394ac1a8856c,straight,0.10272689,0.0859375
1f0a3239a30e49f83c8c984fcd27a733,left-turn,30.487814,2.3041992
1f3f1dfb3fd6cb2bb2b26a7b2b7ea347,left-turn,52.55069,7.411133
1f734e64cd6d2dd72a8ff9690b63778b,right-turn,81.1493,13.31686
1f7f4068cc7ffb9669474e41d1d95131,lane-change-right,20.838354,2.5029297
1f8ab676f3dbc2fc091d8534e59c8a53,right-turn,31.298573,0.9760742
1f9b7592919fd6f3c8c420c713b063c8,straight,0.55354923,0.40820312
1fc2862de678ec89fa7f9b3ce1e5451b,straight,0.48649782,0.47784424
1fd95cde80bbc8f313fd2016e6cbf38b,straight,0.6632633,0.15991211
1fed79ef71913bf478caf28ba1251b07,straight,0.15448336,0.087402344
202351a6d1b75b1d29882b3df1dc9e70,straight,0.5365648,0.40429688
203edf7e1f4a845dba5e094283bc619c,right-turn,31.617945,0.12890625
2043417c3c6d05961f7aac8e886fe8ef,left-turn,30.842321,2.9232178
204b70da5bbc95d494143096c2cde598,lane-change-right,2.4978788,2.5683594
2052ea465cf9717bd1bb97b2f03c6e3c,straight,0.88779134,0.17138672
207e3be24f885e0cce1ec7ab5a143fda,straight,0.537492,0.001953125
209bab47770806622b4928107487fbc3,right-turn,30.404312,1.6989746
20b9eb9f36d6d6f4764e0b8bc5488909,right-turn,30.80633,5.4433594
20d3de4bb2bf30448705aea8a8cf0c46,right-turn,69.46314,19.8833
20d9de1f612c91da0bd76a6ba7365940,lane-change-left,11.9317255,14.304199
20f42f93e826b5645764f5c93a9745ac,straight,0.4970494,0.1352539
20f86382c5432ee86370975279e0a635,lane-change-left,18.40936,2.6551514
20fb34b93a9451782c8ebcb043444a36,left-turn,31.35083,3.0024414
211d8a56f423918c49b838a544050064,straight,0.24534665,0.06933594
214541b5720cc9ff0efb4b6b4b87ce1e,straight,0.54198194,0.20605469
2154e6dd04c45ea04ecf9e166860c704,lane-change-right,20.950768,13.033691
2172e29e7d46d8281562f33376b2171a,right-turn,31.076843,0.5502014
21ac31137e2913f0228b9b6beca337e2,right-turn,30.297832,2.255371
21d1601bc523e911999b2e887df93966,straight,0.3287717,0.7130127
21df436af6acd0732d4f58c6b7c76c05,straight,1.1366814,0.97509766
21e0de9774e19d372b87c5479a1f5019,right-turn,71.45892,21.983154
21ea350a1c7627681357d34fdf1fa74f,left-turn,60.58081,6.4414062
22040b1b7ac11f8bc24ad03bbda6d394,left-turn,36.73334,1.8874512
220519d9def0935f6c3e4c467f97f424,lane-change-right,5.896123,2.6489258
2206bbf7ef0fb79b11fca43b2d3d139c,right-turn,33.349197,1.6601562
2216d416593c88d7126fc511bd340f45,left-turn,31.43977,1.7133789
22489222a75a5d9babceadcd5209f9fa,right-turn,31.86447,2.2351074
2267328650d42a2ad8ed7fb162512c15,left-turn,31.799118,2.225586
2271bd89022361baae188614d7c98d21,lane-change-left,2.793531,2.5292969
22885eedb416430463d358cb6af67f02,lane-change-left,11.332702,2.5214844
2299640ad1404420aae953c4a4473946,straight,1.1818837,0.1003418
22f8068e5d8350f9852ac1e637e41c09,left-turn,58.76826,11.311279
2309be55d6d08e8d7ee28b702dcb2050,left-turn,31.826664,1.2490234
2310c70858fbfedec4e126e1ac06f4b6,straight,1.1102867,0.1977539
23144ff88cc96b7622b5f47ed542b51c,straight,3.4135523,0.4616089
231ed0d2293cca0fff8fa17bf6024e88,lane-change-left,4.349882,5.105896
2346c426dda7893ca2973ca49a126bb3,lane-change-right,11.812438,2.6796875
2357fa0df9e84b61a1fbe8e6c80efee9,straight,5.1052966,0.45507812
236c2807178ac2c97b32b8a7c3a82f3a,left-turn,30.135275,2.317871
237823c728e1c321a5579e8ca770d6fb,right-turn,30.386927,2.1260986
2381518f9fb9172740ca489fca44761e,straight,0.6323919,0.048828125
23b11b2f984db5917006696416634adf,left-turn,31.160349,3.4423828
23f709721e947abbce80b1f972ae2e34,right-turn,30.252808,2.912918
2453fa3b055c1fe5b06555e1efb66afa,straight,0.7791728,0.06188965
2477ae9cb3381dca2828b3aa9fb74e7a,left-turn,32.68803,2.4345703
248dd549a29a7e3bde91b4a95d0db0b4,right-turn,32.657337,2.5957031
24d0ec2dd208afe6cba23c30c4939c20,lane-change-right,3.6663556,2.637329
24ec0f65eb9621e7b72bc96bedac4176,lane-change-right,8.978944,2.5410156
25247b4f76114340220f0152999e1beb,straight,2.1350873,0.35620117
259811fdb7f77fde856981c665e0b17c,left-turn,31.110186,1.609375
259c6bd1af780891fe7655e69617b81a,straight,0.8503837,0.5202637
25a99370eafcc664fb95f0707dfe88bb,lane-change-right,3.1521146,2.5136719
25d0331c09ff4d9c0e5a44030406910a,lane-change-right,5.7673445,2.5247803
2621ae1e40eae7e331aa3aa4cc647ca3,lane-change-right,7.1949215,2.9055176
2640f9488737de42bd020ffa712c4e56,left-turn,30.414936,2.2609558
269c1f34e1a6c83a80e0f85244b31656,straight,5.6357837,0.6147461
26a4a9500ca60380340fe1580b40198a,right-turn,30.695322,1.40625
26a537f685e2e6ab411c855043991b3d,straight,0.72250324,0.3852539
26b1e4113bae6cc8efdb414d347d7c51,right-turn,31.252413,1.6054688
26b533b56f48d9c17b8c9e5977ae0336,straight,0.6097273,0.052734375
26c27b746c3ee0d1a76e04f8138fea3e,right-turn,30.29953,1.8919373
26d851f81f71db1975fe91ee303b3e2f,left-turn,40.057194,18.900635
26f3528e7e5e9500515f45fd32bde670,straight,0.9074277,1.1899414
271066d75dc73da3280e37021aa61fb9,left-turn,31.307602,2.7635498
2738dbf13830026f883946e16a04338f,straight,0.10165259,0.005859375
274b8d3f06830d13f84d2f2b4e276f42,straight,0.8623118,0.25598145
276512cd80c65fed48986b6a892b672e,left-turn,76.194115,18.04004
2766004f867c306d95eac05d9b70fefb,straight,0.43862003,0.0126953125
27729c149f08557d0bee5443ecf91e54,left-turn,30.666306,2.4802246
27c2641b6ae8209b1e6d40bd23e61d5e,right-turn,30.537918,1.7810059
2807b24fc6d3a792ae32f4590ae09698,right-turn,32.810463,1.796875
281ab886459d1ea27915347cdccc3192,left-turn,30.83899,2.5019531
282f018e914e96fa3336d75ef304b750,straight,0.13073742,0.0087890625
28db9cd6c222b1e25fc4665d41bb01ee,left-turn,30.88247,1.9433594
28e5ed641cf8cedb115607af063c0bae,straight,0.4525975,0.015136719
28e799231b9458c962ef805ec5626dde,right-turn,32.7186,2.1342773
2919bc133b16ce87d6899fc351feb8fa,straight,0.4057319,0.015380859
29595e6da9c295852ce15eaee787fb9a,straight,0.2549289,0.006713867
29769d067532845c707ff78a86f55d13,straight,0.3360697,0.010437012
2977e07f20cd30de8a2359a5ace8cfd8,straight,0.29900977,0.088134766
29b5ee33fef6239e703a27e765a92d8a,lane-change-left,4.4770474,2.5327148
29db47fb69617c02d44f2b858151cd09,straight,0.49146575,0.4140625
29e71576e5a836b014807ca3b071860e,straight,1.9379839,0.19042969
2a0c07c15a1e83b4851fc3c9359797bf,lane-change-left,3.4795547,2.5585938
2a0fd82f0b561ea9f4177a6719df11e6,lane-change-right,4.9396625,2.6557617
2a3a47579431312cec081bb1fc0f03b3,left-turn,30.314594,2.1383057
2a4a7b4003ae7bbf94a96eb561e7ead8,right-turn,61.47506,13.886658
2a5310a767721eb2e05e074cf03ec77e,straight,0.6807106,0.015625
2ab86eec6b8ffac329baa5f0077e396e,right-turn,31.30231,2.5377197
2ad9c461939968b8732f6666dd15b927,lane-change-left,16.130997,2.630371
2b2d91fe63810138d0f595e47c43de9a,lane-change-left,13.110607,2.5318604
2b492f2f2e75da8551d2ea1c6dcfee16,lane-change-left,9.042441,2.6296387
2b75e328cf24ada5df567344b03b346a,lane-change-left,12.568469,2.6870117
2b8dba354d1de74eea717baf3f7ab8f5,lane-change-left,13.054349,12.387451
2b9682854a8be54819ec219c4091cea9,right-turn,30.31026,1.3739014
2ba01032ca35dfbf69f80a2b07d13910,right-turn,30.175621,1.1113281
2bac7d1320ed2a3af74f3f2febe5e310,straight,0.062879585,0.020629883
2bcd5e8b34840d58625026bca0e3b1fc,straight,3.090959,0.6484375
2bd56ad18f3aa9e1c12d0637c5841b78,straight,0.35345945,0.048339844
2be138e5e95d41d3b28503df943ad05f,straight,0.08196775,0.18945312
2be37a03c653b55bf6db7e0701313015,straight,0.67507726,0.27734375
2c0ce31b65b6f0a892fcdf9f7b4d243c,lane-change-left,4.186532,2.5092773
2c7b8af36bf729f5ba07b726ccd39d3f,right-turn,31.309711,0.7458954
2c85fffb4f6aa61fc407b08fac1d5f23,lane-change-left,8.643956,10.483398
2ce17b90ec5e16ae7345859eb8f9961d,lane-change-right,8.581241,2.536621
2d4034896aba1834da92d93e3ab4ad3c,lane-change-right,5.833735,2.5551758
2d87ecfaa58c09cc9a101a8a75f67cc4,right-turn,65.64482,5.630493
2dbc566c1eac3d661b78f299a9c5727b,left-turn,38.44104,20.922852
2dc3094a97874c342deb2ee0dd7878cb,left-turn,30.279877,1.392456
2dd7194b1086369b60bd803be3a5e218,straight,0.28832087,0.025939941
2dd7d6b93ef3612d3d46330046cba31b,lane-change-right,8.431382,2.5861816
2deffdfaab6ed7ae05d186341c3306b8,lane-change-right,3.7936532,2.5495605
2df2b6f1723718028d41345a9aed4ca4,straight,1.6836829,0.45739746
2e6afee0ca92865fb6c62a70ebb9b585,straight,1.1664822,0.3918457
2e85208e9450e97ffc7ef71879691295,straight,0.3395359,0.28222656
2e8e82bb03417bb953b44e1e345447a5,left-turn,77.41695,7.17334
2e9a8a05bbe6ef1e53fc140d875c0500,straight,0.063789256,0.08300781
2e9c18b832f91f2cc04e6856cb664d1c,right-turn,31.61763,3.2471313
2eaeb71750209bd465b300c6b9d6f4c7,right-turn,31.276749,3.543213
2eb33d56475b01c9bb9c8dc640009f1a,straight,0.25519198,0.6035156
2f3a8f019bbb8b48e8e46c6f7bcca3fd,right-turn,30.711327,1.6069336
2f4fbf5d5b06636a6ed5ccd994bd6158,straight,0.31116864,0.07055664
2fc69fa104c27722f4062b28cd144011,right-turn,31.834227,1.6513672
2fc83038cb02199f1e530808f50e3862,straight,2.3181071,2.291504
2ffb582fe772ccb7539a7801ad3034e2,left-turn,31.16781,1.6818848
2ffdaffdc16df1c77bc976008fa4066d,straight,0.6444655,0.096191406
3008b6b2f152199adc395781e1709c4f,lane-change-right,17.424486,2.5864258
3008bcb2457bb5625988469c49e5cbef,right-turn,31.233952,1.4467773
30465d51196f9f8020f3b01ada513e4f,right-turn,30.487583,0.49047852
309b4ac4e68b970e4aa1eb009b9ead80,right-turn,31.909351,1.9212646
30a225c600d51a26b13f56c1ee2ec140,straight,0.025995715,0.0014648438
30b4531ddf40e82433a4261725d2498a,right-turn,31.646574,4.192047
30b520883604c1a3433c263d90f66637,lane-change-left,28.22491,23.333984
3107aeb92c9f24ba3aa16162a9cf3a39,straight,0.22821273,0.037597656
3118acbc7bdf5b5c67571fdd0f07e35b,left-turn,34.23971,3.6503906
3129a76a0ea8a71a604f25c27f89db39,left-turn,30.432825,2.8442383
3158a007c7369bd8306176cd7fbdaeb5,straight,0.5382653,0.12695312
31748d2e68a72a016cd61a2993520209,lane-change-right,5.3943744,2.624054
317e35f40b517974452fd174df950a0c,right-turn,30.960402,1.9121094
31c67fe6e783d2fbe2b22a8e21f21fa8,straight,0.17067441,0.095214844
31e0af8457037bb49790428f9b088f8c,straight,0.71602416,0.3828125
31ead8a9dd905ab2f3b836e8a4accf89,straight,0.0045237993,0.020996094
31f7b999608bfbe741b736a6bd8f0a66,straight,0.0909456,0.0024414062
320983c5491ac1df6ee938601bf3f769,left-turn,44.308704,11.428711
321c5b42f96755fdfa204330b443697c,lane-change-left,6.3564386,2.5785217
322e6ff5a529b28488ea3a146913fbfb,lane-change-right,4.0353794,2.5566406
322f9f40264b2e90e2745eb1f2de039f,right-turn,32.101368,2.6420898
3234e63425994d2ec05fcacd6d7df5e3,straight,1.032898,0.55333424
32499a10e22784d89031d1dc387ef86e,lane-change-right,3.4994733,3.1645508
324a1e8ed718b9a3034ab6adfb536151,right-turn,69.80278,14.407837
32726e9a1c60b9c89967c8d1711d5ea3,left-turn,31.023561,0.81591797
32749a4129c9a35856fbe9270a1f07c8,lane-change-left,6.55284,2.6210938
328ed314bdaee3b398e88c97a55c7172,straight,2.2893033,1.7729492
329d6bdb1a3d9b6d0f963ef3918036f7,lane-change-right,7.211324,2.5541992
32d77fcf792a205991979e7ee888df74,straight,0.79727393,0.09350586
32dc70f74081007a59dcc623cb29a7fc,right-turn,30.57236,1.6875
33082709eb027227a35b30f4190e0e0f,straight,0.038964033,0.421875
331f556a23df09444499b03435dcf752,straight,1.3103659,0.21777344
333caea9cb875b610469a90e9c07d62f,straight,1.7352811,0.70947266
3353933bf837d334f33afcb50ffcef25,lane-change-left,2.91357,2.5039062
33797568ffc4878e672a9249e26b8c8a,lane-change-left,7.4543324,2.518074
3389c72c9c7f5ccfa28d3a50c63e1715,straight,0.02772108,0.0107421875
33a1c9ee348f40c2a68dc5869b03e586,straight,0.051591296,0.00390625
33c39f3df0761a8a276b89a785fc30b5,lane-change-left,7.78732,2.5722656
33c55f87118b98fb5b0ab415545ebb72,straight,0.03164,0.32574463
33cb131776b793df008547c58018213c,lane-change-right,3.374887,2.5878906
33ffcfb0ff24eefeb4471e4d60bd673c,straight,0.89094037,0.21606445
340130c8f321505edcfe22e9bd03b530,straight,0.4192094,0.06762695
3452a52bc1cfb7e2e27049dca043a2c6,straight,0.48343852,0.022949219
3467c79e47280ad548a440e8366c008f,lane-change-right,11.197666,7.7304688
347204fdf2fcea7da480237099bf7eb5,straight,0.37615454,0.3359375
34d9ce94b37d47112f1da12f1cdc5c63,right-turn,30.476696,2.5616455
34dfe1703f153b71e3472c1b81ad9017,lane-change-left,4.6460967,2.5527344
3505a601667026c7df4b21cf1852057d,right-turn,32.13893,1.7036133
3509b7c543b5040670086ae767830d78,left-turn,31.50737,2.579834
35249c404489f298f7cba2b5448f97fa,lane-change-right,5.4223166,2.6460724
354ffd59eb921c9592b2303f531c9c05,left-turn,80.511154,12.023926
3550f1da3fe4914d15ec7aeb999fb60a,straight,0.02941202,0.020507812
358fc249801507efa38509377e975e79,left-turn,30.639133,3.025879
3595906d5579fe2e1a5aec728011630c,left-turn,31.892576,1.6699219
359c45aecf1cdad2e0217bf89eb5a5ec,left-turn,32.16877,4.355957
35ad4a6be1fa4121d727ebce3f46d3c1,straight,0.9340819,0.546875
35ce701953e63ee12189493ff16c4449,left-turn,31.246222,3.5285923
35d0eb6f5a4f492733463df579c76c24,lane-change-right,5.1170197,2.5003662
36190cc82b6b07bea577f0d4bfbc9730,left-turn,46.80926,6.431885
362c7e74f9e4d2579f4c9fac9964ad44,straight,0.3453349,0.057128906
362df24f596622e8957cbc09969ce670,straight,0.002812897,0.0018005371
364364876c9f91198517e5661775a2dc,right-turn,31.793476,2.0644531
3646f12d178c6b1a8a101f7fb4039af2,left-turn,30.443964,2.8642578
365f7bc85a59c58b7f3e0b6782750e7e,straight,1.1620611,0.13769531
3686c070f4c6e3cb3294801cc8f7dd45,left-turn,31.678604,1.8125
368a4d767bcf1f2111baf0c553bfc827,left-turn,31.516,3.1047363
36cbc84552200f0982d853310d68506b,left-turn,31.274246,1.480957
374910b0b8b2c19e01f4cd895887eceb,right-turn,30.07091,1.9248047
37505ec1a87c9ea4ac3c7c42928595e8,left-turn,30.744623,0.95751953
37a2c25c4226c2a1933b86223d24be3c,straight,0.2543676,0.0970459
37a594f0070a57373d913a0670dfcdc9,straight,0.3138568,0.22021484
37a66bdf2dc5aaff14284f7e16294e77,lane-change-right,7.0346937,2.5253906
37b6c738292a9414efa5a45290a3159f,lane-change-right,15.769504,5.3217773
37ba76345836e5566857780c1b14b006,straight,0.25465524,0.3408203
37c2b40d8b7866ba75a633f0d3d9c1b9,straight,0.72332364,0.33251953
381fa362fd58c0e91a567c6e4434c967,lane-change-left,6.642517,2.9101562
382159359266ee90192e5a6bee87159b,lane-change-left,5.4908724,11.621094
382435cbc2681dd696589de26a9d73f7,lane-change-right,10.655968,2.5454102
385689c856ea095253c84f4eeb9dc6f5,straight,0.17421725,0.37963867
3861d8961160054cd94398dec63c8b87,straight,0.23139295,0.0021972656
386ab3ea618efe54e7a714d4cb1c26d0,right-turn,46.76742,10.352539
386cfd03cbdba5c7189e1e25dfd5ce46,lane-change-left,12.113461,2.7509766
387a1ca95b93735047e41f0cf2580d15,straight,0.67768484,0.044433594
389d3da3535b3d3320bc004466426775,right-turn,30.407406,1.5732422
38a028785e6dc3dd4045edbcdcb81608,straight,0.8166407,0.21679688
38abb0d354833b6b4ba4f6078bdb617d,right-turn,32.010674,2.6571045
38be6d29114b810a9a2df2783828948b,lane-change-right,11.856026,4.38052
38d06fbd3ccc7b1862282c0f3132affb,right-turn,30.545813,2.008789
38e0028c52d4b6fcff383c789c7d7b3d,straight,0.43681958,0.20959473
38e76851209b9a3d1e4096b24672e39a,left-turn,48.011658,13.379395
390023c32e8bc1140d82bae15c6f4f24,left-turn,31.318123,2.2833252
3900c985fc6435224e406057f9136309,straight,0.2686754,0.091796875
3975f1a050ffed03c03d91278e2d4841,lane-change-right,11.910715,4.0908203
3989f525dde8a91fbc2561467e96e8a6,straight,0.79222715,0.02960205
398fc14a4b1d2a00773c9b96462324e8,right-turn,31.468637,1.8666992
3991d50b91f302c55197eea33fc8bb71,left-turn,31.10432,7.526367
39ac0a646b531ac3bc404af1b68cc2dc,straight,0.601313,0.56689453
39e7eb643751b378b7efd606453d2a0e,lane-change-left,10.79787,2.6230469
39ef34bff122f342389c05471bb9ed28,straight,0.4323879,1.9628906
3a0614e01e50c8ab796043e6dd266e77,left-turn,30.441957,2.7783203
3a5443d94fedb99fcba4e75547dc8f82,left-turn,44.81121,17.209106
3ae77e615e74eb6391a36c67a0be138f,right-turn,76.198166,28.863281
3af2f9c169b9bd2c6029e0585815293f,left-turn,68.23363,13.204353
3b0ae1df17333ccb8dd1e9bd24825de9,right-turn,37.755703,17.94336
3b0db7279d0e346cd3a71f5e55969ac0,left-turn,81.947525,20.535278
3b15dfd1c9e115b79fd0c2345ad07513,left-turn,32.23206,39.7417
3b1d078574dda711129b43de35873a5c,right-turn,30.687752,2.4223633
3b51f290af7362c445ef81211d4c2c1f,straight,2.7331977,1.9472656
3b7ebdf01c9a624d679011973eeb7f49,straight,1.6970241,0.034179688
3b90315089874e427e6b0599c1496fd6,lane-change-right,8.847836,7.7680664
3b9eb0840896073db845949e12e74930,straight,0.77064073,0.3671875
3bacedb13774056ed72d17e1f9afce98,straight,0.23046324,0.14746094
3c3752934a8eaea0ebb61debf410fa75,straight,0.28606647,0.014221191
3c49a2054fcbbfd8e186bbe2bdc7a2af,left-turn,30.007877,2.6992188
3c7bc646ab9da9db9219330d23d8ba9f,right-turn,32.58382,1.265625
3c7ee39378ee66eb14ed7014221fd9f2,right-turn,30.130913,1.9101562
3cac1ce268b0f297d916677489b0b0ec,straight,0.81633115,0.3585205
3d0f80563e78588b65b0643875f8c18c,lane-change-left,11.712027,2.5302734
3d12536e408a8f2d349d47e5d0f45ddb,right-turn,74.28281,17.964844
3d26da8b683472ee3002d3f27f4337e5,left-turn,31.33705,2.2988281
3d2b3bdf7d960fe93170ccf32f2d6872,lane-change-left,6.7426677,2.5527344
3d5ca62d4bc3d335dec208e851d03535,straight,0.30702248,0.20202637
3d5cc6aa569e826235dfc984c1079db3,left-turn,32.638737,2.0598602
3d998d6cebac60243a63ecb4bf2baf2e,straight,0.23420672,0.27906036
3dc25ced8a65ab9eb2f87a2c79a33017,left-turn,72.117714,17.84076
3dc3cfe6b453120dd97c298a3e3ab421,right-turn,31.213543,2.7424316
3de0f39bee9bea1e3ace723986115455,straight,0.616442,0.15771484
3e14f2dfc6c268c2755dfc48722b0e0d,left-turn,31.26886,2.2329102
3e18c3c1714dfdb54e8aec32e04377d0,lane-change-right,5.3668933,2.5466309
3e1cfb4f5b453f8f1b3ba9809216d5e0,straight,0.40784127,0.001411438
3e654b6e24d6a00637a1478452ee6b3f,right-turn,30.784403,2.1445312
3e6dcebc46783f981ec87cbd2c2fda8e,right-turn,31.590403,1.2712402
3eb8d4b12eaaac3feccb36e4f6287d7f,straight,0.7677356,0.15588379
3ee18b224bd294dd527d3aa0f4014fd1,straight,0.40519744,0.23144531
3eec7f1c19356a3403ec40817c67248b,straight,4.5845594,1.2260742
3efb1579d38812e51084594aaf867cf4,straight,0.142053,0.008407593
3f05136479bda5b363c453dc152f40d4,right-turn,30.36181,2.005005
3f7814ab09f452ef42c958a1531b1ef4,straight,1.5085447,0.095703125
3f925a82865891707c3022e7536c9163,lane-change-left,4.903414,2.5213623
3feb3e294068cce86c52ede02175e9bd,straight,0.5822027,0.0063476562
3ff4125c4a791b8abc63b37c188cf8f6,lane-change-right,10.292959,8.022461
3ffd8f6bfa7030b8e86678fec09edf74,left-turn,30.77652,2.286621
401acec2fee9e9d3b9a393f0c7b6230d,lane-change-right,17.865824,2.5664062
40a06e079b7cef1ef9d45a63a1105815,straight,0.25171894,0.08154297
40d539aedd844b2e8b9533dfdcff12b8,left-turn,30.06022,7.510803
40edca27477839f1b5b80a3ce4ba4327,left-turn,32.264175,1.6469727
410212deeb2216d0cd273ef037072733,right-turn,59.268753,5.2888184
41314439f50b64452b17eafdd45af169,straight,0.073223956,0.008544922
413f1773509db7d3eda2aaad7cdc9659,left-turn,32.86481,2.82872
417045319988a04d09445666448e35ef,right-turn,30.626116,2.072754
41b9d9675d8be0f31dbb71d399472369,left-turn,31.140135,2.0878906
41bfd17e3eda72e04565c52ed539ba9e,straight,0.4185288,0.03515625
41d4846a852f0bda8aeffbc82ad6c6fc,right-turn,78.536064,18.066284
41e383fc34b18fb60649a1af71c2d963,straight,0.014510259,0.28137207
42021beac19cfe790632491f66ac9b11,left-turn,48.95907,28.581818
422c259db5a2326f3b6be4a10947b5f4,lane-change-right,7.8022656,2.578125
422da3f820867f469c1118f718cbf9f7,right-turn,32.781914,2.0439453
42451935d11654513bbcd66b5a61a551,right-turn,31.726292,2.5742188
4259b098211c82350826ffa4ef42dba8,straight,0.86586523,0.26171875
426b39a37107054ba37f3feb8ea52bcd,lane-change-right,8.916301,2.524414
4279c9915c83c1dff1ead0cc6dcdfbec,right-turn,59.326138,4.407959
42802ff1ea764b1e8ff1d50d19de9115,right-turn,51.159317,3.786621
4283302e5ea09d4075326c691bb64425,straight,0.18923126,0.011962891
42b65e43c0248e89c2909b6ad2b37969,left-turn,31.114399,1.2107544
42fc0aada320664d46bec06317eec6f4,straight,0.85084903,0.18359375
431a2cbff4218d633ab7976dc06c4eda,lane-change-left,5.1509337,2.6299438
434b0931c59d6a0d66551cefc149b470,lane-change-right,5.391134,2.5654297
43540a9660a284a8c6d2d1ec429e510f,lane-change-left,3.7088459,2.5163574
435e26e860c071b1b76d61eb24d1fa59,straight,0.013570344,0.052490234
436081c390ac5db93530b8c6215b0c78,straight,0.09924416,0.06604004
4378fa311cf180d23b06cad6eab55f46,left-turn,61.268192,23.019287
437a32b261850bbf700751fe842683e9,right-turn,31.61719,1.8704147
438a04f1c1bfe38274e517e93681d622,straight,4.828199,1.2456055
43c8aaf2870a7d5864dbc57e83749a11,straight,0.32969928,0.09033203
43e54e929c62f3aab7ed77e9df8ed9a7,straight,0.2207428,0.01171875
43fe05892988e26b99aef92b4ec32df0,straight,0.54984903,0.032226562
442087ad02206aba7685078a3e93f1c3,left-turn,30.325085,1.2446289
442f2f5e995b6052b507794269250831,right-turn,41.5278,3.725586
4493fef3ad6f9108d3f33db78932b207,right-turn,30.79964,2.5136719
44e265ef426dac9a045b82c329890fae,right-turn,31.012182,1.6174316
450910c0dc4eded544737d693ee38b1b,straight,0.34255186,0.41601562
45119af3ff4c0af055dffbc772ee5ff6,straight,0.8193562,0.3671875
45210d77c8d463559a08b3c268113983,right-turn,78.7568,6.737793
458e7743864bdc9ca7b52608aec5c7fb,straight,0.76523536,0.8925781
459588caef20ded24b17da65f7ee929c,straight,0.039533768,0.0025939941
4641b2464046b34e9c2a1716a1e8c2db,straight,5.0048733,0.8796387
46b378860c66284914bb4879a128842a,right-turn,30.008575,1.2539062
46d9bf6665de9c09dc462804a3be9717,straight,0.22421615,0.3720703
46efa4d045e4f13a1d023ce61fd303b1,right-turn,32.847206,1.9243469
4763c688e87faa5a17a2323559478d2f,straight,1.8148742,0.1574707
47bbd6975899713ba839ec3ed69c31a6,right-turn,31.05392,1.269165
47bd067ea4b3398b0cd5a32eb2188633,left-turn,32.39232,2.5273438
47c9dbe4aa67d803801eae93dd18c1b5,straight,0.03280085,0.00390625
47d66149c4407b0a70d0c926de7fb142,left-turn,30.940178,1.0001221
47e3d70005cb1e8a7ec489b28b55ba8b,left-turn,121.527664,17.261902
47fe807509a8aa6afaf7b7b5f1da814a,straight,0.4033956,0.37109375
481feef6dab066b28778a63ea5e70735,lane-change-right,10.464106,2.6661377
482e02b0e80f3904a89eeedc2d78ef10,straight,0.6057276,0.5625
4845950d22ecca0828ca7371af78ae7a,straight,1.0314608,0.17114258
4848b3feb99078a8d06d93b7e779655e,lane-change-right,4.0270658,2.567871
4869a00441283625e8e35c90ffc17f35,straight,1.5272094,1.0078125
48828a351d15b812bfcf5405d9ec995d,straight,0.30577457,0.16882324
488e6713cc9a329ba6c73b77b12b84f8,right-turn,30.41312,1.909668
48b423002fd1b8726ba21dba82bd1e75,straight,0.12036886,0.005859375
48e124e7761ece961512112b94f86bf9,lane-change-left,10.551487,2.5273438
49169b810535f58d08394e14f4af8778,lane-change-left,11.163561,2.6777344
493f3734aaa1ab982bb425c5618d821d,lane-change-left,8.587235,13.771179
49867764041becadcf061a9837861fdf,left-turn,31.397484,2.8632812
49bb55727211e0894a706795b212c5cd,straight,0.30353048,0.009521484
49eb73682e180aff9f960761ec27e62b,right-turn,30.841755,1.9584961
4a33d575fdad9b7e1d171242c05bc94d,straight,0.14446567,0.0028076172
4a3b6441d1b40aa1daa316da25acac92,straight,0.46778598,0.40527344
4a7e646a0432bf9bb3f253b6495a6597,straight,1.2374622,0.10595703
4abdd8c60e93fee54de18179a7f632f1,straight,0.54964453,0.07128906
4ac57ceb3dfbb475f01b17d5ebbb03cf,left-turn,31.029615,1.550293
4acc516ad699822ad2b4fa2dcd08a515,left-turn,30.08274,1.7844849
4ae58eefdc84c8644518fced9f5eb2d0,straight,0.28850135,0.100738525
4b128655d7318292c021aa3d21652135,right-turn,30.511595,2.3701172
4b2af39311f13658d5bd70776565201a,lane-change-left,8.302531,11.136719
4b3ea2f464700e01971df3f40f8cf14e,right-turn,31.11762,1.8076172
4b5bcff2268cd976db4400270c75e2bf,right-turn,31.428772,1.8344727
4b75362a161ce96b6976fdaa5d59f1e8,left-turn,32.667725,2.1636205
4b8d2262ac249572dd4fc194a98bd1a2,straight,0.8078994,0.02709961
4bcf543d03976924d35a9eb050b53684,right-turn,31.911167,2.2597656
4bda1aa49344bb3649b35930df569568,lane-change-right,9.595623,3.1367188
4c09b7229c12a3e7984c0fbbf6276d0c,left-turn,30.003496,0.9145508
4c0dbe21ee85e541ccb13bc49436c6c1,left-turn,86.03184,26.773254
4c15d63591fe469df4720a459cfe404e,right-turn,31.725206,1.9350586
4c1967287fb0b6b4624ccf4a8266a295,left-turn,30.6871,3.4091797
4c399dec1705d434d4fd0df06c63b407,lane-change-right,10.05196,2.5430908
4c6d1f08f74e4db1a494ccf73279d5f2,straight,1.0994455,0.044265747
4cc72794cfb0f4d1eff06bb3c3ab3e54,left-turn,30.566696,2.7607422
4d79d9f3f68dec04c60d6c12f08c68df,right-turn,31.593466,1.9492188
4de7788689e9f683890af6b5a303e8dd,left-turn,58.44419,14.581543
4dec2b1c8d324c6d5cae25b32a2b0c5d,straight,0.45412245,0.0234375
4e1c92902bb9766a85e803099ba2781a,left-turn,30.351105,2.0911865
4e41440080130b763592c087505c602c,lane-change-left,5.3953233,2.5810547
4e47621186cd9908268bb7497707374e,right-turn,31.561176,2.1035156
4e65d2f7e8672fd467a01ff1279a2b6e,lane-change-right,5.159084,2.5234375
4e92684362c838dc0a690421f3046c66,straight,0.4337554,0.055786133
4eaa8865efc52e269bae327d31e883db,straight,0.03596343,0.0025634766
4ee69330cbcc705c05bd805f4db699cb,lane-change-right,7.5582743,2.5742188
4f0ae99af3b4cbe0305f8d49f25c3968,right-turn,31.768988,2.1968994
4f1faae60d895559fbd2629fa61e23a8,right-turn,30.146688,2.2011719
4f417e9ff9778b62d94683adf1b570b7,straight,0.09055526,0.006591797
4f66c35b23a3a33f89b2a653217e542e,right-turn,30.98636,1.7197266
4f8ef209806972f88a7d241554c882a5,lane-change-right,4.9588575,2.5058594
4fab8e1b650f9169253a423381f76325,right-turn,30.909569,2.1933594
4fbf3445fba58dc61068d6ce29b4bba1,straight,6.741216,1.8414307
5013ac7c95191f2b3fe29f0ac27dec1b,right-turn,31.360292,1.8996582
50346569068d0af2d9999b9d77740a0f,right-turn,30.457048,1.5180664
5038aa6481f51a34fef5f3dcb0e70a79,left-turn,31.081638,1.902832
5049033e08a7c00b0d77ffabf8181837,right-turn,32.570503,1.9980469
5054b565f3a93cc51f50e1d152500368,right-turn,31.852398,1.8453369
50583c556d9028c66fa8766b795f9489,right-turn,31.512753,1.301117
508be8ec1854ec7d7182bb4e554def31,right-turn,64.601875,5.6308594
512a600f74ac4571680b54b27ee30105,straight,0.2045544,0.0029296875
513b0fabff7429a1e6e8f13122150dba,lane-change-left,13.237165,2.6513672
513c9aa7340155f7a37e4865396bb00b,right-turn,32.877987,1.84375
5143859b979bdf517ec4d9e3d2a10ede,right-turn,30.418665,1.6484375
514c77ab304b03f455bc895b997d50ac,straight,0.80139625,0.4506836
515241533fd277a1acf11b271988fde5,lane-change-left,7.8575397,2.506897
516c0bf487a017755921538a8914d5c3,straight,0.39995483,0.09472656
5198429c2071128d979e0a5e1cc0aa59,straight,0.19086477,0.2199707
519ff17090df1571d0c70c7077621ce1,straight,0.6426857,0.51660156
51b54fcb826b2fed862a83f37b91a838,right-turn,30.145414,2.1972656
51b8515bf0b34995f9da2b43e68a0148,straight,0.9444895,0.16101074
522da28d44bc0301f435f80a94962687,right-turn,30.850447,1.8186035
522ead2e514512512d8f5b1653d99a03,straight,0.10379659,0.0014648438
5236918f176e326ea0f988234cf12c92,right-turn,31.068743,8.766846
52549d318aab92d9505e4e545ef684a2,left-turn,30.995844,1.5078125
527d5372ef1140df95e9c010660727a9,right-turn,31.438385,1.0161133
52a1b802e14f72aa2cf079a3bb3a0d71,straight,1.4157243,0.17285156
52a64e46a41cab4ab2a31802851ffb40,straight,0.3848544,0.015136719
530b65f35ad9d1bccd9ce2cdf492389c,right-turn,30.751423,2.505127
532c05a7486a1cabce2b8f35579d700f,lane-change-left,4.749718,2.5009766
53436dd61ddab1df89314cecbd23995a,straight,0.010248405,0.62597656
5396b7c810bfcf48dceccbdc565e3a38,right-turn,31.559004,1.0534363
53983b15bde945c91208271897c8cfd8,lane-change-left,4.3304787,2.5026855
539de58348ea5bfe691155334f48fc2b,straight,0.25621194,0.015625
53c1a4ede639a04c4423bcb18268b2a2,left-turn,81.08422,20.542358
54196c3e9263f77e562c336300aa81d3,lane-change-right,6.7815256,8.013672
541eec327aa648ae18e1748ca9e72254,left-turn,39.424843,0.6586914
545c2fe62ab8e234a93a36dbf48440ee,straight,0.33358383,0.068847656
547c906b98eda42847665b11d2757025,straight,2.2329614,0.33740234
54b65c84a29b82f178c4c5a76fbbae59,lane-change-right,8.537479,2.6940918
54e3da9b2b619d469c2c7548f70551cd,lane-change-left,1.448666,2.5219727
55109072557e312d5d61e6c778fd014f,left-turn,31.427557,1.6230469
55552b9505a724a0075edfe223ae4227,lane-change-left,8.661921,2.507904
55c744d2d4a1d07c14bdedb31c8cec94,lane-change-right,6.7175627,2.571289
55d985cefcd4d23075fb40381d021f4a,right-turn,32.199043,2.0205078
55d9b9803afcd5c026de6972629683c0,straight,0.011964038,0.049804688
55eae1c58c3580a3a5ad5423ebd392f1,left-turn,77.87414,26.072754
56183750b206e0d9e00c66f27a38fb0a,lane-change-right,4.44617,2.5444336
563d517deaff1a63cafb6774df9c2350,straight,0.47196028,0.4404297
56e6d1615b045805b245741a2be52ad2,left-turn,30.71054,1.5253906
56fec8694cb8a12ad77f34c421a3387b,left-turn,30.3782,1.0439453
571245afe3f9e14d601fa879d6399f78,right-turn,30.280016,1.2333984
571d0d5a4d2504f52b72afda5e918ad8,right-turn,30.299524,1.7871094
57357cc6cd69dcdb82ff8772cf876a3e,straight,0.511855,0.25585938
574b3ea38739bc2dcddf760913ae1095,left-turn,37.615265,6.496521
577012e18ab837d3886683c3e2491e49,left-turn,30.14968,1.4484863
5784b6ab30d89caa86a100d5f90a4f4c,lane-change-left,4.954057,2.5507812
5797efecead06d225229cce167fd7873,right-turn,31.228241,1.9128418
579cc83d157f569d63909f25cad0ddf3,right-turn,31.33822,1.3999023
57a6271444a065e7669292e6361fc2a1,lane-change-right,9.383164,2.6513672
57acd08f5c70212cf6e6a0965b7502fb,lane-change-left,11.129637,2.6816406
57b398d4f28e0b951e6ce86fb3cdf126,left-turn,30.587692,2.119629
57d945efa763cb25af76b7b692c8da42,left-turn,31.218136,2.5297852
57e552729062a4b29d613fb34dd7230d,left-turn,31.266474,1.3906784
57eb09dd89a06aef337a36c620b270e6,straight,0.0844403,0.05529785
57f1aae142798503bbf227be1848f6dd,right-turn,31.166906,1.1157227
57fe298c63a0f333f959c5501b2e0bc4,straight,1.923954,0.1652832
582903ec07557bf6b1a3d023eaabca28,lane-change-left,3.3015459,4.7597656
582fe552305feb72af7f503157189965,straight,0.2195119,0.1352539
5839bca2902ce3143304e9960316e1b4,right-turn,31.685434,2.1063232
5891ac2fdb48a9386b87754d2cc29996,left-turn,30.549675,0.6894531
58c5a51c73384f9c0f1b91df77959bdf,right-turn,31.797104,0.4925537
5944f9503867cbee2ede698e984d5e83,straight,0.15698968,0.10180664
59735f607ef631aa62adf295d7498879,left-turn,31.22808,1.9987793
599e9d36c5fda7568ad5c37c61052791,left-turn,31.502586,2.672699
59d3145e043ca4d10696954a6dfa5d83,right-turn,31.25324,4.9851074
59d490f9cd61f87bfd805b2302975d89,lane-change-right,24.5214,2.5894775
5a00264d6c23fe5d4398b0e1a8358b73,straight,0.1230951,0.041015625
5a2b3c3dec879963809d50f496e2cad8,straight,3.2525642,0.93359375
5a4e28439fcac2ced3079f79ebdf7ee8,straight,0.1401281,0.03668213
5a72519cde3d4ae1fd2b308ddc09cbbd,right-turn,31.181786,1.2036133
5aa56cc7c1494d8815342cff4ee3efd4,left-turn,30.810566,3.5249023
5acced302c48e40cb111bb4d05cd22d2,right-turn,31.100029,1.4165039
5aeb93f84ecb94f5fd79873fc2baef92,right-turn,31.479284,1.8823242
5b0d875ad180b588c843c92160814d1f,right-turn,31.24067,2.9063606
5b0f40db09eadf1a3c8ac52aeb377532,right-turn,30.750217,2.3173828
5b1f21412588872c2ef89f817a3dd43c,right-turn,30.440659,6.51709
5b26936d795b16f5283c2385d9b891cc,right-turn,30.288141,1.5292969
5b2bbf542669aa57fc291a06f6dfc00d,straight,0.007798148,0.16601562
5b315d8da05e580a0deefffd1ecae2c3,right-turn,30.112051,2.3857422
5b6a9357ece801bf19c64c8a8806e351,straight,0.023918688,0.001953125
5b726a71365d8990b9db0f5333d7daa6,left-turn,32.050674,3.2216797
5bb652edff7975f7bdf078e00614338f,left-turn,31.70463,26.555664
5c07cb88582e8cbfe912a83862941e00,lane-change-left,3.6106598,2.5449219
5c20d39301b65963151038c28ca26742,lane-change-right,3.353202,2.5217285
5c25a56725e94f96c266bb41561e9b18,lane-change-right,11.719333,2.5805664
5c45132b8ec7a0255e85e985c8df74e9,right-turn,31.342346,2.4379883
5c4e6054bd529633e5aacc032caae2f8,right-turn,31.864275,2.4169922
5c5e6445998f45366c4da20a84970c14,lane-change-left,26.819147,2.5761719
5c8ab80f51104fe6c49f6ed9801ecbc9,straight,0.46996635,0.75024414
5c9ced01b448f7a331cdade0fb380f94,lane-change-right,6.863175,2.5410156
5cc38c0c02d1df36dd37d80bae482f1c,right-turn,62.08833,20.681396
5cd649b5936f365ab7fb5106d68a7211,left-turn,31.305714,1.3925781
5cd71037af37016b012e7b7da24dde52,straight,1.9539908,0.20422363
5ce0e858beba3147e65d6d4a2bc28e70,straight,0.06297441,0.0062446594
5cf7afaf0e4857051a41171a60187405,left-turn,30.171625,1.7872925
5d36c48a0b7f2e0feefc27c7d8efbf9f,right-turn,31.580557,1.620758
5de1239bdcb8b2341844b84ea136fb56,lane-change-right,7.0088806,2.5230713
5e0c4741c1de43a39a8aebb9fa7ff9b2,lane-change-right,7.4723163,2.5585938
5e3a372b4f2d0f56cd6870bc8905a498,left-turn,30.931784,3.1933594
5eeea0e74f97ab4d0109e22c0879c9ea,right-turn,30.11337,1.809082
5f1aedae0c63e6a1b597f727ad589a64,left-turn,30.576897,2.1542969
5f3acbee7923e1b69d6601c21e135f66,straight,0.24095394,0.041625977
5f6f402572300db82d03e488af74c251,right-turn,30.63506,3.071289
5fceae2bac5e3603d6a1ca3b4fae7673,straight,0.1369185,0.029907227
600f3f2645ec8a40d8328aaeed7922ea,straight,0.30658734,0.1171875
6044c029010536852dbb99ed73416cd5,straight,1.138106,0.08935547
60578ba5e1576df80787d7669c177aea,straight,0.16260386,0.47851562
6075ed15ead9656b23cd00a3eecef5cf,straight,0.4570087,0.095458984
609a245346eae6b23c1d3626c0c64eaa,straight,0.46899122,0.15234375
60c8a525e98c62eaa8e358a590b81621,straight,0.22591442,0.12866211
6119f0a9d1f677d1e30d989a974fa1d4,straight,0.19031417,0.009063721
61217e824857a73cc428f04384150afe,right-turn,31.67817,1.5351562
61254ab8bea022ec5860b2d0723ec24a,straight,0.23362204,0.029785156
6128bb7c140505d7a8c648ae9fc140fd,lane-change-left,4.3301773,5.7461243
61299b09568e3455470309f22c7aacfa,left-turn,30.195356,1.5
613af7870ed59792996dace2d4963573,left-turn,30.762306,0.9658203
61b71919fef7978a8b3ccc77688572ca,right-turn,32.61303,1.3549805
61cb6fe96406fdc3c2ef341a338e42d3,left-turn,31.57615,2.2429962
61cd64a69af1d677c4ed5b337b7fd421,lane-change-right,22.492321,9.1640625
61d1e717f8c13c3706a645c2f0976828,left-turn,31.49456,0.80859375
61f9387ee5b77c75868e058b6c3b201a,straight,0.09017802,0.0016479492
62236c0deda97531c63c99614c74937e,left-turn,31.607973,2.1435547
62424db49d30f1487f147cf1f3a69db2,lane-change-right,12.935903,2.631836
6274d4b56b21963559bd1f6516d59e58,left-turn,179.26529,0.9616699
62a89c9ad9483815c6ac3d2257e371b3,right-turn,30.161278,7.9067383
62b3dc0e84cec82e80c14810a0e26e97,lane-change-left,7.843214,3.0161133
62d8270da2d3c4c0b6b4edb5bd66b0a2,straight,0.9258499,0.90252686
62e4dc179a6323f6d9092c16ec95ab90,left-turn,30.206827,8.636719
63240cd520e7ce3ef738308aa94d9c5e,right-turn,32.914753,1.4765625
633acd4421856b5f46c775bd53d4502a,straight,0.12759326,0.87323
63649a0e956e6c583d5942f292c617b9,straight,0.40845415,0.24414062
636b34fa3c2ac7f88acfc31b86916669,left-turn,30.375496,1.3486328
636b65a9c3baef947a42753bef0c34f8,right-turn,30.528368,3.2646484
6385a177e6b18b911fb68f20ede6f2af,lane-change-left,9.110196,2.5354614
63ca72786d681923b7019f239187419a,right-turn,32.200737,2.1367188
63d2e1f246016571c00a9101f65d64af,lane-change-right,17.172815,2.5619507
63df8d1b5af7c9e654a10f1688277d74,right-turn,32.48846,1.8529053
63ec25468954b1f19c342062e01bbe4f,right-turn,30.842752,1.7207031
6414586e48de3ab84baba1465ad21414,right-turn,37.361534,2.261963
6430d727a04c3cb7db163ff3f523c459,left-turn,31.216972,2.0961914
64442bc0f0558da6a7bcb9c47f96a386,straight,2.8772528,0.13061523
645e94a60cc2fde29de84e93199dbb91,lane-change-left,13.286311,2.5077515
64790e5b45cd368a61ea0984ad4f1a41,left-turn,31.685482,3.1476974
6499f70efeb6f46147f2026a7dd79069,straight,0.07282301,0.11328125
64a2e582201ccd3b06b683ca6e3332dd,straight,0.032679465,0.009216309
64c80553da7d33ccd8dddc6698704719,straight,1.0127593,0.22302246
650600741684c633369b61e2aa2cf40e,right-turn,32.301647,2.6347656
65141cbd8823a1b61406445b028b0fc9,lane-change-right,2.3120916,2.5090332
653bf403215adf646e379bb0f820cdf2,straight,0.5912732,0.9199219
65b0ca6cf5aee3a75a53a01d2d17f832,straight,3.477268,2.1074219
66c3d3db92abc8582cfcd9288113a73d,straight,0.12914805,0.0057373047
66cfc35624f896de4bad434f7ea8e36c,straight,0.13575459,0.80029297
66e81ed7af1554420a0e2ebd57756906,left-turn,30.280716,1.4355469
66f8fecc2fa9a42feeb7617bced04b0c,left-turn,30.914957,2.4160156
670234c5a12dd9c5331a87da871d7004,right-turn,31.715029,1.6529846
670439f14c52d50310c70771896d002d,straight,0.55789554,0.93896484
671560d3c7e812fcd74cfa0e60da3984,straight,1.3982043,0.453125
6721e108761f2234ab1c5c3058849892,straight,1.0328095,1.4804688
67608aa0bcf6c1b203ed10b2483dcbaf,lane-change-right,9.00238,2.5410156
676c96964e73fc60cb99db5ea972d1bf,lane-change-left,7.235352,2.5996094
67752cd18ac39229622bde7e9cefaece,straight,0.63797814,1.0111084
679d302918308d24479b7d02098278f3,straight,3.573586,0.2290039
67a5a02e55b949e7719f2a664b47c078,right-turn,31.69942,1.5004883
67e48b2418513be729659cf32babeed8,straight,0.0932753,0.0066223145
6840a321050f34329ef8bafd12b9ff27,right-turn,30.706131,1.4453125
68608d0de02cea890ca29c9a095fcae5,left-turn,31.526426,2.1015625
6885080ed502631a89e44c0ee1bb7e20,left-turn,30.285149,11.131592
6894e7e07fc0431d2120e8f733872960,straight,0.11823876,0.15820312
68a724de5d8c65882e1d2a1537231b10,right-turn,30.460838,1.1875
68e61e0fb93ce1ab657c7c4a6c789311,right-turn,30.179432,1.2692871
68fdb60549639e90d0b314dd20f8b6f6,lane-change-left,18.963696,2.5629272
69186face2093196935e66e81106b751,lane-change-right,5.1419435,4.091797
6928c602c72f1be12c34bba95bb22a37,left-turn,30.08453,2.2578125
693754d2c3954ce0b2aef9fe755f42d3,right-turn,30.032309,2.0488281
6974ef56bd2649be001090dddb0b5077,right-turn,31.441124,1.4428711
6997fb3a7ebabcbac22d4a245178dfdc,right-turn,31.465006,1.4609375
69a0a14a81c5bb776963749d2b632825,straight,0.08066555,0.022231579
69e1e49ae7245dabfb79cdec547f3816,lane-change-left,12.949503,2.5114746
69ecee9c4ae3c6d867fab574c6b38d8a,straight,0.004826996,0.009765625
6a02eb919870224408da971b8cb2ffbb,straight,0.023286782,0.0076293945
6a4714318d9658148f2769dbf8537c1f,right-turn,31.194004,3.203125
6a7fbc68e30ab710e70e48f7b1361bcd,straight,2.281649,0.796875
6aac9558d86e949c426cbf8e39f62908,lane-change-right,6.444541,2.5214844
6ab3036dddb4272da08e39d65ac34a12,straight,3.5717406,1.640625
6b00f6569d7d14cb146369c002ef6be2,right-turn,30.709488,0.06640625
6b0b11c1e03eb1a6aba713fb90f76b38,right-turn,32.002403,1.9472656
6b570abeb044cf89ca94d8b85ac1e78d,straight,0.65917444,0.009765625
6b5773b804293583647ea44fa2279fcc,right-turn,33.262413,0.25439453
6b8bd665bd359ba0dd9e243d54a319a5,straight,0.38054585,0.41796875
6b922203a45410202bfdd90f5ea9674e,straight,0.065349564,0.0087890625
6bbd312be5dd25527d474d6b290fcee7,lane-change-right,8.051412,2.5664062
6bca602a3faac6aa81715246c0130ac2,straight,0.14226945,0.09765625
6bddf517c978aca012a8859fa75db1bd,left-turn,31.009405,2.9506836
6be4f9b2820bf9ddb1bb03f5ff4542b8,straight,0.28633556,0.1751709
6c1656abc818898ccbf2bacb461ad0cb,left-turn,31.813885,1.5559082
6c1968916f97cf11f599d7a2f87827d0,right-turn,31.459303,1.6430054
6c3ff177c6c8b9ec5e0a9d030a070933,left-turn,30.898914,0.74241257
6c5cc1ca799f365c11ee543c6d2dc42e,lane-change-right,2.7086413,2.5703125
6c6b5761382617b2d37cd7f4cc2f2aba,straight,0.46089035,0.14601803
6c72aef9bd1f4dc77c4073730204366d,right-turn,50.82929,22.013672
6c7431d34c6773ef83e31d1938e2a256,right-turn,30.626354,1.519043
6c8b31ec351e58a4148d404ad95b110c,straight,0.2137793,0.29589844
6cddaf0f5afd82d1f96d584d715be617,straight,0.08010356,0.35388184
6d13675a0bdac0908c2bcf476d0f72d4,lane-change-right,16.013441,3.1035156
6d16c986acb4a164091375c3038c9d12,right-turn,32.767002,1.572876
6d3c12cdc72a778a7b972bb4da7c0978,straight,0.21481617,0.24105835
6d5de1422f116543822e55a229f7bced,lane-change-right,8.06412,4.868164
6dc9d9519644766bea21dc5549437466,right-turn,75.11888,19.923828
6e4f5827ef6b4c24f4c0ab93a4b8727e,lane-change-right,3.7929976,2.5949707
6e8afd7ad664ce155951ae7e47268436,right-turn,30.985258,2.4233398
6e8c9ff63d2a4708eee8d8119c70da43,left-turn,31.177872,2.3901367
6ea8c5deda9a20df56a42e2476a3caaf,straight,1.0087273,0.28125
6ee0abce785feb703a11661b903f7918,lane-change-left,1.3368163,4.517578
6effb3dba929e0dfbc2e87fb31e11e89,lane-change-left,9.363464,2.5390625
6f09e2bc670232f67d3628f7dcc37f0b,straight,1.4263859,0.8472042
6f193add639f9687274ca7f5228415d3,left-turn,31.526728,2.5666504
6f6deb21db493a017da18133c8813c46,left-turn,175.4518,0.03857422
6f802cd9b14ae4971b8de007fea4019b,lane-change-left,27.91356,17.394432
6f87d93f603ffd755e3cb1b2c407be48,left-turn,33.04244,1.8613281
6fb27873b1c3fc99ed1c7572f5b5b9a1,straight,0.44261882,0.18817139
6fb8e37b733965362c06adc79843e1a2,right-turn,32.028687,1.4521484
6ffcafb19ba620f76b9489ba69d94d8f,lane-change-right,3.9923089,2.5162964
70376c7f15ed290399d179d04aa10742,straight,1.5186014,1.0998535
704dc825c3e77e98716ac867f106e5d3,straight,0.1807004,0.0048828125
705bc76b5e7d00e700c39268d308b8cc,straight,1.3228472,0.2319336
7081b41a970d0ee5585638c76ef686e7,left-turn,31.081207,4.73291
708fd6fff7559c92a921221e280a0d99,straight,0.215509,0.025390625
70f0681024051269963372905496938a,straight,0.52691257,0.5720215
70f78bff4930deff47840eb2746e7e2f,left-turn,30.57321,13.810547
70fb08ecc8b64d4755130319dd5e4151,straight,0.48121732,0.4404297
7123a45605c1ca347202c04d645026ba,straight,1.2150794,0.6923828
7124d8f92f3a3c68c0806dc3d00c0143,straight,0.2797411,0.01171875
715c94054aa04562ce283a1863d1956a,straight,0.41445366,0.07763672
7196daaf3a6a56ed7294a7dfa1fd8527,right-turn,33.67366,1.5537109
71ae55d1b2d74c5d27e8279c34f7504e,lane-change-right,2.5808592,2.803711
71c437f8a223b4b8cdd94ed9210cfd13,lane-change-right,12.49228,5.963745
71dee7324da8bb9db22471dcccaf79da,straight,0.24825405,0.39892578
7243456e8ca88a65cd7ac3ede06b12f8,straight,0.18087684,0.09863281
725858c62e3bc7dade99766b0661abd6,lane-change-left,7.1269584,2.5812378
728fb4ad9bc820f375ec0f4ced1de012,right-turn,31.161873,1.6533203
7299eceb3eaf838ccd2a41852177961d,lane-change-left,3.439889,2.5009766
72b14340704fc587060a091b97ad799e,lane-change-right,8.059005,2.6230469
731a84ba988e8b674972ed9dfc0595d8,straight,0.63201123,0.62109375
731c0cfbe51a3e5c953e055ed53b8f39,lane-change-left,8.26529,4.701172
73afbeb4d9d10a692d52e3ebc3e1c549,lane-change-right,7.216213,2.5280762
73b74b9d571e8caaa53d93a119ee8c7e,lane-change-left,13.799211,2.572998
73bc57403cd930d538eb7bfeddc2f237,straight,0.18958846,0.09631348
73d12d508a2d06b998616442e2bc9904,straight,0.12495908,0.08105469
73dcd962fb55dc44b61ee7c1472d16fb,left-turn,78.50604,16.305664
73f5dd10b9ea0a1c60addb389f7e6165,straight,0.3804987,0.018676758
73f99122ae7a2b9dbd43529604284f70,straight,0.82994807,0.4807129
740115b5a8ae4342b2ccb7747b91502a,left-turn,31.131413,2.1115112
7404ea2577fa188f35f43a3e0713f717,left-turn,30.023027,1.8760986
741966418c00a9373df9a0594a6d150e,right-turn,30.981152,2.5800781
7431bf0aeb77803637d15badb5eebc2f,right-turn,32.40608,1.8847656
746a543769d5d8a0e2cf2324d08396cb,straight,0.025434932,0.0007324219
746f990b3e5ca8b147972e7167fc9c14,straight,0.36352655,0.2646767
74a23184d555b3964aab884f2201f180,lane-change-right,7.2817574,2.578125
74b03f6fa2507d6561b87eaab3661624,left-turn,30.827322,0.9445801
74b86f8bddf5f62a9eaac7ec8f2ecfcd,right-turn,31.85401,2.0141602
754e52459dc2606e53b36de9257d3f71,straight,2.5570328,0.8232422
75547e1fe31a940010e857cb92de8736,straight,0.0872209,0.004371643
759e3cdbeca4dfd9d232dc705e680c6a,left-turn,63.44122,22.139557
75a45f53c35b417dc8d59eb5a9dbd5a1,right-turn,30.0498,1.2304688
75d2845b1c52292b9003d4a086dccb27,lane-change-right,5.0623775,5.5183105
75d8c6e340b0a3191fe7c50e92e704d4,lane-change-right,3.115679,2.5751953
75ee2a404ae4ea895e487c5c4e1b8e29,right-turn,30.402126,1.9467773
760cc4ec18b48dfe3dfa96df97f5cd86,straight,0.07548165,0.020751953
763993e6a61f69b620f0edeb4eb221b0,straight,0.021982687,0.3031006
7662f1efa522d9474d75fb6a7cdb6509,right-turn,45.248947,3.808838
76841bd6d678c05c05aa552d56b59e50,right-turn,32.449814,2.0292969
76d5c0de5a64a60a731719bb174279e8,straight,1.8563437,0.29748535
77049e82bea72f3d4179774c8ed58279,right-turn,31.300085,2.3378906
77184b59e6df13ed3e4146f5f9891dfd,right-turn,31.555172,1.9941406
774010be10d91f5800a900e12a35fed3,right-turn,31.20638,1.9092407
776eb5e2804f9718190efdfb4e8fa680,straight,0.51113975,0.08331299
779fcada5dfcddf8f9f554ba453e88ac,right-turn,30.630419,1.5878906
7800be1ecf5c2473a0032792b127f838,right-turn,31.984312,1.8443604
783dd3c5f18426c0842839f444dbaf82,straight,0.25400358,0.0064697266
783e6047b83d9526a76f7cd4fe9093c2,lane-change-right,11.255398,2.508606
78af205307584f5d55c269758a0d7998,right-turn,32.20637,1.3291016
78c4766a17f397ffadedd71e5050c125,right-turn,30.682102,3.4489746
78c8d4e79fdf191ba205459ac20acfa8,right-turn,30.189148,7.4365234
78eea7c370bf9584beb0435996f2e3a3,lane-change-right,3.1322365,6.8514404
78f7905cd336355da76d0b674055db1e,straight,0.06943657,0.013061523
78ffaf552a9ec88defa802ced636263a,straight,5.9653497,1.5554047
7908c88bccf53bd2fa83c19a949b2f82,straight,0.14416018,0.0012207031
7912dc22830e509d6ac19608bfbf69e8,left-turn,31.338856,1.5869141
793898ef1f0cef6a0c754c7aab5af949,lane-change-right,3.4375768,2.5927734
793ccc4f629b89ad4810e8ec71041099,straight,0.47053358,0.07128906
794abdbc1f16cc8fb1c6740e3cd208d2,straight,0.4568964,0.39488983
794c9dfaa34d0fd32cf4f16ff888fd23,left-turn,30.653276,3.1791325
79855ab9d8129a8fa40d5918219b9503,straight,1.4905101,0.15136719
79a3f6fac6431688c4d16c3d1a257c82,straight,1.0254278,0.9765625
79aa0b7be0fe0a3b3f1345008d50f130,left-turn,30.88515,2.392212
79bd95b39381b316b2fec3b4c974fb1d,straight,0.5176008,0.16027832
79c4f5b6cf5894f56829d93b61e5e380,right-turn,30.161366,1.2111816
7a38b991c1a63fa56cd6f769fefe6960,lane-change-left,5.1548047,2.5195312
7a64702de398f2b7dd7b5f4712aaf750,right-turn,30.665943,1.9355469
7ad3d4b31e4b9c308cbc0123bb37f87b,stationary,0.1844256,0.0234375
7ad4cf54d6970313d961a8fb8d73760b,right-turn,31.055199,1.8017578
7ae36c27cd9727e4631e334bef8cd33c,left-turn,68.00912,7.117676
7b0a15ce69d580e3725f6f6512ab128a,left-turn,30.603224,5.2785645
7b1c3d29034ca1ef73e316f9223990f2,straight,1.52045,0.0234375
7b5b0644dfebf2ff6d84c85df707203d,left-turn,31.173275,2.253662
7b5eba756503112e9eea25b4753e30d1,right-turn,30.092842,1.3582764
7b8156ca7461a6a47ce795f742c675ff,straight,0.11205066,0.013183594
7b84c495e77174fc9bdc4adb21238a2c,straight,0.81734556,0.018066406
7b93fb8b05a6af728c22267d75911052,right-turn,34.126675,1.8388672
7bb3a6d91628d67308a97bcdbcc84c03,right-turn,30.328156,2.171875
7bd1f46026eb0848645538acc35b2240,left-turn,45.255486,4.1435547
7bd681f4e99f41a477f9171d8110610a,straight,0.38028437,0.023925781
7be20c8a6404be9f7c50667866ee005b,straight,1.8905566,0.5439453
7be27848435f6925cdc6e3acfd6612c5,lane-change-right,9.96615,2.7539062
7c01b365e21fbc2f56117bcb8d2c935f,straight,0.6435762,0.30029297
7c15617c988bc08b04ec0d8cb963a5fa,left-turn,30.221464,3.5825195
7c41fefb572ce4f8c7e0377b3da6cede,straight,0.39321375,1.0308838
7c47402203e6943ab1a73f4cbbec71a7,straight,3.9818947,0.42608643
7c580395860e0ac8fbce19d0f38d8edb,lane-change-left,1.9064299,2.5134735
7cde3eb1b5d878c0539cd4a6e42be8e9,straight,0.7412135,0.24414062
7cf7155d82597244b81510dbf403e7a2,straight,0.00935365,0.0068359375
7cf744f7d61876a19fab07541680e9c4,left-turn,32.06129,2.873169
7d0e5df56a7c5c86c7758044a4597e72,left-turn,30.32917,1.4168701
7d25214d381651b6781c166890f94240,straight,0.03786369,0.005004883
7d2869e8e38f056fd9781b0be049a10a,straight,5.5289736,0.5736084
7d6dae9cb89ff102a48699b2d817cbb2,right-turn,30.12568,1.746582
7d7009968e9c09b199a8a1fed7e711aa,right-turn,30.425188,1.8364258
7d76efb2c9ebecd842e252c59c35fcc4,right-turn,31.3926,1.3586426
7d9554c1aaf6fc56fc754fc8ddf76ea5,straight,0.29948714,0.3675499
7dbb56e9ffca01a22a2c889765400b39,right-turn,30.70066,2.7511597
7deb1648e456eb96124b1d41c18409cc,left-turn,61.570423,21.72773
7e3a5fa0c3009fe98cef572ece1daa0b,right-turn,31.035217,2.2138672
7e65cbe0cdb38fb5604ea173f5b95564,right-turn,178.21613,0.35131836
7efa5beb05669542165b2a66fb4490ba,lane-change-left,10.143326,2.5488281
7f3113ccf0ebdc4642696045ab37cfbf,right-turn,30.228855,2.2594604
7f87ac3f421f6b96269de449c0095771,left-turn,30.814837,2.9355469
7f8ff56b560d1b527f9d1b57e20e5532,right-turn,30.021914,2.4482422
7fd7ba6d886ff79cda1015b8c35c4a7d,straight,4.659018,2.3203125
7fe6ac6b8107a7718cfe3b633942c5e7,right-turn,30.302166,3.4042969
8002b97c8219c5806d0fa73fbe195cce,lane-change-right,4.854355,2.7910156
804e8135ce508a79e1e59226179a66be,left-turn,30.639647,1.9107666
8069aca81e4e489772112abbc731f42d,right-turn,81.84585,13.569336
807a4d340b634681cd9d8043617a0a6a,right-turn,30.463278,1.7124023
80839ace3aad7c5025f2a266b180d272,lane-change-left,3.476273,2.5186768
80b0e0d68009de5d22abb1efa94720a5,straight,0.05213195,0.0029296875
80b53d3a713350ebdaf92a891df6f60a,lane-change-left,5.531321,2.5029297
80d911b579aea359e12b28cce5ed8700,straight,0.20796925,0.001953125
80ed6a2febbc2017925a85d36af8c602,left-turn,77.60618,9.589355
80fb758fd0f7865d64d1d15ed7594d2a,right-turn,32.317497,1.9987183
810f3182045c34f25a2404a31f1b6122,left-turn,30.205711,4.7261963
811569f0987d9aa32f541676e8fc213b,right-turn,69.25896,12.448891
815561360bf3731eb6382bae61aa0951,right-turn,83.035515,16.654297
815ee2ffa94ba6acb62c6914f254a10c,right-turn,31.73692,1.6843147
81971dcc001c0af3ae44f88a0492d862,straight,0.06794799,0.0048828125
81c1ca6b646fb029f70eb6ecfc7221a7,right-turn,30.665672,3.1009827
81cb5be798fbe6857f19aa44fda2ea43,straight,0.06584182,0.14257812
82068b3a4dc901136677c7d9e131bc61,straight,0.083820164,0.25146484
821a4c6252de4ad546ac99462880383c,lane-change-left,9.779199,10.383789
823f0c290df508bc6f03e25ce05f75ec,left-turn,31.555492,1.7392578
8243aa4db485f110e6b5d8ce15592929,right-turn,70.779015,22.645508
824b0c2b064079ffb7cee6c862e3109b,straight,0.24095078,0.015014648
82649326289254de94a5eb3f9904b40d,straight,0.33112538,0.0087890625
82fbef7d50ccc98574dee894061a0aed,right-turn,30.378187,2.4170685
831528dbc483fddad67d09e8f2c13422,right-turn,33.483906,1.565918
831c5782d17eceda995faa790657ab57,lane-change-right,7.7518134,2.5830078
83203ee5895f0b012395c882be0bdb85,straight,0.93130106,0.41088867
834d2c0bd08dddbcb9501fdd7520072d,left-turn,31.741037,0.5755615
83555f6a5d48570a6ce2e25be016be3b,straight,0.04773695,0.0061035156
83924e09857380c69f4090840d3c5edb,lane-change-right,8.436643,2.5566406
83973be729437017b6052b926ffae8c0,left-turn,30.259943,2.7661133
83a0cd05513dad28023ad844cfca35e7,left-turn,30.230118,0.11584473
83af70dee36d655ace457c6d2a9ad841,right-turn,31.132242,1.8203125
83bea2efd2273085eed62d065d964093,straight,0.25744575,0.1640625
83c9268804196aa09dbd1ebefb0a91f8,straight,0.85155,0.39648438
83ca4236af610e30c7a51f9c61a9f40d,lane-change-left,13.615463,18.50592
83ea89ad6c264a73041485d3bca2275c,lane-change-right,7.931319,2.6503906
83ed0ead7d565a46d55eecc3b3fb35c5,straight,0.23435387,0.056640625
83f003c5cca13447b36a3e23aceb3edd,left-turn,31.840578,2.680664
83f7652c4da67f7ff6996efbe9ac1e0c,right-turn,55.752983,16.88678
84176c12e42e81a20ebf80779ce39657,left-turn,31.039473,1.3295898
841cea6f0c4e3416e3e1bb3e4f4c89dc,lane-change-right,17.254822,2.8084717
845e7da1fdfbd8c8d758a373ed55f029,left-turn,31.357237,4.664795
8463f764a16ca4a96886dda6f781a73f,lane-change-right,0.534671,5.3740234
84703b69db5a8dbe4b9e7ac1508ea443,right-turn,31.472458,0.8569336
847f26558648bf3d61bff2b3977f433c,lane-change-right,5.131394,5.1938477
849e55cf3d8ae4bad178c618aba06179,straight,0.6556877,0.00390625
84fcc7e412c81a982cbc3121fee017cc,straight,15.255985,0.4921875
850898ae0bd1bcd555d297d34594bdae,right-turn,31.553526,1.2382812
851eb1ba391495a18cf3d7371e32924b,left-turn,30.60985,3.1425781
85762077cea1b366ecb6f9ae9fe494f7,right-turn,31.432764,1.3203125
85997a48a48104970ad9347a6edba214,left-turn,30.745514,1.8690968
859cf93d01347552c6973eb464f58167,straight,0.29663917,0.35546875
85a65525fd20984bc8d1a4f04ee86798,left-turn,44.53635,2.9550781
85b27c502fee1289a26253dc32038ffe,left-turn,32.239925,2.1679688
85cf81308c2afac5c0e88dbcb8ee1286,straight,0.42384255,0.07861328
85f35f57dbbcf9602a64a7bb6e9a2480,straight,5.696268,1.5957031
866502c0b822f7848cbd9bfc5830d723,left-turn,30.29062,2.0212402
867522daf0760d1c993a392ec2468f66,left-turn,30.251234,2.553711
86887df5cd0c0a1610f0a1dd6d18171a,straight,0.6219906,0.8535156
86901a5262d98f52b3ea7cde02d1e9f5,left-turn,84.315506,21.40039
86959ff5c75b64287b9ebf00b8d16894,straight,1.0824393,0.3046875
869853d22581af2cd56b6710eb921c20,lane-change-left,3.8188686,2.5195312
87541f96750e18395ff8318173babb2e,lane-change-left,3.9672418,2.5996094
875cee1bc3d724c6eea0e5f726b03e58,lane-change-left,10.684437,2.609375
8777a1da447c079cbaadbc8d34497310,left-turn,31.610718,1.8596191
877f27225e14c5b4305c055ddf210a85,left-turn,32.293785,20.263672
879f9df1547978772361c8916350efbb,straight,1.545156,0.07022476
87a58c9f39b0a541bb6aaae9791a3560,right-turn,71.330574,13.349426
88625ef7bece9fb8fbcda3e7cb70d804,lane-change-right,8.33386,2.5083008
88ac41bbabdf92476eafb93f72e033c1,lane-change-left,23.329678,7.4450684
88c040c00b8b648c9f39bcc185232b6d,straight,0.1469183,0.00390625
88c570f98758931201100d6e2e6a9958,straight,0.1604267,0.122558594
88c9477c215ed7091b5b324b4dd68c4f,lane-change-left,8.769898,2.5595703
88e91cdc725fc9e7c01cf3b5f97a4d6d,right-turn,30.593948,1.414917
88f857aecabb3515d12f85b2c4f96643,left-turn,31.011902,1.7156982
89212074486ee1018d6e9b2c6df4ed9c,straight,0.33734173,1.1210938
892b2e103ff988717767f8ffb2bd8334,lane-change-right,14.956315,2.5839844
896b5ed47c33b2c1fe319f15e31b7aa3,lane-change-right,3.411156,2.7636719
896c708c111d8692dc2c200ed6928769,right-turn,31.453074,0.94189453
899a93c5e7a584b7903a16d4d1133c3a,straight,0.21159925,0.061035156
89a78b51c2c97ac7653b662f4231ac20,lane-change-right,16.735401,2.529663
89d30a05004e7e9bfd2a3bbc6b445f2b,left-turn,82.34481,26.310547
8a4d7fbeab0a9306b10f81a008aee625,straight,0.23858845,0.004547119
8a8d3d1cbbaa43e0aa1b79f2f0a54570,lane-change-right,12.736014,5.123047
8a9a879d8cdf3ffe9f7e9aa2b8b57db5,right-turn,32.055714,1.6337891
8a9bc91b6436d7e5f79fc8616c7b0a47,lane-change-left,10.128345,2.6171875
8aa80fbe5c2a953f42e708b1b8fd0c43,straight,0.60685,0.25830078
8ab72fabcff7aa42d2b1f5912e562049,straight,0.94911665,0.0637207
8ab934bd32f678757450b658a13706ca,straight,1.3638767,1.2832031
8ad071c30a8ce8b3bbfc3bfb94d802a9,straight,0.3915826,0.034301758
8ad3017a2851714eae54df2fe5c472b6,straight,0.14631504,0.00021362305
8af90c1849bdd98e182a76d4a3d6385c,left-turn,30.415934,2.1425781
8b03d6067b43f294be748397d0ce5656,right-turn,30.230556,3.4397583
8b3dcd8ab51961abfe4f880d49137427,right-turn,31.645498,2.1992188
8b511b227922c4014c210b737e256429,right-turn,30.247683,0.4736328
8b999e0ead4c0944f58ad648e1d7ca3f,straight,9.672817,1.5297852
8babe36c1e94fe1d088edf57352b278f,straight,3.7119498,0.28015137
8bef7f653be02c95019ce0c53036ab54,lane-change-right,6.2504487,2.519043
8bfe4ed8b2911c487510033244464da2,straight,2.0808516,0.06677246
8c07eae9261203513afb25aac288dd9f,left-turn,30.804848,2.8562012
8c1d31e956be3ebf4ae3a4e36bc2d428,left-turn,30.993376,5.046875
8c532af5545ed223a586edf5db2f30c8,right-turn,30.601788,2.428833
8c59d32c7e833e82fcd8989807751717,right-turn,37.44136,8.640869
8c63574069fe98049aa858fac7b4fd66,left-turn,31.75283,2.709961
8cbf4298c1b71ea37b3e35c04b707a7b,lane-change-left,9.18772,2.508789
8cf69f39bffb9bc4d34f491757e412f8,left-turn,30.617414,1.8105469
8da82d06e0e498667dcfeb84bddc4d4e,straight,0.106541924,0.1550293
8dbb7106e8ffb455f7c865d2aa9de58f,lane-change-right,4.195866,2.5568848
8dd697642db29331611711a27ae1861f,left-turn,31.662077,1.7851562
8e23d3241ba27a31d9b87330ab627011,right-turn,30.350763,1.545166
8e30b38c9c538b412e135b1d15c58e68,straight,0.31178764,0.36315918
8e3c3e2e983b46611a624067398b4c95,straight,1.0179894,0.6738281
8e3cb4fe7006b5d82ee1fd6fa61db4ad,straight,0.50581336,0.26104736
8ea4ba08f5582f3010f50e7fd9b52603,right-turn,32.35566,1.855957
8eb4a9c6257b2139c55ec893315776ff,left-turn,31.76913,2.1904297
8eee9cd3d2e8dc19360498e180c84dcc,right-turn,31.691065,1.703125
8f5a778ce2b14a46724e3ed912cc6d6d,straight,0.94356275,1.137085
8f5b7777b204f062a056528c5aefd660,lane-change-left,7.6308,2.5117188
8f636a3a173a4943f8b5a1aea159b63a,lane-change-left,6.2301693,2.512207
8f71300fe9ccdcc7347e320a17768e06,right-turn,30.475039,1.1806641
8fb88e7e3046f40642497111aca31a37,lane-change-left,5.925364,2.5429688
901e0e7632830ea398114e9f3976323a,straight,0.01688372,0.0078125
9046d9fa368f5c7fd790cd2593a01109,right-turn,32.035206,2.9050293
904ffa368a2d4e023396ddf75b632a8b,lane-change-left,11.638999,2.575531
90567bc808eff2209e116c2160df08dd,right-turn,30.38714,1.7971802
906c181fa21e32cf734d3ee5fe83abb8,lane-change-right,27.517973,2.5585938
908c1ec127011f344f305d0112ab7257,straight,0.38887286,0.296875
908fdc22e61cd84a3cc0dd787b99b170,lane-change-left,5.2117643,2.5523682
90ea03080e0d0926fc7c46182ada68ee,right-turn,31.704569,1.796875
9129e559b46a6201c526aa0a34942454,lane-change-left,2.0328484,2.5107422
91363d23ce6a357eb20517e511f06307,straight,0.42180657,0.004638672
914ff4d463c3dcddb72b404704892870,left-turn,38.236095,6.045044
9164360979a21a6ffe6812e9d8b2ea16,right-turn,31.087557,1.4394531
9178c10600c5d8641296336046450cda,right-turn,43.129353,23.331146
9184ba2d24d84b767274779894a096b8,straight,0.052531503,0.20117188
918896c196d157e96fa93582e4bb4fcf,left-turn,31.663218,2.4851074
91b480f6db1448850f4058600f4cf1ea,straight,0.68109447,0.53222656
91b626d25845f7cdaa7f6d702a073b59,lane-change-left,29.317478,15.611328
91c8c941e8745d4fb868ad9d90093a24,left-turn,125.644615,1.5194092
91cc59a2fbbb75e2d34c482c1ee35e27,straight,0.7575687,0.21716309
91ecee2ae1306ed10f90e9646fb352c7,lane-change-right,2.3119287,2.5292969
91f2d6f860d83088016bef0fee0855a1,lane-change-left,11.316841,9.715576
920d9d93127be940246d52863435ad80,right-turn,31.383945,1.692627
9258f24a1e8687c4cc58ebcf058aed62,straight,0.26193187,0.0010375977
9285ef829980760b883aa58cd6e890b1,left-turn,31.361181,2.3237305
928eb060aaf2c60f0ac65ef99d5f1703,straight,0.13683361,0.016601562
92b2d73cf14ed5c332fc01f994cb8c46,straight,0.27814645,0.22949219
92df7a3d56263f9bac047b83efc0c03f,right-turn,31.262989,1.6982422
9317966ff42cb05da772568a2a7e9e73,lane-change-right,3.343352,2.6142578
9331de16d55e2d34725fd31705093034,straight,0.110393755,0.021484375
933effd47d45111d816bc815be505761,left-turn,32.15958,14.824707
938fcfcff7d05958e956bfefabff0f42,left-turn,41.876087,4.009247
93b3978d36d34e57a1a82b7391d98747,right-turn,30.446589,1.1894531
93d24d5a1e8bc64cc35ab492dd642b06,lane-change-left,7.6533623,2.5839844
93dfbc9ce57bbf20fce54edd0e4bc23b,left-turn,43.22675,12.789368
93e1972d990f8c1fccf2bc31205d25b3,lane-change-right,1.7424858,4.1148987
9419db226e2ca04abab07e3b5fea5547,right-turn,30.407448,1.7607422
94237a2940aaf7af9d4ac2aa71c252aa,right-turn,30.692577,2.7001953
943c4cb0a3a102fb141dca9b44179115,lane-change-right,19.62144,9.647705
9447e0b3f8a3299f685d201fd6cd8256,straight,2.871586,0.68359375
94492f4267c103f8297acd28a4cebe8c,straight,0.13286446,0.9277344
945063b5b287cb90b46c6f321e525451,straight,1.2574238,0.13476562
9451a20e54f5dd48e88bedefb852efd4,lane-change-left,6.4476614,6.739746
947f6fe3e8c4c6ad4805e1017655e6a0,left-turn,30.75687,2.8466797
9480ffccbcaa26d0edb7b69ac32f7ac5,straight,0.4807819,0.056152344
94bef9fb3ff97dbb5353f7e825cb22cf,straight,0.3803813,0.005859375
94e7b78ef566545091c7baa264569cc7,left-turn,31.955595,2.5551758
9509cbe2a02be5555c4c4e25b5156ab9,right-turn,32.282814,1.3068085
9521f296d2d30681059eadddfc8d9c78,right-turn,30.10597,2.8789062
952f73517d46795bc4bb761ee73db946,left-turn,92.91485,7.567383
9572bc3864b5d226809af32b426b5da8,straight,1.929406,0.03161621
959030398c3807e58ff0bd04f1ee83b5,straight,0.09772176,0.067474365
95a5b288834d6b20e63fa12f0dddfb9e,lane-change-left,7.267061,2.5465698
95b95c178892347aeb2e248658946e89,left-turn,31.577219,1.4853516
95bf2f670cf99bcfcdbe22769dfeee71,right-turn,31.563358,1.3632812
95eae57ec59f712a467679da5a855bc4,straight,0.8650978,1.911377
95ed01e160e44003cde5421a838bac61,lane-change-right,1.8598834,4.9379883
96005d2c7a3a96570ea6d1ad05603f12,straight,0.5149197,0.34448242
96142ff4a8f1cb97c0c9863d4f9ffd70,right-turn,30.320902,3.322998
9647e330b097b81ba4fc64c0bdf78141,straight,0.12401313,0.0017089844
969c0b4da1d8f37a9dbf54244f2ea9af,lane-change-right,3.4366574,2.5825195
96a32246f60cdda70213e2a1296a6a8b,straight,2.2323904,1.1711731
97006ef0fe779fde276d538ab4abf9b5,lane-change-right,7.561988,6.4101562
970d8d947bb42ce103d6e0e46d4ea333,left-turn,77.162575,9.342373
97146edf87c66f3db8e94fa62eb44c82,left-turn,30.076853,4.6757812
972a3d452bb5d33d70eb3a063d6acf1a,straight,1.9424193,0.90112305
973f478286a7fd421f49ed5370697fe2,lane-change-left,5.254561,2.5149536
975dacfb6d3c344ed6fa9c3d926ab741,lane-change-left,6.0510826,2.510254
9792b5d2db9bb45af3d54bbf51dccc3c,straight,0.2479978,0.042114258
97c6f177389d0c7014180b1be480640b,right-turn,30.98026,2.8686523
97e023827ba6d2ab8e49260007212cc7,right-turn,48.402763,2.9140625
98527a99b33358b7d3b8eeed5a0870db,lane-change-left,11.993513,2.50708
985421b39f294966074898bb5c51030d,straight,0.4947123,0.111328125
986c3caf451c856314ba9c6a5ed5b7bf,straight,0.013723677,0.068115234
9881619cce29255300626157a1a5b032,straight,0.09850976,0.015136719
98867e8ff911ee563da604e0025acc29,left-turn,31.234186,0.6442566
98a2398cadb3622bbe35512682a70dcc,straight,0.022981144,0.00048828125
98aa96d0d85f74519fa48b4f306c66f9,straight,0.14623582,0.0014648438
98b7e2af184b84c99920c8d0c6db01a8,straight,0.5997649,0.23632812
98cbb6fb85e0b0f17c2d58eb41c84055,straight,0.42071986,0.021484375
98ce7df65a9dd284fec2af85828d6c1e,straight,0.16435723,0.021972656
98cfaaa6e93db4bcab7d19ff8edf01cb,straight,0.2506125,0.08984375
98e37cdde4200cc2b36438fbcf1b4b9c,lane-change-left,3.750228,3.3913574
995e7ca35ad98a1bce40a2ef4b78a3e3,lane-change-right,2.7153506,3.4760742
9961edf4dbcdb57cc9b080453cb33b49,straight,0.048596915,0.01953125
9998ae40779047458598c3150c3859e6,straight,0.05373439,0.21704102
99ddef6583934e40137d5386a5e743b9,right-turn,30.494854,2.3007812
99e8368be1466990b0b103ce052f1ca8,right-turn,30.087309,6.3638916
9a1d770aba44f792deb98fc484c12f3a,straight,0.26757577,0.08496094
9a2eea9e922615ac5225b0b648f8ccc7,left-turn,30.793472,4.7086143
9a347edd750b8d6d42c5344630f31c34,right-turn,33.298035,1.2167969
9a6e035b5e2444989a4b79aad9433cb6,straight,0.51941454,0.5343628
9a7bff68040eec2323aea9ecbb1b1628,lane-change-right,14.3070755,2.8628235
9a818b63958bbef08e689be17b9467e4,left-turn,82.13672,23.076172
9a90cca08859a514b0bdd5abb7d997eb,straight,0.40028715,0.05078125
9a92b60b3be25155a1b5b9923b86f4d0,lane-change-left,2.0167353,2.7514648
9a94195c5920767a594ba401db476493,straight,0.7751867,0.061035156
9a988569b4a2cdc9d78b97148d17accc,straight,0.61701024,0.22576904
9a98c111e0e0ba2bd6e9f2e0a5b8f206,right-turn,31.843672,3.1186523
9ab301015273c31edad2b3c6dd196d37,straight,0.016647851,0.00390625
9ae16327d2657a4be7efa06c7b3421bc,right-turn,30.88732,3.0947266
9ae765882522b2e8852b5d522909db58,left-turn,31.399649,1.7058105
9afcd66a3b15279cd905af9b0b1cc3c2,straight,0.17350343,0.0031738281
9b2ed83be4604830b0071e6da3412b46,right-turn,31.952808,1.6291504
9b61a09fbe9461c2ab3109bfd920481c,left-turn,32.542988,1.3847656
9b7e9eafbed0248c4652e34d38b1ed4e,left-turn,68.44297,23.24414
9b82f9c66ed4ee734f2c883e8dba3049,straight,5.495918,0.42822266
9bd23fadfa10385d13800100d8e19448,lane-change-right,8.633026,2.7577667
9be1166986ba2e46069224e25ff57bea,right-turn,30.94195,1.1142578
9be8ec0b20b262b6fede7700cc700c85,right-turn,31.493969,3.619629
9c1ff2db624283f075f2aea01392c737,right-turn,30.180365,1.37146
9c30f86d7adf72266dc6f31c7b4a3552,lane-change-right,6.1219587,2.5600586
9c461c130e4772a3cfa5f52b1407109f,straight,0.00085293315,0.020446777
9c737484c5fc491d2084fd88cc2deaa7,straight,1.0582838,1.5040283
9c9ee8383e068988d8e1a2228bbf200b,straight,1.8730643,0.4066162
9cbf6a3d2954db5fee34ebca1a4dda6e,left-turn,31.544025,1.4276733
9ce04bce8c17baed36532a800d300769,left-turn,42.741272,33.20221
9cfa7e1fd7780b4513c0129f61c32132,left-turn,49.888676,23.19046
9d2824b2821c3eff868e9eae7504bcef,straight,0.011662668,0.0052490234
9d775e3bcb97e1220262a9e07c66f737,left-turn,32.156,1.34375
9d96fdb4c1bd1a14cc980f246525057e,lane-change-left,11.836976,2.52417
9dc48b5006f7c092aee7293cf2132040,straight,0.9584166,0.22106934
9e1f359bb7d5c89f7946a3b89c05ad6f,straight,0.17096859,0.5650635
9e336cb93148fd1b9158bdcce59ed95d,left-turn,30.182434,2.0892334
9e4dd0eddc7504df3c354dd129fe2287,straight,0.5496222,0.08691406
9e6ac8fa794acb6016ee9c2873991354,lane-change-left,18.695002,2.7075195
9effddcb277b7d314d6c64364c0ca42c,left-turn,30.877201,2.3447266
9f1fe7e45bfb0b19350ac6bcb2a8fa1b,lane-change-left,1.5454916,2.532959
9f39cc229e9023ac37979c880d5526a5,left-turn,31.228125,4.2871094
9f5e2afdb4c2e07b539064d29a2b11b6,left-turn,30.061094,1.8720703
9f887e3ef963de449ef76a69ec09174e,lane-change-left,5.6665173,7.685547
9f91b09b64010baf1e1d704f5df2ad42,lane-change-left,2.623561,3.378418
9f925894dc30b0eed436fe0393890ca3,right-turn,30.44052,1.3276367
9ffeb21cc2df5c0b8c64a0085daa0c11,lane-change-left,6.7426677,2.5527344
a02d9c1da351c67dd2a8ce85a235ac2b,left-turn,31.75178,1.6787491
a0468481ffa18ac3e3fd46eb73144de6,straight,0.027147725,0.0025634766
a06d3015e09c279006007d6b0be0f83f,left-turn,30.386633,2.0654297
a0b759ea86941babd12f6b2a5804c052,straight,0.47075295,0.039245605
a0ba2c3acdb180496107132d7fed96bd,left-turn,30.083174,10.193665
a0c84c254c3fece635c2719db188f125,right-turn,31.461151,1.7437439
a0f77cebca16bb01e7d4e72346e76ade,left-turn,30.380327,1.527832
a10e8ed3e40d0666cf93a5ade221e5ab,straight,0.25455967,0.095214844
a17fb75c407a8a50a6ed9d12765cb252,left-turn,31.46799,3.8085938
a19185ec0a69c9273f7c545ffe07140c,lane-change-right,3.3522816,2.6441345
a1bbf9e17c360e5e2899a9070ff4f0c4,straight,0.17610404,0.0546875
a1d1a8d35c41d7631d7c5c3b9fef7392,lane-change-right,24.777851,25.615234
a1e3b3d4abf4a531588048cbb65d0aca,lane-change-right,6.6592875,2.5837402
a1fb37e8cacbbdaaf3136109f7998c11,right-turn,65.605385,26.591797
a20d37eb72b0d341fed9d31da7202b51,straight,4.666645,0.16601562
a224251fcde057231c25a416cf078f5d,straight,0.23045735,0.09667969
a22f0c917f783534abcd19be105ba66b,left-turn,31.732008,0.8442383
a22fbf2dfc7cc9bc37b194e45bc2c447,lane-change-right,8.975052,2.6582031
a23b600108091ac2c64c4792570e9088,straight,0.1485639,0.15527344
a24a5553f5101062a5cb2afc9c81c657,straight,0.7048863,0.08642578
a25b81782ba3ce75ec2ba409866c1519,straight,0.44492143,0.60253906
a281a9404dc88cd2b6d808e672e38411,right-turn,30.231884,1.2338867
a295990d8c6fff16256d5dc1c44a7847,straight,3.5688996,0.35498047
a297353c939533fa26edba04913430c2,left-turn,30.76305,1.494873
a29fe71a00694398b3fe512534ad5c2d,lane-change-right,7.6087008,2.6188965
a2a32bada4aafb618d83f40c639606f4,straight,0.21446443,0.0063476562
a2a6e1596f6f6e121db9721be8b12641,straight,0.97100824,0.9562988
a2b24fb57f1400d4f2873f4f66a8fc6f,straight,0.91544104,0.29284668
a2c84b969f89940204122340b2baea54,straight,1.3514683,0.3857422
a3080155712515f80fd765c97370d428,right-turn,30.475311,1.5
a31ce9573483a6bcb13fa74ff6a5dcb3,left-turn,31.426727,2.319336
a32127980353a23ff8bbfd83ea2b2341,straight,3.6444376,2.1455078
a3712845523527379f273278884d24f9,lane-change-right,3.8938344,2.5214844
a3d3b99d83e69b1faf32be3e9d203139,straight,0.29397956,0.015625
a4131edecc9c05f68bf4fac27770ed50,lane-change-right,8.307821,2.503479
a41b501333ec243d732a84e74295faf6,left-turn,33.320446,1.5585938
a4718ae734ccd4d520233aa8087d2753,lane-change-right,3.4946854,2.5546875
a47b225349f5ea94b3481c28efefe0ad,right-turn,31.222347,1.6171875
a490e2f1a963a17f277295f208742cce,straight,3.6453097,1.9257812
a4a99e9585442d4ead92037fa1006d79,right-turn,30.940943,2.2329102
a4a9b131ce4bec4b2bc8f43547295bfb,right-turn,31.053709,1.1696777
a4d83ae0e71a4a176d7df8de15251be1,lane-change-left,15.547917,2.9226837
a51dd8dcb43edd957df7daea472302be,left-turn,31.755232,1.3779297
a5264c6a7f41de24687ffd86e1fabfe0,lane-change-right,26.4813,14.119141
a529f4f3e78c2172f35106ca7d60e246,straight,1.330773,1.0761719
a53554f5c755e76af5f4a77acd5853ac,right-turn,31.741854,1.4104004
a57ff44133ca09ed884c1816a05e2d3d,lane-change-right,6.5165234,2.5567627
a592a1e4ce0911a0defda98a53b549fe,straight,0.36661464,0.007446289
a5ab98bdd03b40cd2f1e2ad78b76cea1,right-turn,32.57392,2.3483887
a5c5832d26ca937c9c859b207e420462,straight,1.0674794,0.06640625
a5d68cd8f93fe87aa1e141486d3eb7ba,straight,0.92757934,0.083984375
a5d9a36ccd15d829b542a63cf914388a,left-turn,31.001936,2.2529297
a6083990380c127732766a0a83a61c84,left-turn,30.903875,2.2114258
a615fee036d16bc0875c364075ed284f,lane-change-right,3.51423,2.527832
a62e300f60147160412c8788bf15a617,straight,0.3644629,0.026733398
a631a1e45ebd21fa38684e71e82e81ac,lane-change-right,12.561608,2.590088
a652f6f9aa1808e582b494f943c1f05b,lane-change-left,12.705607,2.5175781
a65530e0270f99a74bb7fe7ac29e416e,straight,0.30628267,0.018642426
a65f346c1afa7fd47514984374cc5c49,left-turn,30.40223,2.433838
a6822a70447af4569b0f988f666eabb2,left-turn,31.061823,1.5024414
a69a34a5c2a39c6a8d272fc095610efb,left-turn,30.385628,4.0649414
a69fbdf070cc06c0ff14e5f2117fba0b,left-turn,31.05761,2.4769897
a6a302431a7ffd11e34a3e31582293ae,lane-change-left,13.950181,12.949219
a6ac899b65baaaf27a5fa9b40653ff82,lane-change-left,10.33487,6.973755
a6b75c5c9059d7ca0288a14fcdb0f504,right-turn,30.11551,2.36792
a6c31e1f5671bd43ec4ca644aa304277,straight,0.135573,0.056884766
a6c6dc17f8aa466daecd1e0963439ce2,right-turn,77.55872,6.515869
a6e32b8f0cc897572a012bc1574d8826,lane-change-right,11.482681,2.7834473
a71aa217d4e17b56ac379b122d05a4f6,lane-change-right,8.241925,2.8081627
a71f7cb3b0779f619ff980590ea6c9c5,right-turn,32.08816,2.0546875
a747983d83d7aa6d985de219a3984a12,straight,0.27273062,0.021972656
a755d4b9d7685f5ed9a36ccc3127be51,straight,1.6022098,1.1251831
a7564255559ac692c80a1750a071abb9,left-turn,30.023666,2.470581
a767331350d57fd30bf380a4937a1c9d,lane-change-left,1.9517627,2.5107422
a7875e89ea326397a5a4dbca36221c4b,right-turn,30.309467,10.839844
a7cc40935281fb32b946d302f980ea8f,straight,0.5363027,0.04736328
a7f0dfd17442536d2ebcacaac18e99ca,right-turn,30.02362,1.9658203
a7ff119946fec688ae28ced6dd3771c4,right-turn,55.52137,6.24469
a80bcc235c455dff32d47dd19e64bd8c,left-turn,30.814442,2.34375
a81813b3aa8e414e143a70d960a6dde8,right-turn,31.662542,2.1171875
a84bc9afd387088def392c74b039fc6f,right-turn,32.752087,1.5761719
a856bc86b25e5fe7da3ec082d4b406c4,straight,0.14257033,0.0036621094
a8946839f992a16fdd3f88c6f969199a,straight,0.07107376,0.03515625
a8ab788b9e8b94ef586ec9fc4cbde325,right-turn,30.445034,1.5996094
a8c0ca7aa104fc3cac8ff731b9522732,left-turn,30.718931,2.2703857
a8e13a67dad49d5a5e8ff3f7b1ce7e75,lane-change-left,4.917371,2.5429688
a8fa530d44f4e2ea9c4d7196ed1153d5,left-turn,31.062923,2.5888672
a94d0d8b289073ba791e35dc84461ea4,left-turn,32.411915,2.5446777
a95373c94ac8a0a54a45ec61e8afaebb,straight,0.62060744,0.671875
a959eca62f278e7c0d951fa72419c2b5,lane-change-left,10.194241,2.5493164
a965371322fbbbdfc1ef436ba0fd86ba,right-turn,30.962523,1.8652344
a989dc58541bbaff4cceba5bd87dee01,straight,1.5737677,0.42578125
a9a744fc340268d422af667ea405555b,straight,0.26682448,0.21484375
a9b8ec84e1b76473251e4f53b7a46969,straight,0.28155804,0.0009765625
a9bb2399fc4c29f47b79472b75d6b724,left-turn,30.21627,1.5561523
a9e086df6d0beecd017d4d292d7f5fe6,right-turn,30.914286,2.0566406
aa2c20499e8a50b86e4930733f154f59,straight,0.4762537,0.070783734
aa2d7eccc3b82464dce08c23fbeb565c,straight,0.38002703,0.095947266
aa46f444b07a409b8c2420a4515c988e,straight,1.1223981,0.19384766
aa7a41c1fe3e7c9ced27a18e96c67370,lane-change-left,9.329525,2.5820312
aa8310164f8ba7384c0d2af4a05f32c1,right-turn,31.899027,0.30541992
aa8eaed6b6fc2956d9552fac59662420,lane-change-right,11.033928,2.527588
aaba238855c1474525c5df7013e30cec,straight,1.3514231,0.54345703
aae0e8ce0c955c59bcaafa2c143060c3,lane-change-right,5.041249,2.5830078
ab0b65dd5e2911ec85f94bac6ce9c87a,lane-change-left,2.7882977,3.203125
ab1a4d77a623edb849af9d7402f7a70f,left-turn,30.628323,0.96118164
ab2c62bfa4f2a7dcb10c87ec928a731c,lane-change-left,5.0459824,2.6079102
ab8077cb64213b617a8017f705022050,lane-change-left,6.6248055,3.0796204
ab849a88944349e7b0a6ab313c590785,lane-change-left,5.516274,2.746582
ab8b64a4b8578f9b8071339069fc896e,lane-change-left,6.238254,2.512207
ab9786d9b1cb689da23ca287414ef726,straight,0.5861839,0.3671875
ab9a9fa4f446da978045c1076c3f5f21,lane-change-left,0.4579616,2.5058594
aba79749592486eac475a3f2ef19bb68,lane-change-right,7.937645,2.5917969
abb17f0dedb9a1524daba6685e97ae59,left-turn,33.031773,1.621582
abc32b2b65609ad20c2c8ad03e4c08fb,right-turn,30.286648,2.0419922
abd0d28c5e897a25145d0600d6bd5169,lane-change-right,19.345629,2.5202637
abd7d0cf4037891fe257d62d3f8a6e9d,right-turn,31.148071,1.5998535
abfa280f3c62d99f1f6f9aa2bbff8210,lane-change-left,7.945609,2.588379
abff31233e93b7b72a9cf9bdb6bd90b6,left-turn,30.970964,2.8601685
ac12a3fcd33b7ca59c19c431238a097a,left-turn,30.381697,1.8427734
ac3fea5bb9b237b5c24e164e61700eef,straight,0.8980352,0.16210938
ac948a01703dd3c51bbc6ee77fe2b7b8,straight,0.34960884,0.18905258
ac9972ee630dbbde1a9a40887cf80db5,right-turn,31.205486,1.6269531
acb36901a0e8e0e2702f86c04bb0bf33,straight,0.42015824,0.006439209
acd945011ee53bf6eccc983566206fa4,left-turn,32.41449,1.7260742
ad58476e67ef355a35f3e5e3530587f2,right-turn,51.117825,4.680908
ad93d2e7c1f090736f3b0d9553ca7d84,straight,0.20058504,0.07714844
adb2130fe01fe90730816f9c8a973b2b,left-turn,30.977175,1.9135742
ae05887df10cc15b7d1c24ce6a3a6ce5,straight,2.9369984,0.83032227
ae125fcf6bc997b2cead481d581f72cc,left-turn,31.163132,2.9169922
ae887e31260d3313dad2814cab15cdf8,straight,0.112720154,0.011413574
aebc1629d91e5bdef01b1d577534c556,straight,0.5016315,0.16552734
aec26a9fac5163b7a2b427ca4e4980af,right-turn,31.106186,1.4886475
aedd88d6ce2552207e1677f2847aebe7,straight,0.27273062,0.021972656
aee19fdc995892d79ada717de4417da0,straight,1.8106694,0.023071289
af1d9cde52b27eb292669fe8c10553b5,right-turn,41.30715,15.133789
af389c6a978f47f8a686731131d6e48d,straight,0.69733167,0.16113281
af3d93ac2b96dbe21580fca517b1ab7e,right-turn,30.863672,2.4023438
af4eaf01ec1f673a72cf01ab8a40d7b0,straight,0.94261557,0.096191406
af758be185dd27cc962049dbaf5f6948,lane-change-right,3.4004133,2.5766602
af8575be1baa929c7db2854998f55249,lane-change-left,2.4185596,2.5090332
af866bf3ee8c953b61bc1c62628e09db,right-turn,30.956457,1.3139648
afd7afd2fd7fe02b65210917a8b65da5,straight,0.19507268,0.122558594
b029c7386cb1d00aef9da0c8aefee273,lane-change-left,6.1582003,2.5483398
b0495d3dd899351f372affdd1fa47c86,right-turn,30.16006,2.0863953
b08d55fd1c041741a487b77aac7da208,straight,0.6854591,0.7685547
b0b186a3a6e23839eb3bd89b9287ebb2,right-turn,77.70105,11.616844
b0b2a38d6fd59d58922f783433dd100f,straight,0.13826106,0.0029296875
b0be51dff716b030eb07171230c14050,right-turn,30.813126,2.7089844
b0f524ee21218279ef6b293b9c729288,lane-change-left,6.343214,2.51853
b10b4893819b5cd64b2ab7d6e7932df1,left-turn,35.988827,21.668945
b119ca714d359fddbb0e7a4438a05654,straight,0.07316002,0.32128906
b11d57e1bb71d790a78f9a2261384abe,lane-change-right,3.3384657,2.5073242
b136a895ae9577fd9fec9a3119ebd5d9,lane-change-left,3.742225,2.5080566
b1401c1371c532f96fe11678e636efa1,straight,0.13633594,0.06933594
b197472f28df9f18c22654a5b514082a,straight,0.93968266,0.02709961
b1d4355dcf23772c4eb6f19ba185e42e,left-turn,30.599564,0.81555176
b1d6d872a1dc393560a589f999e7b60a,right-turn,30.402006,1.2453461
b1ec7c8dee037cd7f2a84c1b5a7901a6,left-turn,30.459148,2.1308594
b23e190a9c8023322f81c14a459b6935,straight,0.59883666,0.43798828
b2639a5cad2274a6df14516510d5b730,straight,0.5077507,0.26953125
b27a68b83f5c97c382c5b0521308e048,right-turn,30.22256,1.2363281
b2cba4089efd6172a541d3f0f61fabf9,lane-change-right,3.2161396,2.5240479
b2f1ea173b28f5fa693f194d34aa4e3c,left-turn,32.1028,1.4921875
b2f2a214153b352e9da4dd4c46762815,right-turn,48.46366,16.89087
b30006aee01885edd8e6ebbea6a8e326,lane-change-left,9.760159,2.5292969
b304612347b35019f6bb3f0f085e92dc,lane-change-left,5.7227297,2.5351562
b359b2c3842656fb2a0a89fbd9728c87,lane-change-right,9.65448,2.513916
b36e6ce9701bcee2ad88384f66ef8a8b,straight,0.23509638,0.009277344
b38c73af65ff977f4f6119c14707240c,straight,0.0073874462,0.001953125
b38c836083bb0910697096a7099a9a98,lane-change-left,3.129932,2.6645508
b395e7221c90fd7d998b197febb4e5a3,right-turn,30.496454,1.2324219
b3bf57a4be30501736cc86829a8d3bfd,left-turn,30.515839,2.4993896
b3c4404e2b76451cc481788af624b78d,straight,0.105814785,0.019744873
b3c67f8d4ac491f9627f16c802b20541,left-turn,30.346214,2.2080078
b3fd754081977185b314c83a1211a26d,straight,0.60185605,0.305542
b40eb656c0a2765e0c21fc39d7a85c3a,straight,0.59002745,0.37402344
b41771f0f34f1c08d72f690937d646ba,lane-change-left,5.848083,2.5419922
b445bc300455855f999e8b8ae8eea6ee,right-turn,30.890257,1.8879395
b44de3ee86193322bc25ccb5569d5d93,lane-change-left,9.957101,2.9169922
b45bef0119b7dce7006a0a8e196ce086,straight,3.1784089,0.8203125
b45deb9cfab22ac761cdb58beec13784,straight,0.15186849,0.22705078
b4719fbc4a81ae1378b4103cb6479620,straight,0.5496603,0.2640381
b4a939e096422fe3acce8a2f6abc34df,right-turn,32.0074,1.5643616
b4ae3b2134a78717b8a4d545a0cc2c51,lane-change-right,3.0781052,2.541748
b4e2de67684553e623e756fc359c684d,straight,0.6337708,0.103637695
b54d4faf7a4e1cdd8f9d1ccddf907b82,straight,0.044843476,0.18603516
b59261e0ee034e857bcc13fc7f07acc8,right-turn,31.32229,2.765625
b596db45aa39d8ed777867469668ffa7,lane-change-right,12.690614,16.25586
b5b33e7c9c30b44b57937b20115ef5d6,lane-change-right,3.417751,2.5390625
b5b38b836f1422f897d130c46e33dd0d,straight,0.3290652,0.0021972656
b5bd0f950a41798f60df26863b17a39c,straight,0.9499387,0.3774414
b5dfd7d31972c92209ef54c811d1ed77,left-turn,72.969635,28.244324
b5ecbce156107d4e77da21631df2fc77,straight,1.5192088,0.6220703
b6361f01ca2d5724646b7e1814ce37b5,left-turn,31.805748,2.5750732
b6848a6e4d8162ec421c378148b3a9b5,lane-change-left,6.3846397,2.5037842
b6e14d9689151b7755ebfbb17688e665,lane-change-left,9.865125,2.5673828
b7686c4e2e09d6179a94a698a3a00c07,left-turn,30.790194,2.184082
b7809634e9e5b79defa9336572fef620,straight,0.9665417,0.55444336
b785cd5e934bee5a1d1e986309f0eae8,straight,0.7643683,0.64453125
b7f27692a540399e77c98c7034b68056,straight,0.33548337,0.21582031
b843f4d12a304b6fc8d9e66872f2b494,straight,0.94740033,1.4902344
b84d416e992bcbbf41450860d1cac01c,straight,0.48989636,0.017578125
b85e1d056c25eef736b428d6a56c3338,straight,0.0031618339,0.00048828125
b8bd98093c08f72859bb716f67bdc137,right-turn,31.086412,1.6841888
b8c45cb3e0e4376b58d36f292e5ec67c,left-turn,30.447039,3.4002075
b8eeb92ff6490ca918dc17ed81d41fc5,lane-change-right,2.8355517,2.5029297
b8f637b24e181d3022d6cdd8538d062f,right-turn,30.86975,1.6484375
b90db12414aa45811bad50cc67791a51,left-turn,32.16883,1.8425293
b91a719193913cbfa547af328d5b7bc1,right-turn,30.990206,1.8300781
b97fcd76b1463610788909801a971eaa,straight,0.06585654,0.016601562
b989a3d059e53a3fc23c2ea29e8df251,straight,0.38345093,0.021930695
b99437e33cfa5b8abc662a4f635c1496,straight,0.10135895,0.014282227
b9957ecf45ce8bb08af824b713b10ed4,right-turn,31.54934,2.2297363
b998f24ead4a6fddb7a4f3a109b6e77a,left-turn,30.493696,1.324707
b9ae2bcadd04625812e727c96d1c5552,left-turn,30.05754,1.4801025
b9f6c1e72bc6fc25b67e1501aefa8126,straight,0.0011263008,0.21923828
ba0ec06f7a59663e92b831099154a32b,straight,1.0379891,0.515625
ba0fe23973467dd6d31d84cb16ebfc68,left-turn,30.326527,3.08667
ba331921d560e083f2d88621167bf095,straight,0.00029844724,0.1374532
ba6a7f3fdf5379ec6c40a8d6c95c8817,straight,2.4509652,0.8859863
bab690b7f4d0fedc60106b731754b6ec,left-turn,31.523535,1.9848633
babc77f7843aa2dd944fe86237b7aabd,straight,0.2694866,0.010498047
bacdc4b568885cdb592539ea2ee8a766,straight,0.22275199,0.15820312
baf757ff205f9882e849c8f580a862bf,straight,0.34244624,0.11218262
bb5d423dca182a8860d61c321ec47f80,right-turn,32.022217,1.6464844
bb8adff265f560c907fddba3d4688244,straight,0.11514092,0.28320312
bbaacc9b2a4e738d3720da40db9661bd,straight,0.41995943,0.16796875
bbc4cd9d56abe2e034d416ec504db667,straight,3.4105575,1.7905273
bc09d6fbfeadea5febc1c01044366e4e,lane-change-right,2.9765494,2.6132812
bc15e1bb160b41af351da70059997398,right-turn,31.73253,2.303711
bc5349a05ccad4fa84bb74f6fdadc2e2,straight,0.5896376,0.32128906
bc563437d88e4e40a216b39151c09f8c,straight,0.19259012,0.013671875
bc6e16cddba5d7e4a14a42959cd7522d,lane-change-left,5.5262218,2.541565
bc7bc71b74b7049bdfa7461496ad90e3,left-turn,45.98342,1.0849609
bcb7e9c8404ba9741bd8289c5320faa3,lane-change-right,2.3524253,6.256836
bcb80df790194a957c0d49cd7c6f159b,lane-change-right,5.3296013,2.5063477
bcc5d960bb306001892a4acd78ee85cd,right-turn,30.344952,1.8122559
bcdec0044f35243c04c922ccbb14f89f,lane-change-right,2.2659466,2.5
bd06f21e7249a1b25da18b1c8deb0ab0,straight,3.6875985,0.20898438
bd126987274429d0ac39a8ca067ee790,straight,5.4259934,0.9042969
bd1406f89418c1a1784d71b220fde276,lane-change-right,17.639887,2.9418945
bd1ca437823f8aec03dba95a2dc731f8,right-turn,60.633526,16.860596
bd55a271323d459b94a68bd6124dc1f9,left-turn,30.834034,2.2910156
bda8a58fbd768b8b8e761d38558b1dff,right-turn,32.287422,2.7909393
bdc7e866a2b3b6872885d85ae891ba81,right-turn,30.467747,1.7580566
be0045cc68ea4a98de330f85e2c965f9,right-turn,31.862707,1.09375
be0181ed607c59a29dac738f9b61a02e,lane-change-right,9.740962,2.5036926
be0ae6dcf218ee3924b30626ac4781fc,straight,0.03947214,0.5498047
be5683ba52d625cfb3956e90c5e2c5ff,right-turn,31.015928,2.4533691
be5d9f5eb89c8d3b136e8a24a4521899,right-turn,77.06185,23.422577
be8984758fc6fd263206d42e57b83cce,straight,0.012511118,0.30664062
be988601654ec06821ed0903c1a7d5c7,right-turn,32.27811,1.6245117
beaf6bb3abc12debe17dfc52cd8f4ec4,straight,0.14773627,0.4506836
bec283b8c2ae2f27383c32417a09d386,right-turn,30.580303,3.4731445
bedec0e1e589b726fa53420a86c45909,left-turn,31.93094,0.2397461
bf3fd3110af2f0eafe3c074446552427,lane-change-left,21.33598,9.939453
bf6f7bf6aefa799e4daa947ed0eeb7fb,straight,0.055670213,0.00390625
bf8ad2a3172a3e3f8410d46791a46d14,straight,1.0487912,0.12451172
bfa129412a0bf23a3a31aba143a93e88,right-turn,31.384321,1.503479
c08219ba02d2227d26a0fb95f355b400,right-turn,30.617523,2.0485535
c086330168a335e2702e9bec118cb3a2,lane-change-left,9.1581335,9.950439
c0955bb3ebe5b1d45769017c5207b8a2,right-turn,31.347458,1.8496094
c0cfa332665ff9df65d45d17216225f7,right-turn,31.236958,1.7739258
c0e2d40996f35a40452efc66563a44f7,lane-change-right,0.70465225,3.0214844
c0e9ce84e72ef0d3a0b5dd57960f8cce,right-turn,30.228195,1.4418945
c139e8ae56825bc6caa6e26b22c003c7,straight,0.04047647,0.3984375
c140ab74e630b88f5a9f1bcf95cae53d,left-turn,31.926376,1.3651123
c146994dc689dc15785929ee5c09052d,straight,0.30262703,0.31054688
c16466745d41f12141ed6f69f548c0cd,straight,0.56137365,0.41308594
c19737728a42d1066a1cbd73614af471,left-turn,30.808117,1.3503122
c1b0b0fa74e3f6d13afdb591a0a6a8e9,right-turn,32.231224,1.96875
c1bb0b7904ce8fcecb4c8f518d36c688,lane-change-left,10.216555,2.5268898
c1e7366a8d5ba24726a6def827637814,straight,0.11464243,0.037597656
c1e935659e5a6a4d51614efd3ac7de9e,straight,1.2233123,0.26306152
c1f2ca3bb8d683bd203bd3199e0d162e,right-turn,86.02129,11.6779785
c1f738ec188cac7a7379b8fca8d4601a,straight,0.025140116,0.04345703
c226219b635078cc2d8083feb9547352,lane-change-left,3.3984098,2.6376953
c228ea1327f844633e647705bd642ff8,lane-change-right,17.913805,2.5775146
c25377fc9372929baba18bea2ed0a091,straight,2.2763045,0.67993164
c25a9d17d9339fe11b268874e8c4b610,right-turn,31.5434,2.2978516
c268c140cc718a0a105281dc562b6ac5,straight,0.60334975,0.02734375
c26a139638d9c0d24c072b0bef728870,lane-change-right,7.120301,2.59729
c272cc9989b499bc55db04adbd03a9d3,left-turn,30.820745,2.4394531
c278c85a17f972cd6f969ad7664b4aae,straight,1.7588934,0.83569336
c281e1cb0e8c9713ec5ce2af0d4adece,lane-change-right,3.5450041,2.555664
c2b03c2232cfe3b55fcd19fea1bb44c1,straight,2.3535342,0.421875
c2c371419a54d38d3e7b7fd36e95ab31,straight,0.03453431,0.0034179688
c2f10eae1a40858b5b6bfdb126316365,lane-change-right,12.64639,2.5507812
c3135e4f42997e036515e2ab9e024d4e,lane-change-right,5.4436975,2.5439453
c32624fbfde8a4fa7b3384502a40f832,lane-change-right,6.946112,2.5379639
c35a59ce6782bc67d15d7089627a48a1,straight,0.54837495,0.21289062
c35a8899cc72f064387f1175740d8416,right-turn,31.803944,1.3898926
c379b6785c1ec40bed27a6e20ce4f408,straight,1.1288191,0.16796875
c37e747b8b4db17e9937f91be2e994fa,right-turn,30.130634,8.858887
c38223119a02ef785adec5063b495877,left-turn,30.102446,3.4763184
c38a7529c4422d96f2239b3f415b46c0,straight,0.50131816,0.22167969
c40f8c5987d4e102d06a799fedccaaa5,left-turn,30.600069,1.9431152
c41caadf059c69f4eb701d7b7e29a2e9,straight,0.8369827,0.5878906
c41dfef583199fd4912f1e96c95bf142,straight,0.48967406,0.018554688
c449ffdae97cba80dd23c73e3d68fe3e,straight,0.135402,0.11035156
c4633b4d2aac40dc2aeab39dcce732aa,lane-change-right,16.745966,2.7490234
c46e804e9fcb887376492eae59663409,straight,0.884776,0.42578125
c4ba35b02f647591ad13fbbee598360e,right-turn,31.55721,2.1035156
c4d2a1c09c65ea95a5e1b484a4fa4760,right-turn,31.178135,1.1452637
c4e9789c828ebc6ab33d0c7c7788016b,straight,0.32362312,0.21679688
c50040f92315af7da6fa5ae75119100c,lane-change-right,7.00306,2.5334473
c5151b62478ef942f88f975f2b31ea47,lane-change-right,5.971405,2.5742188
c52a6d8e4c741761298ac04f335f9f4b,left-turn,159.41405,0.37112427
c57453d3654656874dc9d295496bc2b2,left-turn,32.96725,22.427734
c5a5207f3418a049616ffbf5268bf8d5,straight,0.3901155,0.0073242188
c5ab9da16e21acb6823f4ec5e268549b,lane-change-left,10.004616,2.5158691
c5e1902f13153becbe379e93c779ebad,straight,0.35210937,0.13049316
c5fe7ce6fbd912f519737e45b7fbfbb7,left-turn,31.094236,2.9990234
c6364ff29aee952c064907f8c689a86b,straight,0.053850863,0.009552002
c63ad40eb8610c3497079d43f27fe613,straight,0.09225226,0.14855957
c652f18c87a3479cad2915a81cdec04c,right-turn,30.585861,1.7773438
c661e565bf884d10f94c3bf696c7934c,lane-change-left,9.5280905,2.6132812
c6e0a7ff5f95ef5e69cc9b790d177166,right-turn,30.03252,1.9438477
c6ef053617317dbef9e494bf2704cd1b,right-turn,31.662535,1.3056641
c725ec5e9baac116d3206497e623d861,left-turn,30.758085,2.7998047
c732ab779a9ea1b18b8c5cca49d12b53,straight,0.3384519,0.08833313
c74f1fba47d8704b3b0783da4adb2d04,lane-change-right,7.0530844,2.5495605
c75458067481ecb99040dbcd8a022ba2,lane-change-right,3.235126,3.467163
c75c8bb4d955059b7894932b38381643,straight,2.7479227,0.1194458
c792603809a544b9d000c236472d028a,lane-change-left,12.909744,2.5771484
c7b8cf508e356aead64a5c6e22502879,straight,0.20598324,0.07543945
c810276a2af80a97a45b6bc17b014bad,right-turn,30.807508,1.6367188
c813a7b0498907d60229889726e582a1,left-turn,30.869732,1.7329102
c8285d4afeb095d5879838ca1d01b57f,right-turn,30.253714,2.0898438
c84c29291f55ff36d288f665eef189f0,lane-change-right,5.0202026,2.5170898
c883669bb2e877b81be219764cd0ebeb,straight,1.6738577,0.119628906
c89b939223481d70893dad1cfc869a56,lane-change-left,5.214643,2.8808594
c8aedd82b4e1c74c9f3451c6e1e882f4,left-turn,30.316025,2.0585938
c8b97b9bc449551b8cf004e026dac6ab,right-turn,31.693787,1.4160156
c8cccdb66479dc6c68bfed55b3860c71,left-turn,30.233181,0.29785156
c8e6bc5e694fea979f6262d17e4d6679,lane-change-right,4.849586,2.5332031
c8f45de1e780c6bb2a3eb6ea58c9d32e,left-turn,31.546515,1.9301758
c91d437c22d5fbd23e9c1ff33e0e5147,right-turn,46.059414,21.781006
c960c747cd31d396601628b5adc48dfb,straight,0.7665383,0.453125
c97cabae55d70167e869c17cac108576,straight,1.1022924,0.4378662
c9a3ce78ddbea875bb29cb854f7db085,left-turn,32.37037,2.8881836
c9d2a78b01bd6bc67fffe3f007e24bc1,straight,2.7995348,0.6171875
c9d412392a6e9a091e76388d97f19e2b,straight,0.81853235,0.5529785
c9e76ba29db9dd59d75eca44d849e593,straight,0.44328538,0.0078125
c9edb4730fc275a1442505c4ad1d8fe9,left-turn,31.300314,2.44841
c9f02d853be996047d19ed3d4e2f9fda,left-turn,30.63007,1.3164062
c9f53869ae7847d7b7cfdf1f0a373360,left-turn,31.531502,3.165039
ca328ceb6400d5472ffae255edf10aa4,straight,0.24262701,0.052734375
ca4c6bfb5353b4f501e74c9883d13d3a,left-turn,31.75729,2.1918945
ca94b684137275c69dbaccd74a0ba047,left-turn,30.678192,0.9941406
ca9763c7dc201f129dedf6559e5579b9,straight,0.11551283,0.019042969
ca9e48f90861b986fa028943e0fe4ca1,straight,0.9243785,0.04852867
cab6edfb55091dcf8f9a8a45649fca13,lane-change-right,24.188927,2.555664
cb012b60588f004052ff7ce3e1925e46,left-turn,30.256613,1.8317642
cb402282bda6c6dc3398ccb3b1d990b6,left-turn,30.417736,2.0335693
cb59e354cc3c99e4123a29966fac05e5,right-turn,31.470509,2.4370117
cb61ce985416b5c47f18a1672046160e,straight,0.02761242,0.00024414062
cb6aab476e2d24703b0707a46e7b9f21,right-turn,30.79683,1.8728027
cb7d21c1b555518fe69c03e6cb6aae28,straight,0.3583739,0.00390625
cb84fce95b4c5871c62a4859d921a54b,lane-change-left,2.7881737,2.6118164
cb8b8994cca163459de6e77c23873ace,straight,1.8954479,0.38537598
cbb18151b7f7031107bd82c2543a1ee9,straight,0.9988289,0.6269531
cbbaa566f3b6ecb12a7ea1c61cc5ccf7,right-turn,31.267149,1.7716675
cbda6736d412334da820e864419308b5,left-turn,30.352648,0.5344238
cbf26d3d1f79e82aaadccc1de8035892,straight,1.7356646,0.4644165
cc01808651c3b17930478e2d0f0008d3,straight,0.100003146,0.1694274
cc4a25e596e3a7155b1b813ea0f3c83d,lane-change-right,4.4019356,2.567871
cc5d443029398a387f7d30224e6223a5,right-turn,179.03946,0.042236328
cc60f63b7db1aa0e929c9ad92c13a6f6,right-turn,31.622524,2.9257812
ccb549ca44c133b04b3b162bbe86e1c0,straight,0.3513107,0.025208235
cccd6b5049ee1a657cd5935a198f124f,right-turn,30.066307,1.9775391
cccf5e1507d5f519ea35e92ff3db0d6c,left-turn,30.709724,1.1826172
cd160d27605d872eb7850224e0f66a68,straight,0.06399568,0.20269775
cd3b0df9ed9dc70223e18ce059c16492,straight,0.21499252,0.001953125
cd70d828dc4932b17f48bd58b8cc390f,straight,0.0018786888,0.0066223145
cd86767c4591f1f21911ed700ee53228,lane-change-right,1.3988081,3.4848633
cdab59b0886ddd70ee637a4898f41224,straight,0.2431178,0.01171875
cdcabe1c0037d309de0d5fdd53becf18,straight,0.95880544,0.23413086
cdd68cd0c02d83badc60fa7116b67dc2,straight,0.48551998,0.020019531
cdddf84b377b74ba8446e79aa221b75a,straight,0.08130311,0.234375
cddf0bcff072c86d54d918d09227131f,straight,0.36108524,0.103515625
cde61894a2404363ce0d955036eede9a,left-turn,30.52576,0.8779297
ce1f5c1dc77ec15838759498e1a3a4a1,lane-change-right,3.7090428,2.5117188
ce3cb9231c05c659f37278a38b9b2a1b,left-turn,30.623688,2.6782227
ce5b26292feb5600cfc7da8a71b7e608,straight,0.03055649,0.0025024414
ce5b9f7b374dcbbae7655a1bcfdc05c2,right-turn,87.67644,19.904785
ce64e64a50f5e190ee8af0a128b01111,lane-change-left,23.832722,2.711975
ce714814d1ebe9318bf96f0e85d27d23,straight,1.0793446,0.10253906
ce8057043f8a3d70e4340bd1c52a0fd3,lane-change-right,5.308817,2.6152344
ce8a64c3bb081802d78fe47ed27ed002,right-turn,33.029892,1.4780273
ce92c6c99ecccc7b83417b6034ec9743,left-turn,31.0972,5.1088867
ce9680ef7c2ddfb0de3f4fad679a840f,straight,0.48549563,0.019470215
cec3066b4609cd0dcb119539fedfbad2,straight,0.37446424,0.140625
ced048a8b0eb7e6ddf6791c4fc4f9640,straight,0.91953874,0.40820312
ced494e111084c218f25672bffef1756,left-turn,32.73154,8.098633
ceee86ab375be646eaa24e001f834efd,left-turn,30.551455,2.8779297
cf09a98629eb814eca0c72651b0e7f3f,right-turn,30.957865,1.7529297
cf15267163eead5952d8cfeece70430e,lane-change-left,1.887067,2.5048828
cf18218e2662ecf0018d911ff4276475,left-turn,57.299786,15.434814
cf5435ec5413ee989e2cb20e084bd1ac,lane-change-right,4.2221665,12.171143
cf57bf8a7a83269b56a277572324cde0,lane-change-right,9.365574,2.5322266
cf5a330837edcf65db0e75952120fd29,left-turn,31.861202,1.2832031
cf60b70dd30d2ab67d6803578de5abc8,lane-change-left,3.1904101,2.5097656
cf6d7845b69ab9a1a48ff48f9065a427,left-turn,31.15829,2.83667
cf84f705f1954e62880a0ce641fdb361,straight,0.41082314,0.018554688
cfd75c8e6085b11d68e8ae50fa7d1d37,left-turn,30.997402,2.4160156
d038ba77e601ca81233d0af39bb8bb05,straight,0.6573869,0.64282227
d0476628b8e70af838f6a186c04c0264,left-turn,31.600807,1.3562012
d0cd7c98a15cd2280c324cb80e99e2e2,left-turn,31.4738,2.0078125
d0d78abc89eea37621082b486eff2ced,straight,0.28588155,0.4194336
d0f5ed6ed6c4ee39dfbb9e3394842d84,lane-change-left,5.161086,8.853516
d172202f3ba715813d899a33d0d6a9d7,lane-change-left,13.527884,2.5049438
d172e48d29f1d3b1b0c2f371545051fc,straight,0.6363507,0.22216797
d177eff65b31ea921e47ca589385c22e,straight,0.02824958,0.030395508
d18e70bd37a91303ce6b0aeced8b7ce0,right-turn,31.475927,2.1730957
d1a4b4d8b758649fd26802a5a623028a,left-turn,30.667183,1.9042969
d1b46ff4c1672e5648b59f28ba90bc20,lane-change-right,20.453892,2.7021484
d1b9ffa6a90456a88edf290aa737a786,left-turn,30.10169,1.8730469
d24697516bb6dada3f5ed8eefe61cdc5,straight,2.7244992,0.7216797
d302af1fbeb4606e7dfa7e34ab3b1b25,lane-change-left,13.294407,2.5126953
d31b335ea4632dcf4557d50e8c9993ba,straight,0.0464344,0.28149414
d337138a56fdadb552b5f5aa9f38f65c,straight,1.7637731,0.61831665
d345c2db7a86ef74e747001b234d4d62,left-turn,31.474688,2.6308594
d34cfa290ce06fad2a2bce54cf50afd6,left-turn,30.256882,2.102539
d39e58a488ce56a6bada02d91db8d48f,left-turn,31.389215,1.0148926
d3b0571d016b2ee0427fb4683d2d62cf,left-turn,31.551043,1.8364258
d3ba9c4f68cae824f21a47df10bb01bc,straight,0.18738663,0.009765625
d3da36f54eab1734216389d2588c61c9,lane-change-right,1.9293828,2.875
d43690cc340e52f272ca0213affbe94f,straight,0.6267342,0.37109375
d44c735c39a2d7be642feeb44ba63f58,straight,0.0022448977,0.0024414062
d4861c343c49d266a17c0d953bb118e9,straight,3.9507177,1.0410156
d4e8efb46b51ae9675b20c824a65aaba,straight,0.08601474,0.0061035156
d5101b7595adfa1bb3bda6fb73e5dd96,right-turn,31.67205,1.3261719
d5447440141fbf814c5e9a281585faa6,right-turn,30.187473,2.1054688
d56d308d87b9744c36b8ef45bde0fa19,left-turn,30.073393,2.1113281
d5ac206f3229513642b036dab5592317,straight,0.32752958,0.020645142
d5ad8c23212bd1bf34b5dc2378d0847f,right-turn,31.963665,2.3710938
d5e3eaa33b4d35016b47f2b33bfb77d9,straight,0.1214152,0.026367188
d5ecfb772a26081aa7880661058c5e79,straight,0.23344553,0.0390625
d5f5142bc3eb8c87eb2ee25c97601c79,right-turn,30.487286,1.1044922
d609deec61fe9ad35918bdd064b117c4,lane-change-left,3.469966,4.9854126
d60ffc64e51120e8bef98c4f8330232c,right-turn,30.830963,2.1777344
d640ac99d81542102f2a9f82f494cbf2,straight,0.3156364,0.0009765625
d66e4f871b7f136795a8f9c7f77daf5f,straight,8.242956,1.1669922
d67384eb34b2ce52f948e1ebd60afb8d,right-turn,30.460573,1.8269196
d674f1996d9e40a688fc3cc9f010fe64,right-turn,30.2004,1.7128906
d67888e6a581bc1e107849649a321668,straight,0.10644029,0.24902344
d685dfde5f8da32f88d3e6a3e8a51c8c,right-turn,34.092705,1.9296875
d69b6d5dadc361ae15030b67780d055c,right-turn,31.037231,1.5566406
d6cdf6eb1b7d4a8be6dac71f34e6cdb7,straight,2.1668048,0.36914062
d708c3e03cb353f0c238af27c5297166,left-turn,30.885427,1.6859207
d713fc6d8888913e632dc000b09bbca6,left-turn,31.666159,9.032043
d72caf20cf993a736f9b0de8a847f29c,left-turn,33.181225,1.7718506
d770776e1cd749fc16f774784f54aa08,straight,0.43774727,0.29833984
d776ddaae451e82da0ea5cc8744f9b41,right-turn,31.061605,0.9864502
d77883ffa3c476ffe71f1694ae982ebe,right-turn,30.999905,1.1273651
d77fbf1c01740642dd79f2626e1ecd60,right-turn,76.21486,11.425293
d7a1b47c21f299047d56db8fc332320e,right-turn,32.322266,1.8085938
d7c631a3e21a46f0bf700752457fb734,lane-change-left,6.704829,4.672241
d8274379071add5a3966a55f4fdff556,lane-change-left,2.3035042,2.508606
d834dba188c798362315494535ea1523,lane-change-right,6.776469,2.65625
d8658487e2edbcb71c2316f7badb8a57,straight,0.4466951,0.3647461
d87ebc39f618961005ad803cd234f841,straight,3.5963748,0.21679688
d890a01a758fb837f5caa4b392abbab1,straight,0.051601093,0.16210938
d89e83580e5cb1c4b91bbe6fd10e41ee,left-turn,30.280607,1.8828125
d8a255c1ccd95cf732558d8e2fd9112d,lane-change-right,12.889421,16.519531
d8e15a46d508599b71f95cc838a0940f,right-turn,30.88789,1.9150391
d903220fc93d2d3fa647d49e0e6a5844,straight,0.17246167,0.19433594
d932272b4a459e116304ac9b7f3ccf94,straight,0.072932996,0.107666016
d94835eb4eef5ba201eb8c2b78b12b90,left-turn,30.821606,2.2678642
d94e5cf01882f7c955f0aeb32d697309,straight,0.2327983,0.08203125
d952cd76ed361078b62ec6ba8323e2a2,right-turn,30.504196,1.2824707
d954a84a4889671abb251469b61044ec,left-turn,30.209215,1.0831909
d96691d893e21957b86db610bb6445e1,straight,0.22473274,0.014404297
d96ca054b54c1f93335a6f53c9460b56,straight,8.434297,0.6611328
d9a78162235f20ee0551bb03735f36b0,straight,0.26443774,0.28173828
d9ccdf1a61a8ad9331d5034a6c6e3a86,straight,0.086549446,0.0009765625
d9f3e6a3e945367fb4fc780c413c871b,left-turn,68.174126,14.093262
d9f93c184a1ea1e8caac57b499a620e9,right-turn,30.055067,2.4970703
daa109a86d1ac6948f521187caee160e,straight,0.7474971,0.27124023
daa89437a26b3d8e200ebfe0b528d438,lane-change-right,2.883941,2.5483398
daa9e2fc5982ba1338d5ed99574b2ef0,left-turn,30.183252,6.2773438
dabab95080ab8dc79691399f7d875a58,left-turn,72.885765,29.07898
dad52e20721deac53fcf43db7b4bc679,lane-change-left,9.613173,2.5317383
db47c7bda1c429068c924c90cc7c9628,right-turn,31.70952,2.6376953
db6a06793d5386d6d04fda11cbc5acc1,lane-change-right,12.801078,2.6986313
dbd2d26c5b1193cb040d76852e5019ca,left-turn,32.27847,3.0336914
dc4023e648118b4be2bc3fd284e94a55,right-turn,33.353176,1.5175781
dc495d6f805300f0b33440a31387812b,right-turn,31.317436,2.305664
dc7a344ae73c8ab99718c6628bd731e8,straight,0.29152894,0.3125
dc8cf5450aba5ea23376ca4186ebab4c,lane-change-right,18.432009,18.20642
dc8d295ffb2bada241e163b057161b19,left-turn,30.169579,2.140625
dcc1caa6df07b17cd112664141c88610,right-turn,80.0692,17.700684
dcd904e239037cc6b4b036b95305a2d2,right-turn,30.797232,2.8886719
dcdbd2a371e4253e31db80a8608b1cdb,lane-change-right,7.644671,2.6132812
dcdf78a96626816f99fb52316764f550,right-turn,30.123184,1.7388916
dd10011efd727388363f03418c6587f7,straight,0.14009666,0.026672363
dd550bb87cbdc2f350e95f78fb1dd3db,lane-change-right,2.8450003,3.649414
dd5552cc13f3c0dc5c655bd5094d19c3,left-turn,30.296368,2.0141602
dd5557622dbe93c53cb1fc2f41f5be0f,left-turn,33.011032,1.1298828
dd6bd18815e5700bbcea8f0f93868f9e,straight,0.53069144,0.21459961
dd772e9462b4dddae0f030c1325312a7,straight,0.15771385,0.2163086
dda185bd08a5ad23d60ffad3ddba76c5,straight,1.9417416,0.4366455
ddcae0d77e34856c71e815921b2bef91,lane-change-right,14.501602,9.301758
dde512e476caa3f4f7bffcf79c4bee00,right-turn,31.14414,1.5863037
de4b707a9123afae541c420c5edd5842,straight,0.0444863,0.040039062
de5200e091f690269a040fe4a99b041b,right-turn,65.42371,19.293213
de72b748c0db7c57c81acf1f8aa2345b,right-turn,30.75618,1.8276367
de904de72910ffe6aabffd96b9124af2,right-turn,30.580732,2.6816406
deab3936546531b69a12fb2cbe4749ee,right-turn,30.623272,1.5810547
dec3e431cffb74418c9fabf76df54762,straight,1.5040698,0.28979492
ded51faa896f83eda0e08bea7c8754e6,right-turn,31.587729,2.8691406
dee9a4f6bc504f8e72b045700dac104e,straight,0.015790535,0.23779297
deeb98a44ce67465bdbacd2d5ba2d054,left-turn,32.30418,1.8254051
df3fb153cc7ea1cd577006eca2c40a29,right-turn,31.5395,1.953125
df4e9f8e3ba5e890b3cd22bd23aac3ab,straight,0.39174247,0.6171875
df9b1e04ea8bff3601841004148f0e97,left-turn,74.377495,6.4783936
dfa2bfbb5e7a04157134d2a29a14078d,straight,1.0709724,1.2098923
dfbe483156dcde727471ef2b6647007b,right-turn,31.84901,1.9589844
dfe61be00627270e1d3c63659b1634e7,straight,0.11523943,0.046875
e020af0753ce80caf68da49e097bb784,straight,0.01003308,0.0031738281
e02dcd970977b20aac611dcccfe3cb53,straight,0.37991467,0.030639648
e077ba17e5415754cc69244070598cc2,right-turn,66.14008,6.9179688
e081a869bcb3478ab06e61cdc9539376,lane-change-left,8.500835,2.5881348
e08ca04248b631525982475ad04f49be,straight,0.013672784,0.045898438
e08da8763b91fdf7af93a2e546b6d8a2,left-turn,30.680935,1.5039062
e099540f7bebcbf8d00283b11653bd1f,right-turn,32.525444,1.7277832
e09a3265281d69df590d16264f84b5dd,straight,0.37516126,0.39648438
e0b3a651f727595bc0d15a77c70de992,straight,0.12720445,0.1484375
e0c49a1e38f69ec95df4a789348efd45,left-turn,30.614614,3.2910156
e0cf2ced180ef390c7ee81e617556aff,right-turn,31.203478,1.8632812
e0d81fe8a4aa31f6407ef6a5c9370d54,right-turn,30.269922,3.8623047
e0dd247c92d566815695c62e8e8f17d2,straight,4.1125007,0.11279297
e0de66a6043cccba017ce688d4782508,straight,0.49590164,0.031982422
e0e52c8125e9067d9aaadb99fff2f7da,lane-change-right,9.508981,12.57312
e106f1afddfcba8823e719e55fd54242,straight,1.129404,0.009002686
e10739cbef97589fc3735575596bec66,lane-change-right,16.88195,2.5043945
e1486104f7d987d898d48930e3ba27bf,straight,1.9214602,0.044921875
e15d7ca56ee6f7889216a557995fe44c,straight,1.0446632,0.683136
e19100097ddae853c0e110e2c452401b,right-turn,30.658651,4.302246
e195f2d7388b3cd4e0134ca9e018b2b9,straight,0.06840378,0.39987183
e1a899bb4e41d5735a27a23e2687c540,lane-change-right,4.9540215,2.5246582
e1b0ce9c767753d7285a3d4cc8d465cb,right-turn,30.768873,2.824463
e1cc1421ce4e0a2317bc34a3957a1eb0,straight,0.16637647,0.30529785
e2019664f2bccf6f5a19de01c353f25b,straight,0.72258306,0.81640625
e22e1e4288bef78000a11b8423401aa7,lane-change-left,3.3459072,2.7097168
e23049502ac775ce177d9f75929d565c,right-turn,31.415207,1.8422852
e250118a80af8e6e714c918bfb366e7b,left-turn,30.98182,1.4003906
e28819eca00aaf884a86af5400ffbe39,lane-change-left,6.9019,2.5302734
e2e3375cb2fac92685ae9e9784407657,lane-change-left,5.048754,2.5292969
e307a9702be541141aacff5db0945de5,left-turn,31.009624,1.9648438
e32d17e44ab8eca74793308a124af5e6,lane-change-right,12.279527,13.707031
e33c1184c95b28e881f136535562e765,straight,1.4295406,1.6694336
e35fb33a1853440be0efb1d1c11278e3,right-turn,42.683056,4.3867188
e3b29f593ee9f0668824f5ef900a5d8b,lane-change-right,4.951161,2.8867188
e3cda98535cba69772780f8d9ef48b31,lane-change-left,5.7982907,2.6212769
e3e4bb3fd501869a55bbc926636bcec4,lane-change-left,7.7193966,2.5360107
e47f3a3a94fce23af135f5e7106717b1,straight,1.1352652,0.16042447
e4a95def5e065f490d4cf1a9a06bd6a3,lane-change-left,3.615626,3.9179688
e4e6b217323eb6f5a983de8e836d5d32,right-turn,38.298035,2.1996765
e4ec12bcecaee7039146c56dbc02d083,straight,1.4452611,1.0712891
e4fceb8f0b69090da53edd8e1b671c68,lane-change-right,2.9099865,2.543457
e507c9223f5d45d0bc0943dd97ac65c6,straight,0.9183921,0.74383545
e5b0127cfb1faa95765e237508a1889f,right-turn,30.938303,2.44812
e5c1c2fa8f2bc2b86aa27e2036aa0bf9,right-turn,30.980606,1.4472656
e5c2e1a1915d28b18fff7897d81d4921,lane-change-left,9.177677,2.6660156
e5d918360a637f679c9cc6e3b6bd03d5,left-turn,30.375175,2.175293
e5e4d0e2cc1b98ee6be533ae547e7584,right-turn,30.657433,2.965088
e60a31d12b71e88329f5596545818027,straight,0.0,0.0
e60b1bf673d5b0b333b637e7d69ca252,right-turn,30.06547,1.3193359
e610af11643bfb87dd8429e27060d6e2,right-turn,46.12118,9.461182
e61a9d3335a326f9244fa42800cbe907,left-turn,32.765533,2.5839844
e64ed62418386301127f9137ccd1470a,right-turn,31.01486,1.9472656
e64fdd060a1afa7f73c56727fe9fa6bd,straight,0.45446315,0.4025879
e653c66413770e8aa05129abacbf7d87,left-turn,37.72931,2.909668
e65985cb7cf33cb1208c99d7dc208d88,straight,0.13295312,0.0024414062
e693f1fc9bf84dd8ee5f769c68381c5f,lane-change-right,26.734903,6.283203
e697839b902fb1ffbbbff9e1226f8ba9,left-turn,33.305,1.6711426
e6a1530b518e717eae66720c2566ded3,right-turn,31.617477,1.8596649
e6a8bfad877fbfa85f86684b6e9c293d,lane-change-left,10.533557,2.5424194
e6d6e024e9af68a69ceefcfc47cd9358,right-turn,33.42013,1.90625
e6ee24773c31dd8e32c0e07785f4c02b,straight,0.38961238,0.16210938
e6ee90e767fe8dc7d26967bf91fa73e2,right-turn,31.711084,1.5136719
e6fcc4ef19753869bca9258ba5758b92,right-turn,30.89266,1.5836182
e7280feed123ce025747f1c080848e3b,straight,0.73129827,0.045898438
e761c2b47aa4c7c10edbed0a0305be0f,left-turn,31.261442,2.470848
e76895cdbef0dbeda92be0ac7b345a0c,right-turn,32.774376,2.3691406
e76b6f934b65bd85a8144dd537d567b9,straight,0.62259257,0.22363281
e7c68b4cf8c0cc6950fa9d7d1cc1d128,straight,0.062307622,0.038085938
e7d8db7bd526db3f58926ebdbd645471,straight,0.29298007,0.123046875
e7e0e015c535051158fc49b2a7fd4d42,left-turn,30.649178,2.336914
e7e3db0d08bfc7dfb93af489a5a5686c,straight,0.3021222,0.045898438
e7ea3d6ef63a08d3b675f1249c76a895,right-turn,37.499287,1.6940613
e81acca0a07ec7214433022896b3d65b,straight,1.8146254,0.8588867
e820880d95e9ffad0178cf5726ea081e,straight,0.05449793,0.005859375
e84867e70880d63e79c89f7938da72aa,lane-change-right,29.032118,15.432617
e84dd15e73c7434ce48ca2c15728e6f2,straight,0.7886454,0.15466309
e8adc7293c640346b8b0cbf167b91654,left-turn,31.6625,1.4519043
e8b25925011d4dffe7b23758da22a807,left-turn,30.450287,2.6190186
e8d7be811a92861bf06d4474ea71b7f3,left-turn,30.990492,3.4824219
e8dd4b927e761d20b76b90f44a9df86a,right-turn,30.184608,2.1606445
e8dfcc593f0120cb77a255d5b43bb320,right-turn,50.787964,28.718994
e8f63d05c060648228adaaa351f3b392,straight,0.3973552,0.15405273
e90c8f6e5864372b09d816302b45209b,straight,0.112651475,0.5904541
e920aa91d4d941352b5e126129874bbf,straight,0.50879776,0.28515625
e9247a21c8727c51ebbbedb9467c941f,left-turn,30.839685,1.7563477
e93b3b5fcad8b47ac89411f8987a8a08,straight,0.29841283,0.18164062
e93cd2fb77e66897f2dce6a4d6609321,right-turn,30.45448,1.9140625
e940a976d66568e205a5d1f54c8c9605,lane-change-left,3.4410121,2.583496
e9577d8944544a10212d1a517f6737e8,left-turn,31.573402,2.991211
e9675cb299c0aa55718343d74f879bb6,lane-change-right,4.071195,2.5366135
e9d68b1c3be7de7c9d6c3ba42f1d01a7,lane-change-right,6.1592903,2.5820312
e9e34d93c5946fa298ac514337b00333,lane-change-right,7.4130764,2.7046356
ea08baf7eaf287a881a2c90e9c274932,lane-change-left,5.509934,2.6088867
ea2425db0a8ecf1518e4be038b2be237,straight,0.0739837,0.011352539
ea2ca633ffc3bdfa14f4a6c3890e12bc,straight,0.7690679,0.0068359375
ea3e915598a2d9967ee9b89e2f48705f,lane-change-right,26.312265,2.6010742
ea419eaaef77d64ed33d8f63f5179af6,right-turn,31.730114,2.6646729
ea521034d81c263866938b5e8e0dd279,left-turn,32.463432,2.789795
ea980c5d86668bb6fddb5e870429ea35,left-turn,30.14694,3.631836
eabdd587d77f8941d4fee23edac3349c,left-turn,72.22425,27.081299
eaed728fbb81e33cab5f0fa703d7a9da,right-turn,30.436356,0.9199219
eaf2e69507d5d3265eab67e97175c789,lane-change-left,0.964058,3.2808838
eafc825f54925c9746bde6ffb7f64047,straight,0.53487056,0.43701172
eb0b7e82148c232bb2813bb714a10459,left-turn,32.129307,2.0641327
eb3f134344b631229335bff69e700218,right-turn,30.128977,1.5206604
eb674b2f2ce258f53e2024535677f9c9,left-turn,30.995752,2.2319336
eb76b10c25148e0587398b9bdbb78871,right-turn,33.040993,2.765625
eb7a066336492ad1de6627ca169b30a2,right-turn,30.43557,3.0351562
eb97c54fb06d7ff463058acf42abc982,straight,2.03408,0.3605957
eba7275939463d8fcdb6aecfc7ccbd20,straight,1.390059,0.171875
ebbfd48bfa7fc154b4ce89368b78beb5,right-turn,32.772175,1.578125
ebf8c3832f8954140649da11def77c19,straight,0.056227434,0.43554688
ec04592bc5c673cc060f6e705f80342a,straight,0.65674084,0.12817383
ec1956f75849a0a5532b597dd7cc216b,left-turn,30.838224,1.7089844
ec6e9d56a950e3b55fca73857695f3da,right-turn,52.63378,5.3618164
ec90d1e468f84f2c6392a4dd983bad09,straight,1.1155179,0.02734375
ec997d42ae3bd6606e498944d5f7ba09,left-turn,31.48966,2.4716797
ed01f7f66dc4f187d628ad15872edb42,left-turn,30.578917,2.2888184
ed04a9e2719d01930b8f79796117d167,straight,0.8537089,0.31640625
ed10d8b3707bf920fc25faa4943473ce,straight,0.7020262,0.22235107
ed3d8a78e7a094cd67d183315f3cd472,left-turn,31.793648,2.5020752
ed4eaa230bd2f2412f225b89656686c7,straight,1.0120887,0.115478516
ed87b1d2265c714a0e39f09daf9a6013,right-turn,31.343287,2.3532715
eda6536d434680a2ea5a0f09c6b5d239,left-turn,30.670057,17.655762
edd75a8835f26225f7034074a0c8f574,right-turn,30.493649,1.6801758
ede398b2c8feb3d9a16b0dcb957fe20a,straight,1.6331278,0.27856445
edfca8046ba8042ae69363693c6c94c7,left-turn,30.878696,0.7416611
ee1dbeb108509ebade4fa3da7320927e,right-turn,32.465027,1.2631836
ee3a1b43b3062dbaef9d4deb21b223bb,lane-change-right,7.757218,2.7109375
ee5afe721d89e725c4a96802afda139f,right-turn,57.111435,6.5820312
ee94643d5ffc944de2b64d29a1def7c7,lane-change-right,8.735751,5.176758
eeb774e8800c8f04b78c487aa181cf64,right-turn,31.831799,2.1855469
eeb9339d93fe83a761887f07685ba50e,left-turn,32.836407,1.8117676
eeb99f44ee3271d4a636406bcb921bf4,straight,2.5955431,0.76953125
eee93fb3fb903f9fb9793883ea93c9d3,lane-change-right,6.5174966,5.810547
eef3f461ca48276de01c1e048ca7b99f,right-turn,66.4039,11.0546875
ef175d9324e965a25ceb6dcd0fda96bf,straight,0.14047767,0.026611328
ef234de08b3b558f26331892e2d49802,straight,0.60885334,0.36914062
ef3d79e0c86e451425c9e9378474fee8,right-turn,30.942812,2.185669
ef3f39aaad990ddc1ba295c86c3dcd00,straight,0.102739066,0.026977539
ef6123ded27bb784e7de6dbf9415859c,left-turn,30.789248,2.057129
ef6611193fdee2cfd5a45167d2cbff84,straight,0.08104162,0.12359619
efa7e0ad98662d545b2e291723a715cc,straight,2.7729113,2.4824219
efd68ee6e7bd15d706a245a91467d30e,straight,0.33590996,0.041015625
eff9395cf5237e8323f0facc8fbbd205,lane-change-right,12.715508,10.9279785
f00d6654ccb04eb03e6bebea1eb55218,straight,0.043645654,0.021484375
f02d631faeb15ed5b9783f1860f3e9cd,left-turn,30.995,2.390625
f0340e8596856181f78aadf414526dbd,lane-change-left,2.958037,2.9804688
f052a157eda6ddeb45dea65b39612bc2,straight,1.2918619,0.35717773
f0655b6a579d085bd5725e90ab98ad0c,straight,0.056770153,0.0068359375
f07e576bd97eac85c90d33367508962c,lane-change-left,1.6974177,2.617981
f080f299ceb39381d9b76a49fc2a1aff,left-turn,32.13275,0.091796875
f0941b3325e0eaef565fe5a3ed43f664,straight,0.24870966,0.09863281
f09efb42934c6c14170004b74e6a54f3,right-turn,30.159231,2.2871094
f0a98e187786931e78f15c985d3e027d,lane-change-left,6.3789287,2.5810547
f0ed78dbc919763eb7a76cb829fe239a,right-turn,30.238152,1.0507812
f10b33b8f7a608f78650f27a2552f1f1,straight,0.8670134,0.062683105
f12b82eaa7acaeb7dacc9d945606a46a,straight,1.1844403,0.58447266
f13d51b433876ddc98d00f981d0100be,straight,0.84772974,0.30630493
f144dc2fc89614a0436b4ca846e0b31e,straight,1.0572149,0.1187911
f15306918e81c5b1995b27f8df01700e,left-turn,30.740929,2.4645996
f17e44388a430e099334c48f8df62601,right-turn,42.682022,20.146515
f1abe0ee357d0fa1037f2a9c0161447c,right-turn,31.929043,2.413086
f1df13fe6a92bcbb9a22ed93ea20cd35,straight,3.0282924,0.234375
f1f3805edea9c96cb8b900d6839aab79,left-turn,30.512888,1.1947021
f299afed65cc379fd9ce3bffa7b09411,lane-change-left,11.451791,2.5576172
f2ab14c1f44a47795333b84d59b1a480,straight,0.20586476,0.14086914
f2cf5028c7ff1f86dcbf92c2796205cc,left-turn,86.18624,14.562256
f338e5b5fc9732c0d541bbc315250106,left-turn,30.101984,1.8966064
f33c92dc46767fb4e3d99b934aad864c,right-turn,30.850956,2.131836
f36c2751405391a2710a02998da69880,lane-change-left,0.9944362,2.50708
f37cc34c4806622f53d53f61150c1f47,right-turn,31.025118,1.3255615
f389c72d7901053ee42ae901be13ade7,right-turn,30.972363,1.5454712
f3eb6e9c48ccebf45b17692c2aa0d386,lane-change-left,5.5787606,2.5683594
f40ac895f1a209ff29ac4fc06b43b8eb,straight,2.1448588,0.24359131
f40e9dda2c87bc4a0ba11a6dd3487ff8,right-turn,32.50264,2.1054688
f459a59cd5568a459180d520012f9fbb,left-turn,30.937452,2.2954102
f4dfda408923fedaeb96df8bf5ad3255,lane-change-right,1.7692128,2.5268555
f4ff3664c7a3103dfcffd9fe6bb10187,right-turn,31.656078,2.2827148
f4ff3730f823c402a3db17cca374f400,straight,0.4063462,0.00390625
f52bf1cf0f7859d280fcafee4ead10fd,straight,3.27655,0.11376953
f53d56864a28f546a53b385f76b4042d,straight,0.1596718,0.0041503906
f542b2d1e307ce19cba534ee690250c7,right-turn,30.561148,0.9399414
f553aef793ea96336ce91e261c842fe6,right-turn,30.655428,1.75
f57656d9d53e6a497256e0d095849aea,straight,0.43646786,0.27929688
f58e97e14aace50080ca50c8849625d5,left-turn,30.513544,3.5827637
f59440a3874adec6f240b6180c0fdb00,lane-change-right,2.3490152,2.5690918
f59ab7dcf301f322a9a42e767f536d0d,lane-change-left,3.5037317,2.5625
f5c2f0650b389b867b4db9a1848c2993,straight,0.45532274,0.036010742
f5e2788604dd78aaddbd3cc7bdf34594,straight,0.17807488,0.001953125
f5fbde703de95a5b9f373190f5d8c52b,right-turn,30.894232,2.4683838
f6222dc6ba43632c76552c2545a084fc,straight,0.38848636,0.09375
f658a3f4337a8c65c1bc1590434d7b04,lane-change-right,21.51489,3.0056152
f6ab303f56516e0bab25415a2c52c303,right-turn,30.511595,3.2235107
f6bf8d36f61885b18a32e2f7353e5f2c,lane-change-right,4.131535,2.5404053
f6f09a3c691729fcb32f080d294bbd58,straight,2.4349568,1.6054688
f6f6d6d47d06d03d59af3e5b938e9e48,lane-change-left,3.2618365,2.793457
f70628a3233d1a6f2e992cb1c7190308,right-turn,33.425743,1.7416992
f724e1663f6ab609108692952cab217a,left-turn,43.905876,8.869263
f728d48b0af90ea21d7aa1c959380f38,straight,0.3085163,0.00579834
f73fd5f0e4dfed53eb472a16fdaaaa1a,right-turn,30.766172,1.7568359
f75285f985f58ccfe7ea305d0c7f12e8,left-turn,31.195467,2.0043945
f76d3bb5e19a92fa7d66b77fee1b8f37,straight,0.1237297,0.011016846
f77bc11c6ab7f9795ea43272a8db16c1,lane-change-right,10.321035,2.775879
f7ae9ee5377ec0f01ab529c333ecd3c4,lane-change-right,6.9821405,2.5163574
f7c7e1fde07d93440317d9ac98594210,lane-change-right,6.339644,2.6230469
f7dcbc5da1550e1f5aa4b2647401414e,straight,1.9264818,0.40161133
f7f1aac198c7080e1196d69b15262259,straight,0.1229986,0.09887695
f8032bdcdd7c589daa2e07b1c83edc61,right-turn,31.665749,1.6210938
f81827f0ae34324c142cbed6589f8ae7,straight,0.013531924,0.0075683594
f846bbcf23f733b32662fa98b91fdb25,lane-change-right,10.081924,6.42041
f84beb164889ed34ede3f1edb8396cc2,left-turn,30.36285,10.138184
f8564575a12821c8c8eab75edcc03da5,left-turn,30.572676,4.0510254
f85ca14e9d35d6264e07a316ab634fe1,lane-change-right,9.002107,2.5080566
f87027591daa9da4e523573e70bbb384,lane-change-left,9.591847,2.5639648
f8735a7370584ed07275c59278f8a1d1,straight,0.6024929,0.7363281
f88cec7578537b3b0d84ce44526eea6b,left-turn,53.797546,8.604492
f8e6c441856e3e6cec334e8b17ba451d,straight,0.16961806,0.08105469
f91c1390c644dae7cc98356ca5bdc2d0,straight,0.34520888,0.0043945312
f94f6851a876b298cad8a17944ef0bbb,straight,0.4061874,0.17382812
f954f93ab91e654dbbdb64597a69dfc6,right-turn,30.382534,2.4453125
f9637bdf0ae1d5b1f09d77ec2b98b002,right-turn,33.747887,1.6513672
f96ea0e8ee70ab90176371877f4a7d19,right-turn,71.683914,12.760071
f97661f17c25bd23266c7f0f6cff08ce,straight,0.06573443,0.13720703
f98cd4e8b17bc8e49e435f5503975849,lane-change-right,7.175491,2.6210938
f98fc72e6c3fff85057a6fc1704f3134,left-turn,31.36129,3.0371094
f9c40b3c806bee54feb87c27c49731e3,right-turn,31.854847,1.5634766
f9c4eb19096ee5e47a4acc19b2d51d2f,straight,0.04757085,0.17382812
f9cca4c36b3375140c60839ac4905888,right-turn,31.214529,2.9326172
f9e127d1889a24db09f5513ebfa051fe,straight,0.12234224,0.19189453
f9f101f0a811d687d9c7c96bd53e41b9,straight,0.5140639,0.7348938
f9fe7a6b880506360e9d6f96e88da0e1,lane-change-left,10.31343,2.6914062
fa09d27b8189c4a401a80d32fe01d4c2,left-turn,31.794474,2.946289
fa1a4ebbbfa36b0a4527d8890e9aaefc,right-turn,32.92142,1.9331055
fa2c38636935aac2fa8674070533ff55,straight,2.6507182,1.1656494
fa5075ea2c614c1d56ff273d8609ea93,straight,0.08522503,0.17456055
fa73901ffc76202c0e62cf9b865984dc,lane-change-right,6.1222057,2.508789
faaf14be4cff96c260277fd9ec9fbd5d,lane-change-left,8.873251,2.5078125
facd975a91c2968631debb9bf5139b6e,right-turn,31.275776,2.6223145
fad2227d27efb72b368bf671963c5f5e,lane-change-right,8.428702,2.5454102
fb1644950fc8058dfa428488d95f304d,lane-change-right,5.3860817,2.503418
fb2fecbf04665907b232dd343daa2131,left-turn,30.124483,3.3710938
fb3f516c5df1fe98a9315038a8a161d1,left-turn,31.457022,1.5576172
fb4fdcdf21a04aa3531df3df83e7d711,right-turn,31.272528,1.6400757
fb584490cd8183c5e747f6aa177a8a21,left-turn,30.386831,7.596405
fb9b418bd431a53ce572d2d8f1e686d5,left-turn,31.869658,1.0292969
fb9df2955a6b4da8b41d4dd269dda4dc,straight,0.7014532,0.15673828
fba3675090613903c85ee06d007ef8c0,straight,0.18833593,0.04736328
fba6a9c6caaef153d331c7df602f1d6d,straight,0.15215534,0.0059814453
fbab5ee384b6a6c98e2557b0a6642fac,right-turn,30.284111,0.32763672
fbee6c99b82f8ba384e4e7374f38c8ab,lane-change-left,3.778498,2.6152954
fc04e809a46de174a942f4e73b739f4a,lane-change-left,9.378355,2.5332031
fc59daf1d925da7fdc5d88f0cca0135c,lane-change-right,9.354126,2.5532227
fc638bd4304ecb10796c246859ee3685,right-turn,44.48073,2.807129
fc7234428ad9a22a5fd4b48d3392bbfb,lane-change-left,5.4171195,2.5
fca8dbfb6468d96a5e1d4fb784dc2954,right-turn,35.646694,13.126953
fcbd00fd4f606a2b4df7f47f5198f90a,lane-change-left,14.160597,8.122086
fcc3695b470dbc122f6e85594edb206a,left-turn,30.218086,3.7182312
fcd4b67a36c2c197ac04fe32a4807201,left-turn,33.29743,24.37793
fd124ac159c8ece06a21291da6a8da5f,right-turn,32.337322,1.5505371
fd1eab7835c1a32a71c4d57979b17e7f,straight,0.5181454,0.35742188
fd3f8d46962ab26a01244a558d41d56b,right-turn,31.418144,1.2490234
fd528a1b356e3b453ecb3c585ba99ce8,straight,0.04607723,0.012084961
fd764f285b1a8f4b3e5840c76636a1fe,right-turn,30.174719,1.664856
fd81896e8ae6152192bcf44f5b117053,straight,0.14478603,0.087890625
fdf63d20086b5c4b5706bcefa4f3c183,lane-change-left,9.287957,2.5
fe386a9ed6cfee14655e91c86355af54,straight,0.59197205,0.04208374
fe46effc625f82b12d62a1c32c49f543,lane-change-right,2.8587499,3.0737305
fe8294523a58dcaa33d361811a438293,lane-change-left,9.623675,2.5410156
fec0c6803fe96287eaa39ecf2bf9f198,straight,4.0545554,2.251892
fedb5012a62e2baa63e1261be3c44f72,straight,0.033314005,0.011230469
feecefad9b65b3edc8efc0a32dc7bc67,lane-change-right,12.379379,2.722931
ff009fdec78b5305453664e3c5174460,right-turn,32.1395,2.71875
ff02dea4f3dae8e8f6ddf3c787caff11,straight,5.9799056,0.75390625
ff09933579ff7254195bf437753d8364,right-turn,59.406147,15.411072
ff5fb8bfcd0528c1908a5ba0c2cf688e,right-turn,30.140476,1.4589844
ff7374f87268cb00710da9fc503bc2c5,left-turn,30.017881,1.9685059
ffc4c3c85df527c28416b8e0136a79ae,left-turn,32.027626,1.6582031
ffdafd3df2e1e26f80d70e7aa734db59,right-turn,30.730074,7.1049805
ffe20ef8b99860d4a210701c042c5f27,straight,2.924379,0.3996582
ffe25643a2fdd9e0de7979bec097f4eb,left-turn,31.357,1.6279297
ffff955adb3439f10b2b57fb55d9f10c,left-turn,30.353083,1.614502
